account_id,created_at,seat_role,is_workspace_owner,signup_source,country,created_by_admin,email_domain,plan,mrr
acc_980819868885,2026-05-08T15:46:16Z,admin,false,(organic),SG,false,ridgetech.co.uk,free,0
acc_55299f40780f,2026-05-11T18:21:32Z,agent,false,(organic),NL,false,icloud.com,free,0
acc_fa9c0481ff64,2026-02-26T17:55:34Z,owner,true,(organic),IN,false,summitpartners.com,free,0
acc_98bf27470cea,2026-03-03T11:02:27Z,owner,true,q3-search,US,false,lumenio.com,free,0
acc_e9fa2ce09293,2026-06-05T09:51:29Z,agent,false,(organic),NL,false,brightsolutions.co,free,0
acc_3cc6deca5a71,2026-05-30T20:44:57Z,admin,false,(organic),US,false,icloud.com,free,0
acc_c9652d44dc50,2026-07-28T10:12:27Z,admin,false,(organic),ES,false,kestrelsolutions.com,free,0
acc_be848e3726c7,2026-03-11T02:31:27Z,agent,false,(organic),NL,false,icloud.com,free,0
acc_cf90d29eb271,2026-02-25T18:50:29Z,agent,false,q3-search,GB,false,copperworks.de,free,0
acc_75aa48052611,2026-04-07T17:27:51Z,admin,false,q3-search,IN,false,brightio.de,free,0
acc_922c44f98eaf,2026-04-02T21:18:31Z,admin,false,partner-directory,CA,false,verano-software.nl,free,0
acc_9b77cfa11876,2026-05-14T10:10:42Z,agent,false,(organic),BR,false,nimbuspartners.ai,free,0
acc_a965cc4c2575,2026-07-11T16:55:37Z,agent,false,(organic),SG,false,lattice-systems.com,free,0
acc_c9c645973af0,2026-05-21T10:02:23Z,agent,false,partner-directory,AU,false,atlas-labs.net,free,0
acc_5b87b3db889c,2026-02-28T12:27:28Z,admin,false,partner-directory,US,false,solaceapp.io,free,0
acc_bd6e78cd0bec,2026-04-22T09:14:27Z,agent,false,(organic),GB,false,alpinestudio.io,free,0
acc_d4ae31e4ee93,2026-02-09T11:14:53Z,owner,true,(organic),GB,false,alpine-studio.de,free,0
acc_93c4e14da71e,2026-04-26T13:55:15Z,owner,true,partner-directory,CA,false,icloud.com,team,149
acc_f8ca9214180a,2026-06-05T10:47:58Z,admin,false,partner-directory,IE,false,outlook.com,free,0
acc_d530cad439f9,2026-04-23T11:55:48Z,agent,false,q3-search,PL,false,vertex-systems.co.uk,free,0
acc_1e3189db811b,2026-03-02T17:24:09Z,owner,true,q3-search,IN,false,icloud.com,free,0
acc_2250cd601f36,2026-06-07T01:35:14Z,agent,false,(organic),US,false,ridge-solutions.net,free,0
acc_d50512cb44e1,2026-07-05T07:29:01Z,owner,true,docs,DE,false,icloud.com,free,0
acc_a61c7ec9e911,2026-04-06T09:58:49Z,admin,false,(organic),US,false,basillabs.com,free,0
acc_20a0927e1bf8,2026-04-14T22:27:40Z,agent,false,q3-search,GB,false,ridge-tech.nl,free,0
acc_61c3e5210d66,2026-07-19T14:16:44Z,agent,false,(direct),US,false,verano-hq.net,free,0
acc_118a526ba640,2026-02-25T13:41:26Z,admin,false,partner-directory,ES,false,yahoo.com,free,0
acc_c4b4566f2528,2026-02-27T13:09:04Z,agent,false,(direct),SE,false,orbit-studio.com,free,0
acc_6ed6e3d59eff,2026-02-17T19:21:07Z,agent,false,(direct),PL,false,bright-app.nl,free,0
acc_dcd42946e199,2026-02-24T09:48:07Z,agent,false,(organic),IN,false,brightio.de,free,0
acc_ec56a910cac5,2026-07-18T14:14:12Z,agent,false,partner-directory,BR,false,latticedigital.nl,free,0
acc_ddc4c9517172,2026-03-28T17:04:19Z,admin,false,q3-search,FR,false,atlascloud.com,free,0
acc_1918fdf3f755,2026-04-12T20:16:34Z,admin,false,(direct),US,false,onyxdigital.de,free,0
acc_62eeef33f179,2026-05-24T04:46:58Z,agent,false,(organic),US,false,yahoo.com,free,0
acc_2c46e74cbd9a,2026-02-22T20:21:18Z,agent,false,q3-search,US,false,yahoo.com,free,0
acc_698bcd78d697,2026-03-21T13:55:34Z,admin,false,(organic),CA,false,icloud.com,free,0
acc_03de5bfb4305,2026-07-15T15:02:07Z,admin,false,docs,US,false,north-io.co,free,0
acc_baf81725a0e6,2026-03-17T22:34:24Z,agent,false,(organic),US,false,yahoo.com,free,0
acc_c1146ea513c6,2026-07-20T13:55:33Z,agent,false,(organic),IE,false,atlascloud.com,free,0
acc_65a3e349e465,2026-02-15T08:55:03Z,agent,false,docs,AU,false,forgesolutions.net,free,0
acc_72bd7f1efba6,2026-04-19T08:11:17Z,agent,false,q3-search,US,false,gmail.com,free,0
acc_3f541333e422,2026-03-13T15:04:49Z,agent,false,(organic),NL,false,proton.me,free,0
acc_52ec180ca7bf,2026-06-06T10:50:22Z,agent,false,(organic),SG,false,outlook.com,free,0
acc_0957c0940ab1,2026-02-08T12:49:24Z,agent,false,(organic),CA,false,kestrelsoftware.com,free,0
acc_2c881638eb5c,2026-06-06T23:47:34Z,owner,true,docs,US,false,ridge-group.nl,free,0
acc_ef89e4105d8c,2026-07-21T10:49:18Z,owner,true,(direct),IN,false,proton.me,free,0
acc_223f14f5f62f,2026-07-18T18:23:09Z,admin,false,(direct),GB,false,gmail.com,free,0
acc_5f911fbac538,2026-03-17T10:16:01Z,owner,true,partner-directory,AU,false,outlook.com,free,0
acc_c4084621f98d,2026-06-28T18:22:50Z,agent,false,(organic),US,false,stacktech.ai,free,0
acc_bf88268bffb5,2026-06-08T10:00:25Z,admin,false,(direct),DE,false,vertexworks.co,free,0
acc_0a0b60bcbc56,2026-05-24T14:26:21Z,admin,false,(organic),ES,false,hotmail.com,free,0
acc_ccddc704c7f7,2026-05-28T07:42:14Z,agent,false,q3-search,US,false,marlowio.de,free,0
acc_34ae812d1201,2026-06-23T18:49:55Z,owner,true,docs,GB,false,gmail.com,free,0
acc_39f4aae2a071,2026-04-08T10:46:09Z,owner,true,partner-directory,FR,false,icloud.com,free,0
acc_6f7876854450,2026-06-29T10:30:01Z,admin,false,q3-search,CA,false,hotmail.com,free,0
acc_050750ff3625,2026-07-08T10:51:07Z,agent,false,(direct),IE,false,outlook.com,free,0
acc_f573e6944510,2026-07-30T10:36:33Z,admin,false,(organic),US,false,gmail.com,free,0
acc_aa50a76ab52c,2026-05-10T23:41:38Z,agent,false,(organic),IE,false,orbittech.co,free,0
acc_592116af090a,2026-06-22T12:47:22Z,agent,false,(organic),IN,false,icloud.com,free,0
acc_6426091608ab,2026-02-28T08:23:26Z,agent,false,partner-directory,US,false,outlook.com,free,0
acc_bb2481df9884,2026-05-25T21:00:04Z,agent,false,docs,DE,false,forgepartners.de,free,0
acc_0a3e2cd36763,2026-03-25T16:37:31Z,agent,false,(direct),SE,false,northtech.nl,free,0
acc_ec3387542858,2026-06-20T12:31:16Z,owner,true,docs,NL,false,lumenworks.co,free,0
acc_66306c778001,2026-07-31T20:21:34Z,agent,false,(organic),IN,false,hotmail.com,free,0
acc_90ad35091548,2026-04-09T19:54:36Z,agent,false,docs,IE,false,harborapp.de,free,0
acc_c1214560d4dd,2026-04-13T13:09:40Z,admin,false,(direct),GB,false,basilhq.ai,free,0
acc_5686213c369c,2026-06-19T17:40:22Z,agent,false,(organic),DE,false,marlowio.de,free,0
acc_b222e77fdadb,2026-04-25T14:16:01Z,owner,true,docs,FR,false,summit-io.com,free,0
acc_beafb638db8e,2026-05-20T10:35:49Z,agent,false,(organic),CA,false,harbor-studio.com,free,0
acc_d64daf9e5248,2026-07-03T11:01:00Z,agent,false,q3-search,NL,false,basillabs.nl,free,0
acc_caf805829fb9,2026-07-19T21:31:16Z,admin,false,(organic),SG,false,basilsolutions.co,free,0
acc_dd5471deeb07,2026-07-05T17:27:18Z,agent,false,q3-search,US,false,northstudio.com,free,0
acc_afa68376b595,2026-04-10T12:44:18Z,agent,false,docs,IN,false,nimbus-io.com,free,0
acc_436f1e96ef48,2026-07-31T15:32:47Z,agent,false,(direct),GB,false,junolabs.ai,free,0
acc_c609c2d5fbb6,2026-05-07T18:51:28Z,agent,false,partner-directory,DE,false,juno-solutions.net,free,0
acc_71e134d1c02c,2026-02-09T20:47:29Z,agent,false,q3-search,US,false,proton.me,free,0
acc_95ec8166bfac,2026-05-02T09:48:30Z,agent,false,q3-search,IE,false,glidesystems.ai,free,0
acc_96ae542c5dd2,2026-02-13T16:27:37Z,agent,false,(organic),CA,false,solacesolutions.co,free,0
acc_ce609c93ce90,2026-06-04T15:51:16Z,admin,false,q3-search,GB,false,hotmail.com,free,0
acc_8aef3b029f96,2026-05-09T22:24:19Z,admin,false,docs,CA,false,junoworks.io,free,0
acc_e3132a2a5802,2026-04-18T15:00:54Z,owner,true,(organic),AU,false,orbit-digital.com,team,149
acc_88832a924b8a,2026-02-04T10:02:42Z,agent,false,(organic),GB,false,copperworks.de,free,0
acc_31daecc51fa4,2026-07-09T04:47:48Z,admin,false,(organic),CA,false,harbor-solutions.ai,free,0
acc_6458c438bfdd,2026-06-15T14:34:06Z,agent,false,docs,US,false,basilstudio.io,free,0
acc_15c90c52b237,2026-06-06T09:58:31Z,agent,false,(organic),AU,false,ridge-co.net,free,0
acc_f02db63dda2a,2026-06-11T09:07:33Z,admin,false,q3-search,US,false,vertexio.co.uk,free,0
acc_98ee0a2d406e,2026-05-08T08:04:46Z,owner,true,docs,US,false,harbor-works.io,free,0
acc_3292e5041bc3,2026-06-09T19:46:05Z,admin,false,(organic),US,false,orbitio.net,free,0
acc_509baf631881,2026-07-17T09:58:28Z,agent,false,(direct),SE,false,marlowlabs.nl,free,0
acc_1d3a7477febd,2026-05-21T21:42:59Z,agent,false,q3-search,US,false,summithq.com,free,0
acc_935459e32026,2026-03-30T12:22:48Z,owner,true,(direct),FR,false,hotmail.com,team,149
acc_0022fbb424b5,2026-06-02T06:40:01Z,agent,false,q3-search,US,false,pilot-works.co.uk,free,0
acc_5b475cf11dab,2026-03-09T17:26:04Z,admin,false,partner-directory,NL,false,meridianpartners.ai,free,0
acc_189b1a555a17,2026-06-25T16:02:39Z,agent,false,q3-search,DE,false,icloud.com,free,0
acc_8e679f71721b,2026-05-26T16:56:17Z,agent,false,q3-search,CA,false,proton.me,free,0
acc_7f4627ab3d1f,2026-07-16T09:35:06Z,admin,false,(direct),US,false,cedarsolutions.de,free,0
acc_f64505eaccbb,2026-07-08T09:06:52Z,owner,true,q3-search,IN,false,tandem-partners.net,free,0
acc_a5d5fbe3b044,2026-07-18T22:38:25Z,agent,false,(organic),PL,false,gmail.com,free,0
acc_e4b0da61d409,2026-07-07T15:56:12Z,agent,false,(organic),CA,false,cedar-studio.ai,free,0
acc_8cb042bdab4b,2026-05-13T10:57:34Z,admin,false,q3-search,IN,false,yahoo.com,free,0
acc_1c5abd646add,2026-03-02T18:29:36Z,owner,true,(organic),DE,false,yahoo.com,free,0
acc_ed9f1bee508c,2026-03-19T10:07:23Z,agent,false,(organic),SG,false,tempo-co.ai,free,0
acc_ade5a6b37029,2026-04-07T13:05:04Z,agent,false,q3-search,IN,false,alpine-labs.nl,free,0
acc_2f31c68f6896,2026-07-23T15:23:41Z,admin,false,docs,US,false,hotmail.com,free,0
acc_d3953c9f9ffc,2026-07-12T17:05:26Z,agent,false,(organic),PL,false,marlow-works.co,free,0
acc_ff3395b120b7,2026-03-20T19:18:22Z,agent,false,(organic),GB,false,glide-hq.com,free,0
acc_b393c6e327b3,2026-07-27T08:19:46Z,owner,true,partner-directory,US,false,tandemco.io,free,0
acc_dd9f89e1629c,2026-07-07T15:59:37Z,admin,false,q3-search,US,false,proton.me,free,0
acc_80a6005f8e7c,2026-07-11T15:26:06Z,agent,false,q3-search,DE,false,proton.me,free,0
acc_ce46c443d084,2026-06-10T13:45:41Z,admin,false,partner-directory,DE,false,hotmail.com,free,0
acc_a36bd9bdb659,2026-06-13T09:17:54Z,agent,false,(organic),US,false,cedar-software.com,free,0
acc_a25c51cfaf39,2026-07-07T13:37:44Z,agent,false,(organic),CA,false,pilotcloud.de,free,0
acc_601a303bf5ba,2026-07-23T12:41:49Z,owner,true,docs,FR,false,quilldigital.com,free,0
acc_7b32cb83e307,2026-06-10T09:24:55Z,admin,false,q3-search,FR,false,solaceworks.nl,free,0
acc_798f8187058a,2026-04-09T15:38:01Z,agent,false,partner-directory,GB,false,veranosystems.com,free,0
acc_6195ecb32652,2026-02-21T09:18:16Z,admin,false,(organic),GB,false,proton.me,free,0
acc_f8868170809f,2026-02-15T16:14:05Z,agent,false,(organic),US,false,yahoo.com,free,0
acc_e210caadd097,2026-06-27T18:41:22Z,agent,false,docs,SE,false,yahoo.com,free,0
acc_5d5490b58265,2026-02-24T13:01:14Z,owner,true,(direct),US,false,junocloud.nl,free,0
acc_85d8ff84fdf6,2026-05-19T01:33:50Z,owner,true,q3-search,FR,false,vertex-labs.de,free,0
acc_14a4bcc8ed2e,2026-03-07T19:13:53Z,agent,false,partner-directory,CA,false,icloud.com,free,0
acc_69dea66965fd,2026-07-21T09:49:12Z,admin,false,q3-search,US,false,outlook.com,free,0
acc_99c11d191582,2026-03-26T15:54:49Z,agent,false,(organic),SE,false,proton.me,free,0
acc_552dc03f8828,2026-04-18T13:21:39Z,owner,true,partner-directory,US,false,tandemworks.ai,business,399
acc_85ea501d3a34,2026-03-07T10:39:24Z,owner,true,(organic),US,false,junoio.com,free,0
acc_e2638f3b5f35,2026-05-01T23:13:44Z,agent,false,(organic),FR,false,alpinelabs.co,free,0
acc_01d7695a7e8e,2026-02-11T15:12:13Z,agent,false,q3-search,US,false,stackhq.com,free,0
acc_51847b963225,2026-07-23T00:43:44Z,agent,false,(direct),FR,false,proton.me,free,0
acc_fa48f5e7c7b5,2026-02-10T14:07:02Z,owner,true,q3-search,PL,false,icloud.com,free,0
acc_6aa8dec44dc1,2026-06-19T09:41:22Z,agent,false,(direct),GB,false,piercloud.nl,free,0
acc_054a61f87108,2026-05-16T22:43:14Z,agent,false,q3-search,NL,false,proton.me,free,0
acc_93be94b16e22,2026-06-06T15:46:34Z,admin,false,partner-directory,GB,false,yahoo.com,free,0
acc_8af53ef007a8,2026-04-30T22:51:11Z,owner,true,(organic),AU,false,proton.me,free,0
acc_8502703be476,2026-05-30T10:54:17Z,agent,false,q3-search,IN,false,pilot-group.co,free,0
acc_81b54d14ff6a,2026-03-09T15:36:53Z,agent,false,docs,NL,false,gmail.com,free,0
acc_3c674445b02c,2026-04-07T19:55:46Z,agent,false,partner-directory,IN,false,meridiantech.com,free,0
acc_87b9e4a0f41b,2026-04-11T13:21:18Z,admin,false,docs,DE,false,outlook.com,free,0
acc_a15d0853d7fe,2026-07-08T20:28:05Z,agent,false,(organic),GB,false,northhq.co,free,0
acc_e80065962de6,2026-05-21T15:14:10Z,agent,false,(direct),FR,false,yahoo.com,free,0
acc_0e36233fa6a3,2026-04-25T14:26:25Z,admin,false,(organic),SE,false,stack-group.io,free,0
acc_18dd016d7c1c,2026-03-28T07:53:41Z,admin,false,partner-directory,US,false,atlassystems.net,free,0
acc_d30a095195ca,2026-07-05T17:25:42Z,agent,false,q3-search,US,false,alpinepartners.de,free,0
acc_2cb4eae0d7e9,2026-04-12T13:03:18Z,agent,false,(organic),GB,false,proton.me,free,0
acc_1ae8dfdacbdf,2026-02-16T16:39:47Z,admin,false,docs,DE,false,verano-solutions.com,free,0
acc_ea4a6e3ad1a9,2026-06-23T01:48:57Z,agent,false,(organic),IN,false,atlastech.de,free,0
acc_6dd25ff6ee3e,2026-07-22T18:13:31Z,agent,false,(organic),US,false,harborgroup.co.uk,free,0
acc_4ad20d08c41b,2026-06-08T23:48:25Z,owner,true,(direct),CA,false,vertex-systems.co.uk,free,0
acc_07ac87367ed3,2026-06-07T14:49:44Z,agent,false,q3-search,FR,false,vertex-systems.co.uk,free,0
acc_5c1f1e8ed1ec,2026-07-09T01:53:18Z,admin,false,(organic),GB,false,basilhq.co,free,0
acc_0a0b4ee95032,2026-02-20T10:07:58Z,agent,false,docs,NL,false,yahoo.com,free,0
acc_7d6b61dd5302,2026-05-08T16:28:32Z,admin,false,docs,AU,false,hotmail.com,free,0
acc_f5265db6a111,2026-03-09T19:20:19Z,agent,false,(direct),BR,false,proton.me,free,0
acc_f6ffcfa4f601,2026-05-25T12:02:47Z,owner,true,(direct),CA,false,icloud.com,free,0
acc_253bc2159005,2026-07-19T17:10:52Z,admin,false,(organic),CA,false,basilhq.ai,free,0
acc_5a329e751e94,2026-06-19T15:37:18Z,owner,true,docs,PL,false,cedarsystems.com,free,0
acc_8458117c3f38,2026-06-19T10:45:43Z,agent,false,(organic),FR,false,tempoworks.com,free,0
acc_ff28280f5112,2026-06-08T09:23:40Z,agent,false,(organic),NL,false,pier-studio.co.uk,free,0
acc_951e60d5b7f0,2026-06-16T19:21:45Z,agent,false,(organic),DE,false,ridge-studio.io,free,0
acc_b6b09a65f37b,2026-02-16T19:53:49Z,agent,false,(organic),GB,false,ridgesolutions.com,free,0
acc_7602d4ed9afc,2026-05-12T10:46:54Z,owner,true,docs,SG,false,atlas-group.co.uk,free,0
acc_4db700cdffab,2026-03-07T18:00:11Z,agent,false,(organic),BR,false,yahoo.com,free,0
acc_7e0e9ae9620f,2026-05-22T17:59:39Z,agent,false,q3-search,GB,false,verano-app.net,free,0
acc_b6df5618bfa0,2026-04-07T07:48:51Z,admin,false,(organic),US,false,piergroup.io,free,0
acc_71a6f4f1e64d,2026-07-28T10:51:12Z,agent,false,(direct),PL,false,lumenstudio.net,free,0
acc_8bae4cd6bb24,2026-03-07T14:09:28Z,admin,false,(direct),US,false,basillabs.nl,free,0
acc_75054e7b434f,2026-05-29T16:52:48Z,agent,false,(organic),IN,false,nimbustech.io,free,0
acc_908504b5bc48,2026-06-16T19:15:24Z,agent,false,(organic),IN,false,yahoo.com,free,0
acc_0bc4cdd247ab,2026-04-18T14:17:57Z,admin,false,docs,PL,false,icloud.com,free,0
acc_94ece7ec687b,2026-06-30T17:45:44Z,owner,true,(direct),US,false,cedarsoftware.com,free,0
acc_2708bb53ec7c,2026-07-10T13:18:34Z,owner,true,(direct),US,false,outlook.com,starter,49
acc_38629b3524a9,2026-07-21T16:57:28Z,admin,false,q3-search,ES,false,forgeio.com,free,0
acc_d719bd8ea2e2,2026-02-25T21:40:27Z,owner,true,(direct),US,false,proton.me,free,0
acc_b8f832cc9ebf,2026-02-14T10:34:13Z,agent,false,(organic),CA,false,latticesystems.com,free,0
acc_4daf0546a294,2026-07-12T17:49:04Z,admin,false,q3-search,ES,false,north-studio.co,free,0
acc_b1be82be700c,2026-06-26T16:39:38Z,agent,false,q3-search,US,false,outlook.com,free,0
acc_ab1aa29715d0,2026-06-21T17:13:21Z,agent,false,(organic),NL,false,kestrel-partners.co.uk,free,0
acc_8b869059cd3a,2026-05-18T07:22:30Z,owner,true,(direct),IN,false,atlasstudio.co,free,0
acc_ea4c5c2a70ec,2026-07-15T14:07:57Z,agent,false,(organic),GB,false,proton.me,free,0
acc_78915829bb5a,2026-06-18T07:01:48Z,owner,true,q3-search,BR,false,orbitgroup.com,free,0
acc_9ed1cdd544d2,2026-06-10T21:47:44Z,admin,false,partner-directory,US,false,cedarhq.net,free,0
acc_6c27c62d2a32,2026-02-23T14:09:40Z,admin,false,partner-directory,NL,false,outlook.com,free,0
acc_5c3b6fdb7ca4,2026-02-11T22:15:33Z,agent,false,q3-search,IN,false,gmail.com,free,0
acc_e4c7c568b267,2026-03-07T15:20:20Z,admin,false,q3-search,AU,false,tempo-studio.com,free,0
acc_a73c9910485f,2026-05-14T02:26:57Z,owner,true,partner-directory,GB,false,ridgetech.co.uk,free,0
acc_5ad6dbd04614,2026-04-11T06:04:46Z,agent,false,q3-search,IN,false,hotmail.com,free,0
acc_7c63bc6d8817,2026-06-20T17:21:18Z,agent,false,(organic),DE,false,basil-partners.net,free,0
acc_454a807cba97,2026-03-21T19:03:07Z,agent,false,(direct),US,false,cedarapp.com,free,0
acc_bb0c5e2c6692,2026-07-26T18:58:53Z,owner,true,partner-directory,ES,false,forgeio.net,free,0
acc_f58d2a6586c2,2026-04-28T07:41:41Z,owner,true,partner-directory,ES,false,yahoo.com,free,0
acc_959c98ffc422,2026-05-15T14:26:13Z,agent,false,(organic),CA,false,yahoo.com,free,0
acc_1e9226ec8bef,2026-02-23T00:52:09Z,owner,true,partner-directory,US,false,tempo-labs.co.uk,free,0
acc_0b7f5aa36bae,2026-03-17T18:12:18Z,agent,false,(organic),CA,false,gmail.com,free,0
acc_9f1bac11601d,2026-03-21T14:56:29Z,owner,true,(direct),IN,false,nimbus-digital.com,free,0
acc_d1cd46b4e915,2026-06-27T20:53:49Z,agent,false,(direct),PL,false,harborgroup.co.uk,free,0
acc_8a404224584e,2026-02-10T14:04:27Z,owner,true,(organic),GB,false,outlook.com,starter,49
acc_90c466bc65e8,2026-05-17T17:23:20Z,owner,true,docs,US,false,glidegroup.nl,free,0
acc_09d7c3e9492a,2026-07-25T16:05:44Z,owner,true,(organic),AU,false,forge-cloud.com,free,0
acc_871b9dcab3c7,2026-02-20T10:39:12Z,owner,true,(organic),SG,false,ridge-group.com,free,0
acc_d27442de202e,2026-05-05T23:44:24Z,owner,true,docs,IN,false,basil-labs.ai,free,0
acc_45509c72f6d2,2026-05-14T11:21:39Z,owner,true,(direct),NL,false,harbor-hq.com,free,0
acc_ec49d887b3a5,2026-05-12T17:41:26Z,agent,false,(direct),US,false,quill-app.com,free,0
acc_84cf019479fd,2026-05-08T17:38:49Z,agent,false,docs,IN,false,kestrel-app.com,free,0
acc_30dcb8bec162,2026-06-05T15:33:02Z,agent,false,(organic),BR,false,lumen-software.ai,free,0
acc_059571cd54b3,2026-03-08T23:51:04Z,admin,false,partner-directory,US,false,vertex-works.com,free,0
acc_2cc028860cbd,2026-02-13T08:37:43Z,owner,true,partner-directory,NL,false,orbit-tech.net,free,0
acc_5f657a1abfe6,2026-06-15T05:06:48Z,agent,false,(organic),SE,false,hotmail.com,free,0
acc_27f5430a0849,2026-04-13T11:23:11Z,agent,false,q3-search,BR,false,pier-group.net,free,0
acc_9c55e12d195b,2026-07-22T10:50:24Z,admin,false,partner-directory,GB,false,latticesolutions.net,free,0
acc_9a93e7b97fb0,2026-07-05T19:53:15Z,owner,true,(organic),US,false,hotmail.com,free,0
acc_8e59fed9f120,2026-06-21T20:18:33Z,owner,true,(organic),US,false,marlow-app.com,free,0
acc_e6454540da1e,2026-02-19T15:28:15Z,owner,true,q3-search,CA,false,copper-systems.io,free,0
acc_43c8387c7485,2026-03-11T08:55:48Z,owner,true,q3-search,ES,false,forge-software.com,starter,49
acc_d408059e6c1c,2026-05-25T13:50:56Z,agent,false,partner-directory,GB,false,copper-studio.io,free,0
acc_55c850672c92,2026-03-02T10:57:03Z,agent,false,q3-search,BR,false,gmail.com,free,0
acc_a0e04aeb3201,2026-07-28T13:30:42Z,agent,false,(organic),PL,false,stack-solutions.de,free,0
acc_50a4885102f6,2026-05-03T18:55:55Z,admin,false,(organic),SE,false,harbortech.de,free,0
acc_cbe5bdbf282c,2026-05-01T08:48:26Z,owner,true,partner-directory,PL,false,pilot-cloud.de,free,0
acc_000499b1924c,2026-07-03T09:05:03Z,admin,false,partner-directory,ES,false,forge-cloud.com,free,0
acc_dc13177c3163,2026-06-23T20:50:00Z,agent,false,q3-search,NL,false,yahoo.com,free,0
acc_a93a73be64d3,2026-04-21T16:22:37Z,admin,false,(organic),GB,false,northstudio.co.uk,free,0
acc_a87b3e616053,2026-06-15T19:55:49Z,agent,false,partner-directory,US,false,icloud.com,free,0
acc_61860209064e,2026-07-07T18:00:16Z,agent,false,(organic),CA,false,pilotdigital.com,free,0
acc_5f9c1a7c83a6,2026-02-23T12:18:11Z,agent,false,(organic),GB,false,ridgesoftware.com,free,0
acc_1a2e60e07d12,2026-07-14T11:53:17Z,agent,false,docs,ES,false,gmail.com,free,0
acc_8e1df0ab8e99,2026-04-25T15:47:59Z,owner,true,(organic),DE,false,copper-works.nl,starter,49
acc_8bce5f2085c6,2026-07-30T21:35:24Z,admin,false,partner-directory,IN,false,gmail.com,free,0
acc_0d06682f0662,2026-02-18T08:40:28Z,agent,false,(organic),US,false,glidestudio.de,free,0
acc_235befeaee80,2026-04-14T15:02:33Z,owner,true,(direct),DE,false,forge-works.com,starter,49
acc_a4d223484961,2026-05-21T12:00:14Z,agent,false,(direct),US,false,outlook.com,free,0
acc_abbc327341d7,2026-05-29T15:18:18Z,admin,false,(direct),US,false,meridiantech.com,free,0
acc_de1b5256550f,2026-06-26T16:32:19Z,admin,false,docs,PL,false,cedarlabs.ai,free,0
acc_c8b9fb4a618a,2026-04-15T19:44:06Z,agent,false,(organic),CA,false,outlook.com,free,0
acc_bb1d680f2d58,2026-07-26T15:56:22Z,owner,true,q3-search,AU,false,icloud.com,free,0
acc_91d578501856,2026-06-21T09:58:19Z,owner,true,(direct),DE,false,nimbus-labs.com,starter,49
acc_2a809839e179,2026-04-18T21:10:01Z,admin,false,(organic),GB,false,tandem-io.nl,free,0
acc_4d898db8afd3,2026-03-16T13:54:35Z,agent,false,partner-directory,IE,false,gmail.com,free,0
acc_616f1ebcb0a4,2026-07-11T05:36:29Z,agent,false,q3-search,US,false,tempodigital.nl,free,0
acc_94818dd401dc,2026-06-15T17:15:35Z,agent,false,q3-search,FR,false,solace-io.co.uk,free,0
acc_3f4884f42667,2026-05-17T14:49:11Z,owner,true,partner-directory,SE,false,stackio.io,starter,49
acc_f572cd7cd3dc,2026-06-29T11:42:13Z,admin,false,(organic),NL,false,proton.me,free,0
acc_e0ec097547e3,2026-07-27T13:17:22Z,agent,false,partner-directory,US,false,orbitgroup.com,free,0
acc_840b57628006,2026-05-16T07:40:46Z,agent,false,(organic),BR,false,orbitsolutions.nl,free,0
acc_96bcf23377d3,2026-07-15T16:30:39Z,agent,false,q3-search,DE,false,yahoo.com,free,0
acc_3061558b68f3,2026-07-31T18:17:09Z,owner,true,(organic),GB,false,coppertech.co.uk,free,0
acc_8b9d1cc40457,2026-03-02T09:29:40Z,agent,false,q3-search,DE,false,junodigital.com,free,0
acc_311571293141,2026-04-20T08:12:04Z,owner,true,docs,AU,false,forgeio.io,free,0
acc_e58bfe3054a9,2026-03-01T17:49:46Z,owner,true,(direct),NL,false,stackdigital.com,free,0
acc_4f9996e11f70,2026-06-17T14:55:05Z,owner,true,(direct),US,false,proton.me,free,0
acc_bc7f215c8de4,2026-05-13T06:53:54Z,agent,false,(direct),ES,false,icloud.com,free,0
acc_04e77a5a3f3a,2026-06-30T16:24:37Z,agent,false,(organic),US,false,marlowio.de,free,0
acc_7685bbae32a4,2026-05-10T19:48:54Z,owner,true,docs,DE,false,orbit-digital.co,business,399
acc_85ea870c01ba,2026-06-29T17:26:33Z,agent,false,(organic),US,false,harborsolutions.com,free,0
acc_e2752fc07b67,2026-04-15T17:30:09Z,admin,false,(organic),US,false,icloud.com,free,0
acc_ac1c3394d93c,2026-04-08T16:49:19Z,admin,false,(organic),FR,false,yahoo.com,free,0
acc_2a4071975fa0,2026-02-18T11:40:49Z,agent,false,(organic),SG,false,hotmail.com,free,0
acc_909b7de3ca46,2026-05-23T19:06:37Z,agent,false,(direct),PL,false,copper-works.com,free,0
acc_2b902db53e0b,2026-03-09T15:36:23Z,owner,true,docs,GB,false,gmail.com,free,0
acc_d641d259ee48,2026-02-01T11:52:11Z,agent,false,q3-search,SE,false,atlascloud.ai,free,0
acc_98b8f9e3f212,2026-04-19T14:41:45Z,agent,false,q3-search,FR,false,tempo-digital.com,free,0
acc_a257c5380b72,2026-04-12T14:55:17Z,owner,true,(organic),SE,false,glide-co.com,business,399
acc_cbf786d91705,2026-04-17T10:50:22Z,agent,false,(direct),US,false,yahoo.com,free,0
acc_f2d7bfab67c3,2026-04-06T15:22:28Z,owner,true,q3-search,AU,false,gmail.com,free,0
acc_0f02821b38be,2026-02-04T08:30:57Z,admin,false,partner-directory,FR,false,forgelabs.nl,free,0
acc_da6a44cf1f3b,2026-03-06T10:01:57Z,agent,false,q3-search,AU,false,proton.me,free,0
acc_fb6c1e358ddf,2026-03-25T14:57:32Z,agent,false,docs,ES,false,pilot-co.net,free,0
acc_9ac9a26aeede,2026-03-27T09:47:40Z,owner,true,(organic),US,false,quill-io.co,free,0
acc_0b788889621a,2026-02-19T13:53:39Z,agent,false,(organic),IE,false,marlowio.ai,free,0
acc_d8350f774251,2026-06-27T07:34:41Z,agent,false,(organic),ES,false,hotmail.com,free,0
acc_75786b414e18,2026-02-25T10:55:41Z,owner,true,(direct),CA,false,pilot-tech.io,free,0
acc_80fef0d07188,2026-06-25T08:26:18Z,owner,true,docs,US,false,icloud.com,free,0
acc_b5279b0c4299,2026-06-13T10:34:34Z,agent,false,(direct),IN,false,yahoo.com,free,0
acc_70766d7d453b,2026-03-16T08:35:24Z,agent,false,q3-search,US,false,gmail.com,free,0
acc_6779d9a0afeb,2026-03-22T00:33:40Z,owner,true,partner-directory,US,false,ridge-partners.co.uk,free,0
acc_71294f084acd,2026-04-12T13:01:27Z,agent,false,(direct),AU,false,cedarsystems.com,free,0
acc_1343cb7573ad,2026-07-20T03:04:40Z,admin,false,(organic),GB,false,outlook.com,free,0
acc_2d289bce40b4,2026-06-04T22:11:52Z,owner,true,q3-search,US,false,copper-solutions.net,free,0
acc_0696dc5129f0,2026-04-10T14:24:11Z,owner,true,partner-directory,GB,false,marlowpartners.com,free,0
acc_eba3aa27c631,2026-07-08T09:33:38Z,agent,false,q3-search,FR,false,gmail.com,free,0
acc_c411dceff7c6,2026-03-31T13:06:18Z,owner,true,q3-search,US,false,gmail.com,free,0
acc_9e1cf8797e4a,2026-04-24T10:37:39Z,agent,false,partner-directory,PL,false,solace-solutions.com,free,0
acc_67dced9cfb87,2026-07-24T11:50:56Z,owner,true,(organic),GB,false,basil-systems.com,free,0
acc_1272b6998516,2026-06-10T01:00:20Z,owner,true,partner-directory,ES,false,icloud.com,free,0
acc_264596c8724f,2026-03-11T02:59:18Z,owner,true,q3-search,ES,false,lumenhq.nl,business,399
acc_013c55f12329,2026-06-10T13:48:49Z,admin,false,partner-directory,US,false,ridge-systems.co,free,0
acc_f84db61e648b,2026-03-16T08:22:23Z,owner,true,(organic),US,false,coppersystems.com,starter,49
acc_7d67d8e7b64e,2026-05-25T20:46:49Z,agent,false,(direct),FR,false,pilotpartners.com,free,0
acc_8ebf41fa5a64,2026-05-18T02:21:42Z,agent,false,q3-search,ES,false,ridgesoftware.co.uk,free,0
acc_91c01cac515f,2026-03-30T08:19:14Z,admin,false,partner-directory,US,false,alpineworks.net,free,0
acc_c9edb4730b36,2026-02-08T12:13:46Z,agent,false,q3-search,IN,false,pilotworks.com,free,0
acc_0839bbde7fd6,2026-06-07T10:30:52Z,owner,true,partner-directory,IN,false,basil-tech.net,free,0
acc_e488e5aa41ba,2026-06-08T16:06:44Z,admin,false,q3-search,GB,false,latticestudio.de,free,0
acc_7b84bfa4148a,2026-05-08T07:57:43Z,owner,true,partner-directory,PL,false,meridianpartners.com,free,0
acc_721e8016ec75,2026-07-29T15:46:05Z,admin,false,(direct),NL,false,proton.me,free,0
acc_a990f21c1c5b,2026-07-06T23:49:37Z,owner,true,q3-search,GB,false,stack-co.co,free,0
acc_5ef8055d2fab,2026-07-05T23:48:45Z,owner,true,(organic),AU,false,lumengroup.io,free,0
acc_7da5472ab514,2026-02-04T11:14:56Z,agent,false,partner-directory,CA,false,brightsolutions.co,free,0
acc_08ff03b82857,2026-04-07T09:11:25Z,agent,false,(organic),US,false,pilotsystems.co,free,0
acc_e685e8d67ed9,2026-06-18T01:01:11Z,admin,false,(organic),CA,false,nimbus-systems.co.uk,free,0
acc_61ea68e83799,2026-05-03T15:05:01Z,agent,false,(organic),US,false,ridgesolutions.nl,free,0
acc_5798be3570a2,2026-07-04T21:44:54Z,admin,false,q3-search,GB,false,solacegroup.net,free,0
acc_119197540822,2026-05-29T14:14:45Z,admin,false,(direct),US,false,vertex-digital.co.uk,free,0
acc_2b5856cb0275,2026-02-01T21:18:28Z,admin,false,q3-search,ES,false,cedar-co.nl,free,0
acc_8f7d15a1f39c,2026-04-12T10:44:59Z,agent,false,(organic),BR,false,tandemsystems.co.uk,free,0
acc_88e0c21dc020,2026-07-13T18:33:29Z,agent,false,q3-search,DE,false,hotmail.com,free,0
acc_3c53d52aa533,2026-05-06T13:35:07Z,owner,true,docs,ES,false,nimbus-cloud.co.uk,free,0
acc_2427928f1ffd,2026-06-27T22:52:46Z,admin,false,(organic),IN,false,cedarapp.nl,free,0
acc_bd89c7647b4c,2026-07-10T15:51:28Z,agent,false,(organic),NL,false,meridian-digital.net,free,0
acc_45c0ead19fc6,2026-07-07T10:07:08Z,agent,false,(organic),CA,false,solacetech.net,free,0
acc_3fd21baf421a,2026-06-02T18:42:05Z,owner,true,docs,IE,false,basil-studio.nl,free,0
acc_d395059d3544,2026-07-01T18:23:52Z,admin,false,(organic),SG,false,vertexstudio.de,free,0
acc_c25edfd9e74d,2026-04-21T10:02:30Z,owner,true,docs,NL,false,pierlabs.co,team,149
acc_6749af38ef76,2026-03-05T13:28:30Z,agent,false,(direct),SG,false,outlook.com,free,0
acc_30a45376cca6,2026-04-03T17:15:03Z,agent,false,q3-search,GB,false,gmail.com,free,0
acc_fe1e36ef1ab8,2026-02-06T12:50:18Z,admin,false,docs,PL,false,onyx-group.co,free,0
acc_a2edb5e68026,2026-02-27T13:54:54Z,admin,false,(direct),US,false,hotmail.com,free,0
acc_0936d0bb86ae,2026-03-19T17:53:38Z,owner,true,(organic),US,false,nimbuspartners.ai,free,0
acc_24787299a071,2026-07-01T12:08:57Z,admin,false,(organic),IN,false,kestrel-app.com,free,0
acc_34fc0f3269a6,2026-04-08T14:30:37Z,agent,false,(direct),PL,false,proton.me,free,0
acc_6368b742ce0c,2026-06-05T19:28:42Z,admin,false,docs,IN,false,orbit-systems.com,free,0
acc_88f117bf91c9,2026-03-15T12:00:22Z,admin,false,docs,ES,false,ridgestudio.co.uk,free,0
acc_1c2cbe9da542,2026-07-05T08:45:18Z,agent,false,(direct),GB,false,gmail.com,free,0
acc_5cf8482b95e9,2026-05-08T19:02:07Z,agent,false,(organic),US,false,hotmail.com,free,0
acc_d9f431c3063c,2026-06-17T09:18:25Z,admin,false,q3-search,US,false,kestreldigital.co.uk,free,0
acc_c01e776e415c,2026-06-22T09:17:30Z,agent,false,(organic),AU,false,basilapp.com,free,0
acc_82ad4899b804,2026-05-17T10:20:54Z,agent,false,(organic),DE,false,hotmail.com,free,0
acc_e3126d1f151f,2026-07-17T13:23:59Z,admin,false,partner-directory,US,false,pilot-studio.nl,free,0
acc_9f904ab886ea,2026-07-08T09:49:06Z,owner,true,(organic),US,false,atlaslabs.de,free,0
acc_4a29a017747f,2026-02-14T13:17:18Z,admin,false,docs,SG,false,outlook.com,free,0
acc_7c3966b967c1,2026-07-30T11:09:17Z,owner,true,docs,US,false,yahoo.com,free,0
acc_f5279010983f,2026-06-27T10:43:11Z,admin,false,(organic),CA,false,forgelabs.ai,free,0
acc_541bbe92af6c,2026-02-08T17:43:45Z,agent,false,docs,NL,false,harbor-co.com,free,0
acc_260d6303e423,2026-05-03T13:22:34Z,owner,true,docs,BR,false,solace-systems.co.uk,starter,49
acc_10876b1fa399,2026-06-05T18:17:25Z,owner,true,(organic),IN,false,hotmail.com,free,0
acc_6ce9aaabb3a5,2026-05-12T19:36:22Z,agent,false,(organic),GB,false,icloud.com,free,0
acc_d46ef78b2574,2026-07-04T18:38:40Z,admin,false,docs,NL,false,veranosoftware.ai,free,0
acc_ae20e0dc9ffc,2026-06-25T14:10:25Z,owner,true,docs,BR,false,nimbussystems.de,free,0
acc_7833f8828814,2026-03-30T11:44:42Z,agent,false,(organic),US,false,nimbussolutions.net,free,0
acc_834db8664913,2026-07-01T00:43:04Z,agent,false,docs,FR,false,cedar-io.co.uk,free,0
acc_2957c31e83ac,2026-02-23T13:50:56Z,owner,true,(direct),US,false,pier-tech.co.uk,team,149
acc_f18cd5e9ec87,2026-06-03T10:48:12Z,agent,false,(organic),IN,false,hotmail.com,free,0
acc_82915c9df5c7,2026-02-08T11:50:00Z,agent,false,q3-search,CA,false,junosystems.nl,free,0
acc_3ca05fb2230b,2026-07-26T19:09:51Z,owner,true,partner-directory,GB,false,alpineworks.net,free,0
acc_55d780f642f0,2026-06-09T17:48:29Z,owner,true,(direct),PL,false,lumen-app.io,free,0
acc_dc3a7ecefcd7,2026-06-03T14:32:50Z,agent,false,q3-search,AU,false,lattice-co.com,free,0
acc_03a8e4587de4,2026-07-05T23:49:01Z,owner,true,(organic),SG,false,cedarpartners.com,free,0
acc_944075452800,2026-06-08T23:51:17Z,agent,false,docs,NL,false,veranoworks.nl,free,0
acc_fc25cf390220,2026-06-06T13:32:41Z,owner,true,docs,IE,false,tandemtech.nl,free,0
acc_b02d7b363392,2026-05-11T14:36:46Z,agent,false,docs,PL,false,gmail.com,free,0
acc_aa900b4179cd,2026-03-01T06:45:56Z,agent,false,q3-search,US,false,lattice-hq.nl,free,0
acc_29712290da29,2026-06-21T18:41:47Z,agent,false,partner-directory,BR,false,outlook.com,free,0
acc_27e56d7c778c,2026-07-01T16:22:49Z,agent,false,(organic),US,false,vertex-solutions.co,free,0
acc_ab8ab59bcc7e,2026-06-22T13:56:00Z,owner,true,(organic),US,false,meridiantech.com,starter,49
acc_842c07bb2b79,2026-05-28T21:39:36Z,admin,false,(organic),IN,false,cedarsystems.com,free,0
acc_15137a119631,2026-04-16T13:29:17Z,agent,false,(organic),AU,false,piersoftware.co,free,0
acc_1d0577122df2,2026-05-12T06:27:34Z,agent,false,partner-directory,BR,false,vertex-labs.de,free,0
acc_b1d61772fbe4,2026-02-04T19:44:20Z,owner,true,partner-directory,US,false,bright-labs.ai,free,0
acc_beaca6507d39,2026-02-07T09:34:29Z,agent,false,q3-search,CA,false,kestrelhq.com,free,0
acc_5f9dfa352ead,2026-03-21T14:58:48Z,agent,false,(organic),CA,false,gmail.com,free,0
acc_fac18549549b,2026-07-02T11:13:13Z,agent,false,q3-search,DE,false,tandem-studio.com,free,0
acc_0d42f8cbe68d,2026-03-03T21:36:50Z,admin,false,docs,US,false,alpinesystems.com,free,0
acc_05d5c2c6fe3a,2026-07-03T15:18:02Z,admin,false,docs,NL,false,lumenio.net,free,0
acc_1c1c40e9b951,2026-07-07T16:20:55Z,agent,false,docs,CA,false,orbit-software.ai,free,0
acc_413aceb9c712,2026-03-30T08:16:19Z,admin,false,(direct),ES,false,harbor-software.net,free,0
acc_79a5730ead55,2026-05-19T03:41:20Z,admin,false,(organic),US,false,outlook.com,free,0
acc_62f34393d4d3,2026-06-08T09:39:04Z,agent,false,(direct),GB,false,icloud.com,team,149
acc_02c07fb300cd,2026-06-28T08:35:12Z,owner,true,q3-search,IN,false,orbittech.co,free,0
acc_950028f7b315,2026-02-07T07:31:35Z,agent,false,(direct),NL,false,pier-hq.ai,free,0
acc_7b8662aad535,2026-03-02T09:01:59Z,agent,false,(organic),GB,false,tempo-solutions.net,free,0
acc_2684f265b8f8,2026-07-23T12:07:01Z,admin,false,docs,CA,false,veranosystems.com,free,0
acc_0fc3daa5e474,2026-03-04T06:53:12Z,admin,false,(organic),CA,false,hotmail.com,free,0
acc_d987c372202f,2026-02-27T10:31:31Z,admin,false,(organic),NL,false,copper-partners.nl,free,0
acc_4b2c05539f7f,2026-05-21T11:49:45Z,agent,false,q3-search,CA,false,harborcloud.com,free,0
acc_af4e84e9d108,2026-07-19T00:48:05Z,admin,false,(organic),CA,false,onyxdigital.com,free,0
acc_3041ec139ceb,2026-02-18T14:00:33Z,agent,false,(direct),GB,false,icloud.com,free,0
acc_527aec42837f,2026-07-05T09:25:18Z,owner,true,(organic),SG,false,hotmail.com,free,0
acc_21506d4d43eb,2026-06-25T17:46:40Z,owner,true,partner-directory,GB,false,solaceapp.co.uk,free,0
acc_5b61f4cbabab,2026-05-14T09:11:13Z,owner,true,partner-directory,US,false,proton.me,free,0
acc_7b016a629e40,2026-03-14T05:18:33Z,admin,false,(organic),DE,false,pilot-tech.ai,free,0
acc_eaf3aea953e8,2026-06-15T17:31:58Z,admin,false,(direct),IE,false,hotmail.com,free,0
acc_0d7af5663ad9,2026-06-04T05:26:46Z,agent,false,(organic),IN,false,proton.me,free,0
acc_17e890cf0a27,2026-05-02T16:46:15Z,owner,true,docs,IE,false,kestrelsoftware.com,business,399
acc_6f842de3445f,2026-07-18T10:39:39Z,admin,false,q3-search,US,false,vertexsoftware.io,free,0
acc_7ad63dec8588,2026-07-11T09:52:26Z,agent,false,(organic),AU,false,summit-group.ai,free,0
acc_bc6f816b80e2,2026-03-04T10:48:01Z,owner,true,(organic),GB,false,outlook.com,free,0
acc_b3d80dc94764,2026-05-16T16:25:43Z,owner,true,docs,IE,false,icloud.com,team,149
acc_1e094340dcc2,2026-05-23T21:50:26Z,admin,false,docs,US,false,quill-software.io,free,0
acc_b3e6ec5def05,2026-02-27T16:49:05Z,admin,false,(organic),GB,false,stack-software.io,free,0
acc_1dbf09f18569,2026-05-14T19:26:45Z,agent,false,(organic),US,false,stackdigital.com,free,0
acc_c6d8b132b2af,2026-02-08T16:09:10Z,owner,true,q3-search,US,false,onyxcloud.com,free,0
acc_7be42d298209,2026-04-13T19:26:49Z,agent,false,(direct),US,false,pilotsystems.co.uk,free,0
acc_64f2426dd960,2026-03-07T21:26:31Z,admin,false,(direct),PL,false,nimbusgroup.co,free,0
acc_c53d33380088,2026-07-06T19:12:18Z,admin,false,(direct),AU,false,solace-works.io,free,0
acc_b6fef39cab4b,2026-02-20T10:56:57Z,owner,true,docs,DE,false,verano-group.com,free,0
acc_a985fca17968,2026-05-04T19:30:03Z,owner,true,(organic),AU,false,copperstudio.nl,free,0
acc_190be9864f94,2026-03-23T09:32:27Z,agent,false,q3-search,DE,false,proton.me,free,0
acc_dba4176055bc,2026-06-22T20:34:37Z,owner,true,(direct),US,false,juno-co.net,free,0
acc_40914f040629,2026-04-29T14:48:08Z,admin,false,(direct),US,false,pier-group.net,free,0
acc_fbf6a7a43849,2026-07-05T10:18:15Z,owner,true,docs,NL,false,summithq.de,free,0
acc_6b103eee4bc6,2026-06-26T19:35:02Z,admin,false,(organic),IN,false,alpinelabs.com,free,0
acc_9ffe45eec432,2026-06-05T14:57:17Z,owner,true,q3-search,US,false,solaceworks.nl,free,0
acc_1e12c7693667,2026-03-14T15:20:35Z,admin,false,docs,US,false,nimbus-labs.de,starter,49
acc_32a014dc5259,2026-03-14T18:46:16Z,agent,false,(organic),GB,false,atlasdigital.de,free,0
acc_d5a52c6d4e5a,2026-03-23T18:16:49Z,agent,false,docs,DE,false,ridge-labs.com,free,0
acc_6cf5e91636a4,2026-05-01T15:21:07Z,admin,false,(direct),FR,false,gmail.com,free,0
acc_3d60fc453929,2026-02-03T19:49:08Z,owner,true,(organic),DE,false,tempo-io.com,free,0
acc_6cac63b61800,2026-02-01T13:55:00Z,owner,true,q3-search,GB,false,gmail.com,free,0
acc_81a8529acb12,2026-07-29T17:57:54Z,admin,false,partner-directory,US,false,copperio.co,free,0
acc_d69ed7eb956b,2026-06-19T13:19:33Z,agent,false,(organic),CA,false,lumenio.io,free,0
acc_af5e1ec3e8c1,2026-06-14T07:47:53Z,owner,true,partner-directory,AU,false,juno-labs.nl,free,0
acc_1bbfc04e42eb,2026-02-10T17:52:53Z,admin,false,partner-directory,ES,false,copper-works.com,free,0
acc_a29ccb9347df,2026-05-26T17:13:36Z,agent,false,(organic),US,false,lumenio.io,free,0
acc_0b31e6043c0d,2026-02-26T15:59:29Z,admin,false,(organic),SE,false,proton.me,free,0
acc_47ef07be9b61,2026-03-15T21:10:17Z,agent,false,(organic),US,false,proton.me,free,0
acc_28a91811c957,2026-04-12T12:53:00Z,agent,false,(organic),US,false,icloud.com,free,0
acc_8c8eba52be24,2026-03-06T16:16:49Z,agent,false,partner-directory,SG,false,northsolutions.ai,free,0
acc_0af42ed0dca4,2026-07-28T10:01:54Z,admin,false,(organic),US,false,yahoo.com,free,0
acc_45829678d772,2026-03-01T18:39:10Z,owner,true,q3-search,US,false,proton.me,free,0
acc_291dfbfdef18,2026-02-07T13:05:38Z,admin,false,q3-search,IN,false,yahoo.com,free,0
acc_4d213711c554,2026-07-14T07:48:18Z,agent,false,q3-search,US,false,onyxio.nl,free,0
acc_1d0c4586c939,2026-03-11T21:59:42Z,owner,true,(direct),US,false,onyxpartners.com,free,0
acc_f2a977b1b040,2026-05-13T11:48:28Z,owner,true,(organic),US,false,lattice-cloud.io,free,0
acc_12be5d70f244,2026-05-18T06:16:36Z,owner,true,docs,IE,false,verano-tech.net,team,149
acc_f35cb23b10a6,2026-06-09T14:49:21Z,agent,false,q3-search,SE,false,basilpartners.com,free,0
acc_a7de394a4056,2026-02-13T10:10:56Z,owner,true,(organic),CA,false,ridgetech.net,team,149
acc_3c3b7a3a9e91,2026-02-27T02:33:15Z,admin,false,docs,US,false,hotmail.com,free,0
acc_a48df500dd02,2026-04-18T16:44:02Z,agent,false,(organic),ES,false,icloud.com,free,0
acc_4969ad52362d,2026-02-08T11:11:28Z,agent,false,q3-search,ES,false,onyxio.nl,free,0
acc_594217f58908,2026-07-29T11:59:46Z,agent,false,(organic),CA,false,hotmail.com,free,0
acc_092a696f1914,2026-06-23T12:24:07Z,agent,false,(organic),US,false,piercloud.nl,free,0
acc_182d7b751ec9,2026-05-17T07:54:21Z,agent,false,q3-search,BR,false,solace-io.co.uk,free,0
acc_02f5a4d6b85d,2026-07-22T18:58:04Z,agent,false,(organic),FR,false,yahoo.com,free,0
acc_b6c2d0c70017,2026-06-29T15:34:48Z,owner,true,(organic),IN,false,orbithq.nl,free,0
acc_a62bb7982007,2026-02-01T22:16:00Z,agent,false,(direct),PL,false,summitworks.ai,free,0
acc_40816f6dfbab,2026-07-19T14:54:22Z,agent,false,(organic),FR,false,yahoo.com,free,0
acc_697624b82f4c,2026-07-06T22:35:45Z,owner,true,(direct),GB,false,atlassoftware.co,free,0
acc_486bbb8fc19e,2026-02-06T21:04:20Z,owner,true,partner-directory,IN,false,verano-tech.ai,free,0
acc_e61a392a7618,2026-05-21T16:41:35Z,agent,false,q3-search,IN,false,hotmail.com,free,0
acc_f62571fef87d,2026-03-24T22:02:49Z,admin,false,(organic),GB,false,onyxpartners.co.uk,free,0
acc_5480972ef506,2026-05-25T02:05:49Z,owner,true,partner-directory,GB,false,pilotsoftware.com,free,0
acc_f545accaf16a,2026-04-08T15:10:39Z,admin,false,(organic),SE,false,gmail.com,free,0
acc_179ca63cc359,2026-05-23T08:15:41Z,agent,false,q3-search,BR,false,juno-hq.de,free,0
acc_c6f170385b1d,2026-07-05T15:26:17Z,owner,true,(organic),GB,false,brightio.de,free,0
acc_db38702c6f35,2026-05-16T15:56:32Z,agent,false,(direct),PL,false,atlas-io.com,free,0
acc_aa15be9ab721,2026-02-11T15:30:08Z,admin,false,q3-search,IN,false,nimbus-labs.de,free,0
acc_741c32a85d3b,2026-07-11T15:00:44Z,agent,false,(organic),IN,false,vertex-group.com,free,0
acc_9e8e54a459ae,2026-06-14T16:18:33Z,admin,false,q3-search,CA,false,hotmail.com,free,0
acc_fc70a3c2dfa8,2026-02-21T20:33:16Z,admin,false,partner-directory,US,false,cedardigital.co,free,0
acc_9cb80e9c8e7b,2026-03-22T13:39:13Z,admin,false,(direct),DE,false,hotmail.com,free,0
acc_d4fddc0e81c2,2026-05-17T20:22:37Z,admin,false,(organic),IN,false,tandem-digital.com,free,0
acc_e35b846c7e53,2026-02-17T08:15:37Z,owner,true,(direct),IE,false,yahoo.com,business,399
acc_41e2862c9299,2026-04-11T19:03:33Z,agent,false,(organic),ES,false,tempo-co.com,free,0
acc_a2320ec1645e,2026-07-25T17:30:38Z,agent,false,q3-search,US,false,yahoo.com,free,0
acc_934eee6d955b,2026-03-09T10:36:09Z,admin,false,(organic),NL,false,vertex-co.com,free,0
acc_bee999735013,2026-07-12T07:28:16Z,agent,false,(organic),SE,false,hotmail.com,free,0
acc_7831ceb13b44,2026-04-03T15:11:53Z,agent,false,(organic),GB,false,icloud.com,free,0
acc_ef769cad61d0,2026-04-08T18:37:16Z,admin,false,docs,SG,false,veranosoftware.co,free,0
acc_cb223e658abd,2026-03-06T15:43:34Z,owner,true,partner-directory,BR,false,onyx-co.net,free,0
acc_3cf9f0c138c3,2026-03-30T16:51:54Z,owner,true,docs,IN,false,bright-co.com,free,0
acc_92d04256db2c,2026-04-15T07:45:21Z,owner,true,(organic),GB,false,harbor-works.nl,free,0
acc_25dd117ae153,2026-06-22T19:35:31Z,owner,true,(organic),NL,false,summitapp.ai,free,0
acc_b4612eede6c9,2026-06-09T16:12:40Z,admin,false,(direct),US,false,lumen-group.com,free,0
acc_06e3e525ebc1,2026-06-09T12:36:10Z,owner,true,(organic),AU,false,alpineio.com,free,0
acc_84e548eb4847,2026-02-28T16:50:02Z,owner,true,(direct),GB,false,orbit-tech.net,free,0
acc_d703ababccce,2026-02-17T16:07:42Z,owner,true,docs,AU,false,junohq.net,free,0
acc_4b3bc5400afb,2026-06-09T08:31:03Z,agent,false,q3-search,AU,false,icloud.com,free,0
acc_fab527d6b5d4,2026-03-16T10:02:39Z,owner,true,(organic),US,false,lattice-solutions.co.uk,team,149
acc_dfdf63f2cb25,2026-07-31T08:10:16Z,owner,true,docs,CA,false,tempoco.com,free,0
acc_cb80b949ca1b,2026-06-26T12:42:03Z,owner,true,(organic),ES,false,pierhq.nl,free,0
acc_26dd36f6a744,2026-05-03T20:53:51Z,agent,false,(organic),CA,false,kestrel-app.com,free,0
acc_5c1c2ac00395,2026-06-07T16:34:55Z,admin,false,partner-directory,US,false,outlook.com,free,0
acc_ecbb57f82d66,2026-06-07T13:56:53Z,owner,true,partner-directory,US,false,orbitgroup.com,free,0
acc_3850977969b8,2026-07-17T15:41:32Z,agent,false,(organic),IE,false,ridge-tech.nl,free,0
acc_8110ad713fd1,2026-02-07T10:24:28Z,admin,false,(direct),CA,false,outlook.com,free,0
acc_873e845579ef,2026-07-20T19:08:31Z,agent,false,(organic),IE,false,proton.me,free,0
acc_da5977c7859f,2026-05-16T11:51:34Z,agent,false,(organic),US,false,ridgestudio.co.uk,free,0
acc_bbd87b167b04,2026-06-10T09:33:24Z,admin,false,(organic),IN,false,tempo-group.co,free,0
acc_bda0fca84784,2026-05-28T15:54:20Z,admin,false,q3-search,NL,false,meridiantech.co,free,0
acc_dec2307a0435,2026-03-14T09:40:42Z,agent,false,q3-search,US,false,outlook.com,free,0
acc_c5f99ef7f5fa,2026-02-06T20:09:22Z,owner,true,docs,CA,false,outlook.com,starter,49
acc_e2cef97d9be6,2026-04-26T13:00:48Z,owner,true,docs,BR,false,orbit-software.ai,free,0
acc_2f33087d88f6,2026-04-30T09:14:53Z,agent,false,docs,FR,false,harborlabs.com,free,0
acc_a58220875f23,2026-04-25T23:19:10Z,agent,false,q3-search,GB,false,outlook.com,free,0
acc_f4bc99c2e795,2026-07-16T00:59:06Z,admin,false,docs,ES,false,outlook.com,free,0
acc_31de2289eeab,2026-04-02T17:24:28Z,admin,false,(direct),AU,false,proton.me,free,0
acc_30d45cf8f04a,2026-06-07T12:17:39Z,agent,false,q3-search,ES,false,harborhq.io,free,0
acc_61af2db73c41,2026-02-22T08:16:37Z,admin,false,docs,NL,false,vertexcloud.co.uk,free,0
acc_8e19a22e6201,2026-03-02T16:34:14Z,owner,true,partner-directory,GB,false,hotmail.com,free,0
acc_afc40895878b,2026-03-06T17:12:31Z,owner,true,(organic),US,false,pier-app.co,free,0
acc_7ba5067c0f3b,2026-03-18T18:34:28Z,owner,true,(organic),DE,false,tandem-group.com,free,0
acc_744125563411,2026-06-03T02:30:45Z,agent,false,(direct),DE,false,forge-group.io,free,0
acc_c65d451c42b5,2026-04-02T06:35:42Z,agent,false,(direct),CA,false,cedar-digital.ai,free,0
acc_baa88ee9f6d7,2026-02-13T09:49:39Z,admin,false,q3-search,NL,false,cedarlabs.ai,free,0
acc_ba2f7fee1da7,2026-06-20T11:45:33Z,agent,false,(direct),SE,false,outlook.com,free,0
acc_16bdd6258df3,2026-07-17T11:44:33Z,agent,false,(organic),GB,false,hotmail.com,free,0
acc_64f71951b9e1,2026-02-14T16:31:00Z,owner,true,docs,NL,false,solace-cloud.com,free,0
acc_c328baf701e5,2026-03-28T03:36:51Z,owner,true,(direct),SG,false,gmail.com,free,0
acc_23468c9ae43b,2026-05-15T04:44:49Z,owner,true,docs,US,false,gmail.com,free,0
acc_7fc7d6408fcb,2026-07-22T13:56:12Z,owner,true,partner-directory,SE,false,hotmail.com,free,0
acc_888812aa8591,2026-05-30T07:32:27Z,admin,false,(direct),US,false,summit-io.com,free,0
acc_4b6ce8f9c64f,2026-04-15T17:32:07Z,agent,false,partner-directory,CA,false,outlook.com,free,0
acc_f73ce7fdbfbd,2026-06-06T20:33:01Z,admin,false,q3-search,US,false,basildigital.de,free,0
acc_fec1122ad25f,2026-07-30T18:52:48Z,agent,false,(organic),US,false,quill-solutions.com,free,0
acc_86892cec962d,2026-04-04T13:16:55Z,agent,false,q3-search,US,false,harbor-works.io,free,0
acc_2968ddafedc6,2026-06-18T23:56:22Z,owner,true,docs,DE,false,north-studio.com,free,0
acc_0c7f4b35e392,2026-05-02T14:51:51Z,owner,true,(direct),SG,false,gmail.com,team,149
acc_eae2b5957d05,2026-02-01T23:30:37Z,agent,false,(organic),US,false,tempotech.com,free,0
acc_323ec7729561,2026-06-11T01:10:34Z,agent,false,(direct),SE,false,icloud.com,free,0
acc_ef0cdd82c984,2026-02-18T19:45:50Z,admin,false,(organic),US,false,outlook.com,free,0
acc_fa9c0b8149c3,2026-05-30T23:53:26Z,admin,false,docs,IN,false,pierlabs.com,free,0
acc_68d66f6bee23,2026-05-17T10:18:40Z,agent,false,(organic),IN,false,hotmail.com,free,0
acc_599c0f25813f,2026-06-24T15:48:08Z,agent,false,q3-search,DE,false,gmail.com,free,0
acc_2016514cf152,2026-03-08T07:14:27Z,agent,false,partner-directory,IE,false,copper-labs.nl,free,0
acc_a7eed01ce706,2026-07-08T13:05:30Z,agent,false,q3-search,US,false,solace-group.io,free,0
acc_c852f1478b2d,2026-04-22T09:49:10Z,owner,true,partner-directory,US,false,proton.me,free,0
acc_4f3d6236ea58,2026-07-24T03:25:36Z,agent,false,(organic),US,false,lattice-hq.co,free,0
acc_a1e3d43633b2,2026-04-26T00:08:30Z,owner,true,partner-directory,PL,false,yahoo.com,free,0
acc_1c92028ef1c1,2026-02-08T20:40:45Z,owner,true,partner-directory,NL,false,yahoo.com,free,0
acc_a73c9ee1b3f0,2026-07-04T16:38:14Z,admin,false,(organic),US,false,quilltech.co,free,0
acc_75c638421408,2026-05-28T10:24:39Z,agent,false,q3-search,US,false,onyxpartners.com,free,0
acc_1a2ba0fd3533,2026-03-24T09:55:48Z,admin,false,(organic),US,false,alpineco.ai,free,0
acc_92544afed891,2026-04-22T10:06:22Z,owner,true,(organic),BR,false,proton.me,free,0
acc_fe8d6f754c35,2026-07-30T10:07:07Z,agent,false,(organic),BR,false,atlasio.com,free,0
acc_7be5c7125b77,2026-06-10T17:08:24Z,agent,false,q3-search,BR,false,yahoo.com,free,0
acc_60b996274233,2026-03-27T13:01:17Z,agent,false,partner-directory,SE,false,quill-app.io,free,0
acc_5f822d8bf36d,2026-07-05T10:29:32Z,admin,false,q3-search,US,false,stackhq.com,starter,49
acc_512bcab01197,2026-02-16T01:56:05Z,admin,false,(organic),PL,false,gmail.com,free,0
acc_0d3a2a3211aa,2026-06-09T22:08:54Z,admin,false,q3-search,IN,false,meridianpartners.ai,free,0
acc_908eadffcc5e,2026-04-26T12:34:15Z,agent,false,q3-search,DE,false,cedardigital.co,free,0
acc_a7f5a5d9d26e,2026-04-07T10:56:28Z,agent,false,(organic),IN,false,stack-co.com,free,0
acc_f7a7d9f36010,2026-06-04T14:12:36Z,owner,true,docs,ES,false,onyxdigital.com,free,0
acc_505956d71729,2026-05-03T09:49:24Z,agent,false,(direct),DE,false,gmail.com,free,0
acc_bf04439b26bb,2026-07-28T11:47:56Z,agent,false,(organic),ES,false,onyx-hq.com,free,0
acc_da6defb0edf4,2026-06-15T15:38:12Z,owner,true,docs,DE,false,ridgeco.io,free,0
acc_34f70e97ee50,2026-06-10T14:06:27Z,owner,true,partner-directory,DE,false,yahoo.com,free,0
acc_b04578ca4ed0,2026-02-06T08:51:40Z,agent,false,(organic),IE,false,atlas-labs.net,free,0
acc_b09ffbd52a4a,2026-03-24T07:01:41Z,agent,false,(organic),IN,false,meridian-cloud.co.uk,free,0
acc_e2b912213efc,2026-07-29T08:37:39Z,agent,false,(organic),DE,false,hotmail.com,free,0
acc_dc08966a3f0f,2026-06-16T16:05:22Z,admin,false,q3-search,IE,false,tandemco.io,free,0
acc_0322ecb50e0a,2026-02-26T12:37:26Z,agent,false,partner-directory,DE,false,bright-group.nl,free,0
acc_a217c103268f,2026-03-01T19:16:38Z,owner,true,(organic),US,false,cedargroup.com,free,0
acc_66573a396620,2026-07-27T15:46:33Z,agent,false,(direct),US,false,northstudio.co.uk,free,0
acc_976a91e47c27,2026-06-11T08:22:41Z,admin,false,partner-directory,IE,false,quill-works.nl,free,0
acc_a350d411a705,2026-04-12T09:35:55Z,owner,true,(organic),DE,false,juno-partners.com,starter,49
acc_30ecc5713d6c,2026-02-13T22:14:39Z,owner,true,docs,AU,false,yahoo.com,free,0
acc_0a78d1cad74e,2026-05-10T08:17:53Z,owner,true,(organic),US,false,juno-digital.co,free,0
acc_075d5f4cf0e1,2026-03-01T07:07:45Z,agent,false,(organic),NL,false,kestrel-app.de,free,0
acc_90bdf2c91ac5,2026-05-24T08:43:12Z,owner,true,docs,US,false,yahoo.com,team,149
acc_e47d2f3ea748,2026-07-23T11:54:43Z,admin,false,(organic),IN,false,yahoo.com,free,0
acc_c5d59367382b,2026-06-19T19:20:43Z,agent,false,q3-search,PL,false,hotmail.com,free,0
acc_8007a5faf667,2026-07-16T19:20:20Z,admin,false,(direct),SG,false,proton.me,free,0
acc_c7cabb69f72f,2026-03-31T14:08:28Z,agent,false,partner-directory,FR,false,harbor-group.ai,free,0
acc_2b05ea5d5d87,2026-02-11T08:56:47Z,agent,false,q3-search,CA,false,atlassoftware.co,free,0
acc_e0b8a1a52aab,2026-04-09T09:56:08Z,agent,false,docs,NL,false,atlasco.com,free,0
acc_01d9848c1196,2026-03-25T10:29:01Z,agent,false,partner-directory,IN,false,tempocloud.nl,free,0
acc_0e0cc8766945,2026-04-16T11:53:09Z,owner,true,q3-search,PL,false,basilsoftware.co.uk,free,0
acc_b5744309413c,2026-04-15T13:22:00Z,admin,false,(direct),DE,false,verano-io.nl,free,0
acc_db08219769a7,2026-07-24T07:50:33Z,admin,false,q3-search,BR,false,pilot-co.net,free,0
acc_c876772d23d1,2026-02-10T09:32:44Z,admin,false,q3-search,US,false,yahoo.com,free,0
acc_1c0b0c9a1a14,2026-03-06T17:26:09Z,agent,false,q3-search,FR,false,pilotpartners.com,free,0
acc_c2c7e542e7da,2026-07-26T14:51:52Z,owner,true,partner-directory,GB,false,yahoo.com,free,0
acc_492442af8a55,2026-03-06T04:04:04Z,agent,false,(organic),NL,false,tandem-solutions.com,free,0
acc_6973a658af7e,2026-07-02T07:49:10Z,admin,false,(direct),AU,false,forge-io.ai,free,0
acc_731c83313bce,2026-06-14T20:05:56Z,owner,true,docs,CA,false,cedar-software.com,free,0
acc_def8e5784512,2026-06-06T12:47:47Z,agent,false,(direct),SE,false,copper-cloud.de,free,0
acc_d2dbb62005e2,2026-05-13T17:16:37Z,owner,true,docs,GB,false,pier-co.com,starter,49
acc_74f6807524a3,2026-07-18T22:06:04Z,agent,false,q3-search,IN,false,orbit-works.de,free,0
acc_cd455fc91c45,2026-06-30T21:53:17Z,agent,false,q3-search,ES,false,gmail.com,free,0
acc_3c8dc0311f1f,2026-05-12T21:17:05Z,owner,true,q3-search,FR,false,cedarco.net,free,0
acc_8b530e1018d9,2026-06-18T17:43:01Z,owner,true,(organic),IE,false,solace-io.ai,free,0
acc_d4fbb83648a8,2026-07-18T05:05:19Z,owner,true,partner-directory,PL,false,glideio.io,free,0
acc_c9dd148de976,2026-03-11T09:44:21Z,owner,true,(direct),CA,false,gmail.com,free,0
acc_d7186170f0e2,2026-05-08T19:50:54Z,agent,false,partner-directory,US,false,kestreldigital.co.uk,free,0
acc_7f29a2a4e955,2026-03-21T20:04:45Z,admin,false,(organic),DE,false,glide-studio.nl,free,0
acc_4249fd8608cf,2026-05-05T21:08:46Z,agent,false,q3-search,US,false,onyx-hq.com,free,0
acc_ed5899175d32,2026-03-02T09:31:33Z,agent,false,docs,US,false,pilotio.io,free,0
acc_9aebdf63c2eb,2026-04-27T10:13:38Z,owner,true,partner-directory,DE,false,proton.me,free,0
acc_5b6af917989c,2026-07-11T10:14:24Z,agent,false,partner-directory,BR,false,forgedigital.nl,free,0
acc_e3ffae8a4d3a,2026-07-28T07:43:06Z,owner,true,(organic),US,false,outlook.com,free,0
acc_7c67a35d8dc4,2026-02-08T08:14:56Z,agent,false,(organic),US,false,onyx-hq.nl,free,0
acc_79ba8d4f42c0,2026-07-20T13:53:48Z,agent,false,(organic),PL,false,icloud.com,free,0
acc_4f2e18f0515a,2026-07-08T12:31:07Z,agent,false,(organic),GB,false,tempo-solutions.de,free,0
acc_1db4c76eb4db,2026-02-18T22:45:33Z,admin,false,partner-directory,ES,false,copperlabs.net,free,0
acc_c8c544b530c7,2026-06-06T19:21:00Z,agent,false,q3-search,CA,false,forgesystems.co.uk,free,0
acc_2b129d85116a,2026-03-29T14:12:17Z,admin,false,docs,US,false,summit-labs.nl,free,0
acc_89c99b08c3d8,2026-07-08T22:40:37Z,admin,false,(organic),US,false,proton.me,free,0
acc_66ecd814801f,2026-04-02T01:48:11Z,owner,true,docs,NL,false,lattice-group.com,free,0
acc_941ac0b0535b,2026-02-07T17:20:08Z,admin,false,q3-search,AU,false,gmail.com,free,0
acc_c431862971d4,2026-02-02T11:57:45Z,owner,true,(organic),IE,false,tempopartners.co.uk,free,0
acc_be29c4389bce,2026-07-08T08:37:34Z,admin,false,q3-search,AU,false,outlook.com,free,0
acc_0bf7f29eeae5,2026-02-23T07:23:01Z,owner,true,(direct),IN,false,basilpartners.co.uk,free,0
acc_888a5369b1b5,2026-05-16T12:01:34Z,agent,false,q3-search,US,false,icloud.com,free,0
acc_da5643fad104,2026-05-15T12:51:32Z,agent,false,q3-search,FR,false,meridianworks.co,free,0
acc_07871825c2fc,2026-03-08T13:40:03Z,agent,false,(direct),IN,false,yahoo.com,free,0
acc_1ab6fe0e1ee7,2026-06-17T20:12:44Z,admin,false,docs,GB,false,yahoo.com,free,0
acc_efaa73e89ba4,2026-02-19T22:22:40Z,agent,false,(organic),BR,false,outlook.com,free,0
acc_481f067dc6cc,2026-05-13T09:04:03Z,agent,false,partner-directory,FR,false,glide-studio.com,free,0
acc_c19bb8615834,2026-02-07T12:46:05Z,agent,false,partner-directory,CA,false,gmail.com,free,0
acc_f17ab97b8329,2026-03-12T18:18:12Z,agent,false,q3-search,AU,false,orbit-studio.com,free,0
acc_344c0fc53cfc,2026-04-24T00:54:43Z,agent,false,(direct),IN,false,lumen-io.com,free,0
acc_a5c7683da9ec,2026-06-14T14:47:55Z,admin,false,docs,US,false,icloud.com,free,0
acc_be6a63fc263f,2026-04-09T18:46:36Z,agent,false,(organic),US,false,veranoworks.co,free,0
acc_e0215ac258e4,2026-03-13T14:26:48Z,owner,true,docs,CA,false,veranosoftware.ai,free,0
acc_93b73aa1e1d1,2026-05-20T12:14:40Z,admin,false,partner-directory,BR,false,outlook.com,free,0
acc_54385546540d,2026-04-29T15:59:06Z,admin,false,(direct),US,false,icloud.com,free,0
acc_732ca27979f5,2026-02-07T07:05:20Z,admin,false,(organic),SG,false,verano-digital.co,free,0
acc_53cbd85f1d97,2026-04-29T13:10:45Z,owner,true,docs,FR,false,yahoo.com,team,149
acc_4725511ae799,2026-07-01T13:46:45Z,agent,false,(organic),US,false,orbit-partners.de,free,0
acc_791523ccbbd7,2026-03-13T09:15:49Z,agent,false,(organic),US,false,tandemio.ai,free,0
acc_35864ed89a1e,2026-05-13T07:50:10Z,owner,true,(organic),ES,false,meridian-io.com,free,0
acc_15f9b02f3f80,2026-03-04T10:44:33Z,admin,false,(organic),NL,false,outlook.com,free,0
acc_8dcf7d77961d,2026-07-18T11:52:27Z,agent,false,q3-search,FR,false,cedarhq.com,free,0
acc_3e3b660d8eb0,2026-03-21T12:36:04Z,agent,false,(organic),DE,false,proton.me,free,0
acc_3eca6be5768d,2026-03-15T13:36:51Z,agent,false,q3-search,GB,false,onyx-labs.com,free,0
acc_d82097cf67da,2026-06-24T05:17:12Z,owner,true,partner-directory,FR,false,pilotco.io,free,0
acc_83256f551f36,2026-06-08T10:05:39Z,owner,true,q3-search,GB,false,harborcloud.co,free,0
acc_a6053b866464,2026-05-11T14:33:58Z,admin,false,docs,US,false,lumen-app.io,free,0
acc_ae6dc255bb36,2026-06-29T08:50:29Z,owner,true,(direct),IE,false,yahoo.com,free,0
acc_eaa20f966b66,2026-03-16T16:49:38Z,owner,true,q3-search,IE,false,yahoo.com,free,0
acc_be4b860abbbf,2026-05-13T14:10:31Z,owner,true,q3-search,US,false,gmail.com,free,0
acc_79c2fc6c18b7,2026-07-24T12:01:22Z,agent,false,(organic),CA,false,north-works.com,free,0
acc_30ff8d261a4b,2026-06-27T15:17:47Z,agent,false,q3-search,SE,false,proton.me,free,0
acc_84fa0e993aa5,2026-02-05T01:06:58Z,agent,false,partner-directory,US,false,hotmail.com,free,0
acc_56efe3538e26,2026-07-18T00:18:11Z,agent,false,(organic),BR,false,proton.me,free,0
acc_012a1e0a39e6,2026-04-22T09:49:11Z,admin,false,q3-search,US,false,yahoo.com,free,0
acc_c54368acea2f,2026-04-20T13:42:59Z,agent,false,q3-search,GB,false,stackhq.com,free,0
acc_8b256a7b49be,2026-07-07T19:02:56Z,admin,false,q3-search,PL,false,cedar-labs.com,free,0
acc_db5f390c0b21,2026-07-25T15:19:02Z,owner,true,(organic),AU,false,summitcloud.com,free,0
acc_517ca9562e1b,2026-06-22T02:29:08Z,owner,true,(organic),US,false,basilco.co,free,0
acc_6883ba5ef142,2026-04-10T18:34:39Z,owner,true,docs,IN,false,gmail.com,team,149
acc_4945dfae4745,2026-03-16T16:29:03Z,agent,false,(direct),US,false,vertex-digital.co.uk,free,0
acc_d06166594391,2026-07-22T14:01:22Z,admin,false,(organic),US,false,atlas-systems.com,free,0
acc_21795de87b84,2026-02-12T13:22:50Z,agent,false,(organic),IE,false,stack-solutions.de,free,0
acc_9f55ddc6b13f,2026-05-29T18:09:30Z,admin,false,(direct),FR,false,juno-tech.co,free,0
acc_3c88c3f1ceb7,2026-06-06T07:04:04Z,owner,true,(organic),PL,false,lattice-works.co,team,149
acc_133d461fbc82,2026-05-10T13:10:32Z,admin,false,q3-search,US,false,cedarhq.ai,free,0
acc_450744f94e7c,2026-03-14T15:47:42Z,agent,false,(organic),GB,false,lumen-io.com,free,0
acc_f3a4ebdddd59,2026-07-30T00:41:21Z,agent,false,q3-search,DE,false,icloud.com,free,0
acc_9957eec9441a,2026-07-19T17:18:55Z,admin,false,partner-directory,US,false,yahoo.com,free,0
acc_cdb4da586d3a,2026-03-22T15:22:46Z,owner,true,q3-search,US,false,outlook.com,free,0
acc_e66008052cd9,2026-03-13T00:09:35Z,agent,false,(organic),SG,false,gmail.com,free,0
acc_3ec9c6e503f5,2026-06-26T18:25:55Z,agent,false,partner-directory,NL,false,pilot-works.co.uk,free,0
acc_02e8f61ece34,2026-06-14T14:54:18Z,admin,false,(direct),DE,false,yahoo.com,free,0
acc_06f698b04030,2026-02-26T09:49:54Z,agent,false,partner-directory,US,false,lattice-tech.nl,free,0
acc_972ca50b6969,2026-05-15T11:39:28Z,owner,true,(direct),PL,false,cedargroup.com,free,0
acc_b37ae4a47374,2026-06-25T11:21:39Z,agent,false,q3-search,US,false,icloud.com,free,0
acc_cc5c5a1a44f3,2026-04-15T18:07:39Z,owner,true,partner-directory,AU,false,hotmail.com,free,0
acc_15ee6f5da871,2026-02-19T15:30:57Z,agent,false,(organic),DE,false,marlowsoftware.de,free,0
acc_0896e970634a,2026-04-26T20:28:27Z,owner,true,docs,GB,false,glide-studio.nl,team,149
acc_f9d2393eeb89,2026-03-08T10:14:55Z,owner,true,(organic),CA,false,nimbus-cloud.co.uk,free,0
acc_382e6e76fb45,2026-04-17T20:24:26Z,owner,true,(organic),US,false,ridge-group.com,team,149
acc_70dc3aa9f053,2026-05-03T08:06:29Z,agent,false,partner-directory,GB,false,icloud.com,free,0
acc_363a558a02f4,2026-07-22T14:47:37Z,agent,false,(direct),ES,false,yahoo.com,free,0
acc_e254d8811985,2026-03-12T09:52:04Z,owner,true,(organic),DE,false,piersoftware.co,free,0
acc_5f45b0d32782,2026-05-19T15:22:18Z,agent,false,q3-search,DE,false,gmail.com,free,0
acc_0fbc52688c4a,2026-02-19T15:44:39Z,admin,false,partner-directory,ES,false,ridgecloud.net,free,0
acc_8c9bebf436c4,2026-02-28T17:57:14Z,owner,true,(organic),NL,false,kestrelsolutions.com,free,0
acc_f94a3ddd9b5e,2026-06-29T16:49:26Z,admin,false,(direct),SG,false,yahoo.com,free,0
acc_98542f2a036c,2026-06-18T16:37:24Z,owner,true,docs,US,false,tandem-app.ai,free,0
acc_cded6038ec80,2026-04-25T11:37:17Z,owner,true,q3-search,IN,false,lumen-cloud.co,free,0
acc_774b80bfcb84,2026-02-21T13:29:28Z,admin,false,docs,ES,false,summitsystems.nl,free,0
acc_104c70d0c6c0,2026-06-28T16:01:55Z,agent,false,(organic),FR,false,lattice-partners.co,free,0
acc_987d08ef3448,2026-03-30T11:06:55Z,agent,false,(organic),DE,false,copper-works.nl,free,0
acc_39b19d6565ad,2026-07-04T02:09:11Z,agent,false,(direct),DE,false,summit-io.com,free,0
acc_069d38a25c9a,2026-06-26T06:08:08Z,admin,false,(organic),FR,false,brightlabs.co,free,0
acc_307d81b48f42,2026-03-21T12:46:07Z,agent,false,(organic),CA,false,coppergroup.io,free,0
acc_cf095c148b9b,2026-04-06T19:19:10Z,owner,true,docs,GB,false,alpinecloud.net,free,0
acc_b1fe804ead24,2026-04-10T16:20:41Z,owner,true,(direct),NL,false,junotech.com,free,0
acc_9a57e6f838dc,2026-04-23T16:28:25Z,agent,false,partner-directory,CA,false,quillgroup.io,free,0
acc_ef19a3b215ef,2026-06-01T08:07:57Z,agent,false,partner-directory,US,false,hotmail.com,free,0
acc_fd6ce94b0de9,2026-07-17T20:15:58Z,admin,false,docs,GB,false,yahoo.com,free,0
acc_4b336021867e,2026-02-16T07:26:57Z,admin,false,(organic),NL,false,yahoo.com,free,0
acc_822df0fcae13,2026-06-27T08:47:10Z,owner,true,(direct),BR,false,north-group.net,free,0
acc_8bff97b48401,2026-02-15T10:04:12Z,agent,false,q3-search,FR,false,pilot-group.co,free,0
acc_3b389fb137d1,2026-03-21T16:16:01Z,agent,false,(direct),IN,false,veranoworks.co,free,0
acc_3b76f12819f1,2026-06-25T11:19:38Z,admin,false,partner-directory,SG,false,orbitworks.co.uk,free,0
acc_5fe14489c04d,2026-04-11T16:17:12Z,agent,false,q3-search,US,false,cedarsystems.com,free,0
acc_0c22f952163c,2026-04-24T10:51:14Z,agent,false,partner-directory,GB,false,outlook.com,free,0
acc_4edd1eda3768,2026-06-18T05:12:15Z,admin,false,(organic),ES,false,nimbuspartners.ai,free,0
acc_310e6d498ea5,2026-04-27T18:21:04Z,agent,false,partner-directory,FR,false,lattice-partners.co,free,0
acc_18f9c8ac9780,2026-06-14T22:10:30Z,owner,true,(organic),US,false,proton.me,starter,49
acc_33a42cb82fb0,2026-07-15T15:11:15Z,agent,false,(direct),DE,false,cedarco.net,free,0
acc_bd16d59d92f7,2026-03-12T08:51:33Z,agent,false,(organic),AU,false,yahoo.com,free,0
acc_04a52bec3207,2026-05-18T05:52:18Z,agent,false,q3-search,BR,false,glideco.co,free,0
acc_32d551730437,2026-03-08T09:22:54Z,agent,false,(organic),ES,false,pilot-studio.de,free,0
acc_e345ed3e07f8,2026-07-12T08:21:15Z,admin,false,partner-directory,US,false,forge-co.net,free,0
acc_128867fba0cf,2026-06-18T15:08:13Z,agent,false,(organic),GB,false,orbitio.ai,free,0
acc_e37ae27b04ee,2026-03-29T15:01:13Z,agent,false,q3-search,NL,false,junoio.com,free,0
acc_cb72fc5f3cda,2026-06-02T10:31:47Z,owner,true,(direct),US,false,ridgestudio.de,starter,49
acc_3db3d4983544,2026-06-13T13:26:29Z,agent,false,(organic),FR,false,outlook.com,free,0
acc_8ba35a7c1eaa,2026-07-06T14:24:50Z,agent,false,q3-search,IN,false,pilotsolutions.com,free,0
acc_238fe6232a77,2026-06-15T14:32:11Z,agent,false,(direct),BR,false,hotmail.com,free,0
acc_b3ff4384d60a,2026-05-26T19:25:14Z,owner,true,(direct),US,false,hotmail.com,business,399
acc_e7137609c467,2026-06-07T10:34:58Z,owner,true,(organic),US,false,atlascloud.ai,free,0
acc_8d22c9cc48d6,2026-04-26T09:13:55Z,admin,false,(organic),CA,false,orbit-software.co.uk,free,0
acc_04ba3a7f9d73,2026-05-06T00:38:01Z,agent,false,(organic),US,false,ridge-group.nl,free,0
acc_6cfc5576a479,2026-06-22T17:11:01Z,admin,false,docs,AU,false,pier-studio.co.uk,free,0
acc_f924910f805d,2026-05-14T15:27:00Z,agent,false,q3-search,US,false,proton.me,free,0
acc_38294bd84de0,2026-07-20T11:09:04Z,agent,false,(organic),US,false,cedar-software.com,free,0
acc_25d2ef9dcbfb,2026-04-19T08:40:09Z,agent,false,(organic),CA,false,summitlabs.co,free,0
acc_b96d80e9fdfd,2026-03-18T18:30:50Z,agent,false,q3-search,GB,false,yahoo.com,free,0
acc_29acdc8743c5,2026-06-22T15:52:31Z,agent,false,(direct),SG,false,icloud.com,free,0
acc_e8aaf53db5b1,2026-04-11T11:23:03Z,admin,false,partner-directory,US,false,coppergroup.io,free,0
acc_6f499e69e6c1,2026-04-03T15:35:06Z,agent,false,(organic),BR,false,outlook.com,free,0
acc_5c56be9c5155,2026-06-05T10:11:25Z,agent,false,q3-search,SE,false,alpine-studio.co.uk,free,0
acc_6812d2fc9188,2026-07-29T07:58:06Z,agent,false,q3-search,SG,false,hotmail.com,free,0
acc_d68a81010504,2026-03-04T14:47:45Z,agent,false,(organic),GB,false,basil-partners.co.uk,free,0
acc_b39f8ee665d5,2026-05-21T19:46:48Z,agent,false,(organic),IN,false,copper-studio.io,free,0
acc_67c661989877,2026-05-26T10:06:28Z,agent,false,(organic),PL,false,proton.me,free,0
acc_08af4dab14a6,2026-04-19T10:52:12Z,agent,false,(direct),US,false,piersystems.de,free,0
acc_31be32642ee4,2026-02-07T15:14:54Z,owner,true,(organic),US,false,vertexsolutions.com,free,0
acc_399ec19e0182,2026-04-03T11:53:22Z,agent,false,(direct),SE,false,proton.me,free,0
acc_211958b95448,2026-07-20T11:17:57Z,owner,true,(direct),IE,false,outlook.com,free,0
acc_3e96a2070368,2026-07-03T10:24:15Z,owner,true,docs,GB,false,gmail.com,free,0
acc_574d55c46ec3,2026-04-03T15:00:42Z,admin,false,(organic),GB,false,outlook.com,starter,49
acc_d13062018b6f,2026-05-29T17:45:30Z,agent,false,(organic),DE,false,yahoo.com,free,0
acc_022302c6cdd1,2026-05-12T08:01:13Z,admin,false,(organic),GB,false,lattice-labs.io,free,0
acc_ffb377944b6a,2026-04-29T08:33:50Z,owner,true,(organic),PL,false,tempo-co.ai,free,0
acc_efa2df2a2c37,2026-04-06T20:14:05Z,admin,false,q3-search,CA,false,proton.me,free,0
acc_da040d394ae6,2026-05-13T16:43:05Z,agent,false,(organic),US,false,yahoo.com,free,0
acc_b3e1129d864c,2026-07-20T00:04:06Z,agent,false,(organic),US,false,tandemsystems.co.uk,free,0
acc_e34281c698d5,2026-06-18T20:48:29Z,owner,true,q3-search,AU,false,yahoo.com,free,0
acc_3452d650c342,2026-03-24T08:44:08Z,agent,false,q3-search,AU,false,marlowco.com,free,0
acc_0e27c4f565c2,2026-05-01T15:29:27Z,owner,true,docs,GB,false,kestrelsolutions.com,team,149
acc_e7610e9c9a4e,2026-07-16T07:54:13Z,owner,true,partner-directory,GB,false,kestrel-tech.com,free,0
acc_49d5c33a85d9,2026-03-18T11:06:47Z,admin,false,docs,ES,false,hotmail.com,free,0
acc_e034d85bf802,2026-04-13T13:05:36Z,agent,false,(organic),ES,false,outlook.com,free,0
acc_c8cbc410fb4b,2026-07-31T15:51:22Z,agent,false,q3-search,BR,false,bright-partners.co,free,0
acc_97ecdad39512,2026-05-19T22:16:41Z,admin,false,partner-directory,DE,false,vertex-digital.net,free,0
acc_d72b60d9c0e8,2026-03-03T15:35:38Z,agent,false,(organic),BR,false,bright-app.co.uk,free,0
acc_b3652bcadac1,2026-03-19T18:35:29Z,agent,false,(organic),GB,false,onyxco.co.uk,free,0
acc_370352868ea1,2026-07-13T06:30:36Z,agent,false,q3-search,IN,false,alpinelabs.com,free,0
acc_fd35ccc0a2c0,2026-03-21T19:59:41Z,admin,false,partner-directory,PL,false,pierdigital.de,free,0
acc_58c85dac8594,2026-06-22T18:39:22Z,owner,true,partner-directory,CA,false,forge-group.com,starter,49
acc_1c7692893555,2026-06-05T15:35:29Z,admin,false,q3-search,GB,false,alpine-partners.ai,free,0
acc_ea9188f08867,2026-07-23T21:58:02Z,owner,true,partner-directory,CA,false,verano-tech.ai,free,0
acc_8ace205ed669,2026-07-17T14:54:38Z,owner,true,(direct),US,false,copper-partners.nl,free,0
acc_cf54b46f1de6,2026-07-23T16:48:34Z,agent,false,q3-search,PL,false,summitapp.de,free,0
acc_f5785cd6d262,2026-02-05T12:45:01Z,owner,true,docs,BR,false,lumen-digital.net,free,0
acc_7f48fd438b0a,2026-02-12T20:05:09Z,agent,false,partner-directory,AU,false,outlook.com,free,0
acc_89b0a45df11a,2026-03-09T13:19:44Z,agent,false,(direct),GB,false,proton.me,free,0
acc_49da50f52939,2026-06-16T11:20:17Z,agent,false,(organic),DE,false,orbit-studio.com,free,0
acc_e8ff748bb879,2026-03-25T07:51:12Z,agent,false,q3-search,FR,false,yahoo.com,free,0
acc_08e4e5d52027,2026-04-05T17:18:33Z,owner,true,(direct),GB,false,quill-studio.co,free,0
acc_0392740bd81b,2026-02-16T13:05:14Z,agent,false,q3-search,CA,false,veranosoftware.com,free,0
acc_1113f2553326,2026-02-06T01:07:56Z,agent,false,(organic),CA,false,gmail.com,free,0
acc_37f1ae23f1a0,2026-06-08T08:22:35Z,owner,true,(organic),PL,false,outlook.com,starter,49
acc_f9482b790b6a,2026-03-03T17:42:57Z,admin,false,partner-directory,US,false,northpartners.de,free,0
acc_b0bb9240f912,2026-04-24T11:46:01Z,owner,true,(direct),US,false,alpinepartners.de,business,399
acc_170c8a82bb78,2026-05-15T00:18:46Z,agent,false,q3-search,US,false,juno-studio.co,free,0
acc_3ed7c9c9cb70,2026-04-02T15:36:44Z,agent,false,q3-search,FR,false,atlas-studio.com,free,0
acc_7831e4b117b3,2026-03-17T19:03:02Z,owner,true,docs,DE,false,pier-studio.co.uk,free,0
acc_39b640ceb652,2026-06-18T10:34:40Z,agent,false,(organic),GB,false,forgeapp.de,free,0
acc_d6eb0073db17,2026-05-06T19:21:25Z,owner,true,(direct),AU,false,glidesolutions.io,free,0
acc_6582faa3bbf3,2026-03-05T19:49:45Z,agent,false,q3-search,US,false,pilotsolutions.ai,free,0
acc_0ae32a4faecb,2026-06-16T06:13:23Z,admin,false,partner-directory,IN,false,verano-hq.com,free,0
acc_938d076bf0e0,2026-05-15T18:30:14Z,admin,false,(organic),IE,false,yahoo.com,free,0
acc_7af622172183,2026-05-19T18:15:23Z,owner,true,(direct),BR,false,onyx-labs.com,starter,49
acc_9b43d5817e24,2026-06-10T14:39:24Z,owner,true,docs,US,false,solace-io.com,free,0
acc_24edd9b9380b,2026-06-19T16:07:11Z,agent,false,(organic),SG,false,onyx-co.net,free,0
acc_b7282c2e1e6d,2026-05-29T08:17:28Z,admin,false,(direct),US,false,alpinehq.nl,free,0
acc_a8780552a0cc,2026-05-01T14:33:08Z,admin,false,(direct),GB,false,glidesystems.io,free,0
acc_fd45a6fe9c62,2026-05-12T07:05:20Z,agent,false,q3-search,IN,false,meridian-systems.nl,free,0
acc_96b6caa03d9a,2026-07-04T22:28:27Z,admin,false,(organic),US,false,yahoo.com,free,0
acc_06b7daf43b11,2026-05-31T16:49:10Z,agent,false,q3-search,US,false,proton.me,free,0
acc_d628dfb2908f,2026-04-06T21:22:34Z,agent,false,partner-directory,AU,false,solaceio.ai,free,0
acc_54ce7822e231,2026-06-07T07:15:12Z,admin,false,(organic),IN,false,proton.me,free,0
acc_4ece8702e56a,2026-07-19T11:53:08Z,agent,false,(organic),IE,false,yahoo.com,free,0
acc_dc76feeb8f9a,2026-02-21T23:42:41Z,agent,false,(organic),CA,false,forge-works.com,free,0
acc_60f4eec2253c,2026-06-27T08:45:16Z,agent,false,(organic),US,false,ridge-co.net,free,0
acc_160c45db297d,2026-02-02T09:31:38Z,agent,false,(direct),US,false,gmail.com,free,0
acc_7534d68f5811,2026-02-22T05:16:09Z,agent,false,partner-directory,NL,false,vertexio.co.uk,free,0
acc_bd40106b5906,2026-03-30T12:48:35Z,owner,true,docs,ES,false,yahoo.com,free,0
acc_f1744189b3d4,2026-03-29T19:16:22Z,admin,false,partner-directory,US,false,pilot-studio.nl,free,0
acc_884a53365471,2026-03-16T16:16:24Z,owner,true,(organic),ES,false,north-group.co.uk,free,0
acc_3cca2f309323,2026-05-20T08:35:00Z,agent,false,(organic),DE,false,vertex-co.com,free,0
acc_ac88fe75b9fc,2026-02-27T15:29:03Z,agent,false,partner-directory,SE,false,forgesoftware.com,free,0
acc_47488e06dcff,2026-05-09T09:11:07Z,owner,true,q3-search,US,false,yahoo.com,free,0
acc_57f070fb1111,2026-06-11T09:21:57Z,agent,false,q3-search,ES,false,harbor-partners.ai,free,0
acc_243f6ea18ad8,2026-05-14T07:30:16Z,admin,false,(direct),IN,false,meridianapp.net,free,0
acc_f724155c22e4,2026-07-21T09:36:41Z,admin,false,(organic),IN,false,meridian-digital.net,free,0
acc_4ec5f7a5e8a7,2026-02-17T22:35:09Z,admin,false,docs,CA,false,meridian-io.com,free,0
acc_aca214643918,2026-05-15T19:53:23Z,agent,false,(organic),US,false,vertex-labs.de,free,0
acc_ca52649571d4,2026-06-09T23:43:24Z,agent,false,(organic),AU,false,copper-tech.ai,free,0
acc_68c916a1af60,2026-03-10T03:37:40Z,admin,false,(organic),ES,false,lattice-solutions.co.uk,free,0
acc_fff570faa885,2026-05-27T02:11:08Z,agent,false,(organic),GB,false,atlas-app.co.uk,free,0
acc_1b58a2e71ace,2026-02-08T11:18:11Z,admin,false,(organic),NL,false,cedarapp.nl,free,0
acc_5996e3bcddf7,2026-06-05T16:58:27Z,agent,false,q3-search,CA,false,copper-systems.co.uk,free,0
acc_9474757fc5b9,2026-04-26T13:56:18Z,owner,true,partner-directory,ES,false,ridge-group.com,starter,49
acc_826c92351e3d,2026-04-23T17:56:20Z,agent,false,(organic),US,false,copper-labs.io,free,0
acc_cf35ae43cb88,2026-03-16T18:45:48Z,owner,true,docs,DE,false,summit-group.io,free,0
acc_4c6b4373dd7b,2026-06-13T16:58:02Z,agent,false,q3-search,PL,false,atlaspartners.nl,free,0
acc_a13645aca882,2026-04-04T21:27:52Z,owner,true,(organic),FR,false,hotmail.com,free,0
acc_0ab1b1568310,2026-05-20T12:19:40Z,agent,false,(organic),NL,false,proton.me,free,0
acc_ea536ee3f7d7,2026-04-08T11:28:53Z,agent,false,q3-search,SE,false,copper-hq.nl,free,0
acc_1f696a565e0d,2026-03-04T09:55:41Z,agent,false,(organic),IN,false,juno-systems.io,free,0
acc_0509b9b2d7de,2026-02-11T17:00:36Z,agent,false,q3-search,CA,false,alpinesoftware.nl,free,0
acc_6ba195a51a1d,2026-07-01T12:23:01Z,agent,false,docs,US,false,yahoo.com,free,0
acc_9ca7dfb7bde0,2026-04-22T08:54:59Z,agent,false,q3-search,US,false,outlook.com,free,0
acc_ed4f62d28fbe,2026-07-25T09:57:14Z,owner,true,docs,IN,false,proton.me,free,0
acc_9410f13f9f6f,2026-02-14T14:51:52Z,admin,false,q3-search,FR,false,juno-tech.co,free,0
acc_8463d648f475,2026-04-23T15:39:42Z,agent,false,q3-search,NL,false,hotmail.com,free,0
acc_446ba40d77ad,2026-05-01T16:25:19Z,admin,false,(organic),PL,false,latticehq.com,free,0
acc_5efd356c7a53,2026-06-16T18:12:34Z,agent,false,(direct),DE,false,outlook.com,free,0
acc_f8adbbcf73db,2026-03-13T08:23:33Z,owner,true,docs,ES,false,marlowco.com,free,0
acc_7ae3a8147985,2026-03-19T23:47:38Z,owner,true,partner-directory,GB,false,bright-works.nl,free,0
acc_d9976206ba61,2026-07-01T13:17:41Z,agent,false,(organic),GB,false,glidesoftware.io,free,0
acc_d967c9ab0881,2026-02-25T18:22:59Z,agent,false,q3-search,SE,false,outlook.com,free,0
acc_bad2b539fa61,2026-07-27T08:45:46Z,owner,true,q3-search,SG,false,icloud.com,free,0
acc_e9f8ef1d410c,2026-02-20T17:42:19Z,admin,false,docs,AU,false,orbit-software.co.uk,free,0
acc_3bf68394daf9,2026-05-15T20:12:10Z,admin,false,(organic),SE,false,proton.me,free,0
acc_a8b5c2ff2179,2026-02-04T08:22:50Z,agent,false,(organic),US,false,lumen-hq.nl,free,0
acc_fbb0304d0188,2026-02-20T17:25:38Z,owner,true,(direct),PL,false,tandem-app.co,free,0
acc_3d38d979cd3c,2026-06-26T17:25:38Z,agent,false,q3-search,SE,false,kestrelpartners.ai,free,0
acc_0c3509d7791a,2026-07-30T14:24:52Z,owner,true,(organic),NL,false,lumen-solutions.com,free,0
acc_f17c57458042,2026-05-11T09:04:37Z,agent,false,(organic),GB,false,gmail.com,free,0
acc_b1945e582d08,2026-02-06T18:54:02Z,agent,false,docs,DE,false,kestrelcloud.co,free,0
acc_b38419d3090f,2026-02-22T18:08:01Z,owner,true,docs,ES,false,forge-partners.net,free,0
acc_0d8d08c1417f,2026-07-14T12:44:02Z,owner,true,partner-directory,GB,false,atlas-app.co.uk,free,0
acc_db81226b3afd,2026-03-08T22:54:51Z,agent,false,(organic),IE,false,tempo-tech.net,free,0
acc_04d716d95a2f,2026-07-18T11:13:39Z,admin,false,docs,US,false,lattice-tech.com,free,0
acc_ebb73e3d3631,2026-02-02T06:58:01Z,owner,true,partner-directory,US,false,cedarhq.net,free,0
acc_0ad531680d8d,2026-03-06T10:23:29Z,agent,false,partner-directory,US,false,ridgedigital.io,free,0
acc_1034e76b296b,2026-06-10T15:34:47Z,admin,false,partner-directory,US,false,yahoo.com,free,0
acc_54f88cd2b921,2026-07-22T09:02:58Z,agent,false,q3-search,US,false,harborlabs.com,free,0
acc_7185730a0888,2026-07-13T14:21:22Z,agent,false,docs,CA,false,junohq.io,free,0
acc_6151b2e1fc9d,2026-03-13T09:45:01Z,agent,false,(organic),DE,false,summitapp.ai,free,0
acc_f61ea4de303c,2026-06-07T19:52:44Z,owner,true,docs,US,false,alpine-studio.de,free,0
acc_84b9959d33fe,2026-03-24T17:05:28Z,admin,false,(direct),SE,false,yahoo.com,free,0
acc_98b2f97d4c0e,2026-02-24T11:43:58Z,agent,false,q3-search,US,false,ridge-group.com,free,0
acc_db07b094d63c,2026-06-14T17:05:22Z,agent,false,(direct),AU,false,marlow-app.com,free,0
acc_975d2daec2c6,2026-06-14T13:39:41Z,owner,true,docs,DE,false,yahoo.com,free,0
acc_d67b115f5231,2026-05-09T07:04:25Z,owner,true,docs,FR,false,yahoo.com,free,0
acc_9f667c9f8d6a,2026-05-06T09:36:04Z,admin,false,partner-directory,BR,false,marlowapp.com,free,0
acc_7a0cb45e29c7,2026-06-22T09:17:09Z,agent,false,docs,GB,false,basilpartners.de,free,0
acc_f87af69f4862,2026-04-14T10:12:04Z,owner,true,q3-search,DE,false,alpine-cloud.com,free,0
acc_5df19da6ab96,2026-07-25T11:46:00Z,agent,false,(organic),BR,false,kestrel-co.com,free,0
acc_05d294d70fc7,2026-05-28T10:44:41Z,owner,true,partner-directory,NL,false,basil-works.nl,free,0
acc_13601cda23c4,2026-06-01T09:34:02Z,owner,true,docs,AU,false,harborsolutions.net,free,0
acc_eb4b14d0a968,2026-07-10T20:32:36Z,admin,false,(organic),GB,false,icloud.com,free,0
acc_9a59d215dbb3,2026-06-19T12:00:46Z,agent,false,q3-search,SE,false,verano-software.co,free,0
acc_ed1ec5aa8688,2026-02-28T09:48:48Z,admin,false,(organic),US,false,proton.me,free,0
acc_dd14b6595023,2026-07-26T17:25:10Z,owner,true,partner-directory,CA,false,yahoo.com,free,0
acc_70892dea23e0,2026-06-18T17:02:45Z,agent,false,(direct),US,false,meridian-labs.com,free,0
acc_e868267f41c7,2026-04-08T11:31:14Z,owner,true,(direct),US,false,yahoo.com,free,0
acc_d102d4b82350,2026-03-30T16:50:46Z,agent,false,(organic),SE,false,hotmail.com,free,0
acc_14e144fcf5ad,2026-07-02T10:52:40Z,agent,false,partner-directory,AU,false,copper-studio.io,free,0
acc_99c0e314f55f,2026-06-27T12:07:11Z,owner,true,(organic),SG,false,veranosystems.io,free,0
acc_a9e13b9ebaee,2026-06-25T20:55:49Z,agent,false,(organic),CA,false,hotmail.com,free,0
acc_b3264568e58b,2026-06-26T12:26:06Z,admin,false,q3-search,SG,false,stacksystems.ai,free,0
acc_4393706f7cf4,2026-07-21T18:27:39Z,agent,false,(organic),IN,false,verano-labs.com,free,0
acc_f4017875791d,2026-05-23T14:38:43Z,agent,false,(organic),AU,false,marlow-solutions.ai,free,0
acc_64be08f4375d,2026-05-07T13:56:55Z,admin,false,(organic),US,false,icloud.com,free,0
acc_2d052bba0d21,2026-02-08T20:03:31Z,agent,false,q3-search,AU,false,hotmail.com,free,0
acc_54d1ab9b0d90,2026-06-04T11:20:48Z,owner,true,partner-directory,GB,false,copperco.net,free,0
acc_cfa58873ff83,2026-06-06T11:28:12Z,agent,false,(organic),ES,false,tempo-io.com,free,0
acc_1c7a2cef07b1,2026-07-16T19:30:07Z,agent,false,q3-search,SG,false,lattice-co.com,free,0
acc_a4508bc6acb8,2026-04-01T14:02:02Z,agent,false,q3-search,CA,false,pierpartners.de,free,0
acc_6d63105e7917,2026-07-19T09:40:19Z,agent,false,(organic),US,false,outlook.com,free,0
acc_75acdc6bda64,2026-05-15T18:20:22Z,owner,true,docs,DE,false,outlook.com,free,0
acc_0b13d3f0b2b2,2026-05-18T16:47:48Z,agent,false,(direct),NL,false,harbor-group.co.uk,free,0
acc_1fdba6048b16,2026-05-14T16:20:26Z,agent,false,q3-search,DE,false,forgepartners.com,free,0
acc_8f93ca1bfdb7,2026-07-07T14:32:55Z,owner,true,(direct),SE,false,copper-cloud.co.uk,free,0
acc_f4dc5f391ee3,2026-07-16T19:16:50Z,agent,false,(organic),PL,false,yahoo.com,free,0
acc_084d37e210a6,2026-07-16T15:26:13Z,admin,false,(organic),AU,false,hotmail.com,free,0
acc_ffdd9d376d29,2026-04-05T08:46:43Z,owner,true,(organic),SE,false,copper-studio.io,free,0
acc_423f4c992168,2026-04-24T16:12:24Z,agent,false,(organic),CA,false,vertexdigital.com,free,0
acc_8889a5ca6ef1,2026-07-21T11:41:25Z,agent,false,q3-search,US,false,harbortech.nl,free,0
acc_89f1e561cf2e,2026-02-10T14:49:37Z,admin,false,(direct),IE,false,alpinehq.com,free,0
acc_d8e11a7a2c22,2026-06-03T12:24:59Z,owner,true,(direct),DE,false,yahoo.com,free,0
acc_8ee13f403b7d,2026-05-25T12:12:46Z,owner,true,(direct),PL,false,brightcloud.net,free,0
acc_3f7145fa22a4,2026-03-16T18:42:28Z,owner,true,(organic),US,false,forgeio.com,free,0
acc_490c69f12903,2026-04-15T10:45:56Z,admin,false,partner-directory,ES,false,solace-works.co,free,0
acc_3703e5766238,2026-05-03T16:46:22Z,agent,false,(organic),CA,false,alpinetech.nl,free,0
acc_2e2f98d881af,2026-06-17T07:28:26Z,admin,false,partner-directory,ES,false,yahoo.com,free,0
acc_d7bf705418b6,2026-05-30T14:33:30Z,agent,false,(organic),PL,false,gmail.com,free,0
acc_41d27d6a5808,2026-02-26T17:59:10Z,agent,false,(direct),US,false,solace-group.net,free,0
acc_90db1ac55a58,2026-04-03T15:15:26Z,agent,false,(organic),US,false,coppertech.com,free,0
acc_d1a23fff52d4,2026-06-16T10:57:15Z,owner,true,partner-directory,NL,false,cedar-systems.com,free,0
acc_6a772d876e80,2026-07-12T22:16:29Z,admin,false,docs,DE,false,basilworks.nl,free,0
acc_12cf49bc7ecb,2026-02-24T19:02:09Z,agent,false,q3-search,DE,false,copperdigital.com,free,0
acc_e844cda4a8e7,2026-06-08T18:24:53Z,agent,false,q3-search,US,false,pilot-studio.de,free,0
acc_1abae2ce4381,2026-03-08T22:51:13Z,owner,true,docs,US,false,juno-studio.co,free,0
acc_93e6728af0b0,2026-02-06T11:14:12Z,admin,false,partner-directory,BR,false,tempoapp.net,free,0
acc_b907db5c79d6,2026-02-13T13:06:04Z,agent,false,partner-directory,ES,false,atlas-partners.com,free,0
acc_a38fafd4e79d,2026-03-06T16:50:42Z,agent,false,(organic),US,false,orbitsoftware.de,free,0
acc_f7453cd72e83,2026-07-24T19:38:39Z,agent,false,docs,US,false,marlow-software.com,free,0
acc_eb28ed63eed0,2026-04-25T14:38:16Z,admin,false,(organic),US,false,icloud.com,free,0
acc_9293158bb3ee,2026-06-27T11:08:57Z,agent,false,(direct),BR,false,harbor-hq.com,free,0
acc_4e8cc41dc825,2026-06-05T09:56:37Z,owner,true,partner-directory,CA,false,icloud.com,free,0
acc_21a2d6b967c2,2026-04-19T23:11:45Z,agent,false,(organic),BR,false,onyxsoftware.ai,free,0
acc_458c1dc9816b,2026-05-16T19:37:46Z,owner,true,partner-directory,GB,false,juno-solutions.net,free,0
acc_113f8a0daa1a,2026-05-03T08:50:13Z,agent,false,partner-directory,IN,false,gmail.com,free,0
acc_3155babcecf9,2026-05-25T22:57:31Z,agent,false,(direct),US,false,proton.me,free,0
acc_e4ae8f90f4d2,2026-07-25T14:51:16Z,agent,false,partner-directory,US,false,north-digital.co,free,0
acc_7263c317a8a9,2026-07-22T13:08:05Z,admin,false,q3-search,NL,false,alpinecloud.com,free,0
acc_c3dd7b8b88c8,2026-03-12T09:55:55Z,agent,false,(organic),CA,false,vertexcloud.co.uk,free,0
acc_d84dbd3aaf45,2026-06-05T04:59:09Z,owner,true,docs,IN,false,gmail.com,free,0
acc_404448bd20ca,2026-04-30T15:08:54Z,agent,false,(organic),NL,false,orbitdigital.co,free,0
acc_3de878a6f3d1,2026-05-04T17:52:01Z,admin,false,partner-directory,US,false,icloud.com,free,0
acc_0819605e42a5,2026-06-10T14:28:43Z,owner,true,partner-directory,IN,false,hotmail.com,free,0
acc_d879e61d9453,2026-05-11T09:34:09Z,agent,false,(direct),IN,false,outlook.com,free,0
acc_9e0df43c18ce,2026-05-07T18:26:49Z,owner,true,docs,DE,false,proton.me,free,0
acc_75f968c987d7,2026-07-17T19:54:45Z,agent,false,q3-search,BR,false,basilhq.ai,free,0
acc_674b5c14f239,2026-06-06T18:50:52Z,owner,true,(organic),ES,false,outlook.com,starter,49
acc_43faa23f845b,2026-03-25T17:06:58Z,agent,false,docs,US,false,onyxapp.co,free,0
acc_302b72570904,2026-03-04T13:17:24Z,admin,false,(direct),BR,false,verano-hq.com,free,0
acc_886c63f272a2,2026-04-28T09:15:12Z,agent,false,(organic),SE,false,summitio.nl,free,0
acc_471e5d2faf6a,2026-03-08T11:07:08Z,agent,false,q3-search,GB,false,veranosystems.com,free,0
acc_3778c99d9751,2026-04-13T09:02:16Z,owner,true,(direct),DE,false,pilotsolutions.com,free,0
acc_5323cbb9cada,2026-07-15T12:35:26Z,agent,false,(direct),NL,false,vertex-solutions.co,free,0
acc_5b877e480528,2026-03-09T04:15:50Z,agent,false,(organic),SG,false,lumentech.nl,free,0
acc_26e5b9f503a9,2026-07-24T14:44:06Z,admin,false,(organic),DE,false,lumenhq.co.uk,free,0
acc_e50f384038c9,2026-05-27T20:35:07Z,agent,false,q3-search,US,false,juno-co.net,free,0
acc_eb122866f828,2026-02-10T08:43:39Z,owner,true,docs,IE,false,gmail.com,free,0
acc_ee4e383c4d2f,2026-04-24T11:29:45Z,owner,true,partner-directory,CA,false,nimbuspartners.ai,free,0
acc_f9ddb45cb68a,2026-04-25T12:33:29Z,owner,true,docs,NL,false,stackio.nl,free,0
acc_6ff44283998a,2026-03-16T16:50:35Z,agent,false,(organic),ES,false,northsoftware.com,free,0
acc_29363037559a,2026-02-27T08:08:42Z,admin,false,(organic),BR,false,icloud.com,free,0
acc_f657c0febb47,2026-05-18T21:39:20Z,owner,true,(organic),DE,false,proton.me,free,0
acc_3246a665a198,2026-03-29T07:06:28Z,owner,true,docs,DE,false,hotmail.com,free,0
acc_ab4e54a61150,2026-03-21T16:00:47Z,agent,false,partner-directory,SG,false,proton.me,free,0
acc_62fd01ad6c1c,2026-04-03T11:02:22Z,owner,true,docs,US,false,marlow-solutions.co.uk,free,0
acc_2086ec99bc32,2026-07-02T09:06:13Z,owner,true,docs,DE,false,onyx-cloud.com,free,0
acc_c16a27125361,2026-07-28T18:56:04Z,agent,false,(organic),DE,false,lumen-co.de,free,0
acc_f911e88f2fda,2026-05-18T19:22:48Z,agent,false,(organic),DE,false,alpine-solutions.com,free,0
acc_881a6b2a7f1e,2026-06-21T16:03:32Z,agent,false,docs,US,false,icloud.com,free,0
acc_ca8f74a58ba2,2026-05-02T13:59:27Z,admin,false,(organic),US,false,forgesoftware.com,free,0
acc_1d05036652ec,2026-05-09T09:00:47Z,owner,true,docs,NL,false,northco.ai,starter,49
acc_4f0d54a93b3c,2026-02-28T16:21:00Z,owner,true,(organic),CA,false,gmail.com,free,0
acc_3810a4ad74f9,2026-05-12T11:57:23Z,agent,false,(direct),CA,false,proton.me,free,0
acc_3ab48579797f,2026-04-07T13:53:40Z,owner,true,(organic),GB,false,latticeapp.co,starter,49
acc_a4ca9a67bacd,2026-07-01T09:51:46Z,owner,true,(organic),DE,false,proton.me,free,0
acc_e4d47cbc6ec8,2026-05-22T15:57:55Z,admin,false,(organic),DE,false,ridgeco.io,free,0
acc_e9759d44a296,2026-03-18T14:02:53Z,agent,false,(organic),GB,false,proton.me,free,0
acc_b07be58e5bbc,2026-03-27T15:48:03Z,owner,true,q3-search,GB,false,juno-tech.com,starter,49
acc_902e2077d708,2026-07-09T13:19:20Z,agent,false,(organic),US,false,tempoio.ai,free,0
acc_418c8b9f9cc9,2026-05-25T13:40:27Z,owner,true,(direct),DE,false,solacecloud.nl,free,0
acc_46b11641ee3e,2026-07-03T16:03:24Z,admin,false,(organic),BR,false,icloud.com,free,0
acc_66d61ca0f05e,2026-03-15T11:56:54Z,agent,false,q3-search,FR,false,solace-group.net,free,0
acc_e5747b33a111,2026-04-21T10:57:51Z,admin,false,(organic),BR,false,hotmail.com,free,0
acc_46a243b7596e,2026-04-22T08:45:57Z,admin,false,(organic),SG,false,meridiantech.com,free,0
acc_383fa4f2daa9,2026-02-02T09:43:27Z,admin,false,(organic),FR,false,tandem-software.co.uk,free,0
acc_e033c6bb83d8,2026-05-25T22:08:31Z,owner,true,docs,BR,false,ridgesoftware.com,free,0
acc_10bef7d91e13,2026-05-25T17:23:53Z,owner,true,(organic),US,false,cedario.de,free,0
acc_cafa3e6fbe3a,2026-03-22T15:33:47Z,admin,false,partner-directory,IE,false,outlook.com,free,0
acc_ced0b4b2a2d2,2026-05-29T17:45:46Z,agent,false,(organic),BR,false,harborsystems.net,free,0
acc_3dffc0a93f29,2026-02-03T15:57:50Z,agent,false,q3-search,SG,false,proton.me,free,0
acc_ebb23f1f5653,2026-06-02T13:50:17Z,agent,false,(direct),PL,false,vertex-works.co,free,0
acc_4ed9456f0a2d,2026-07-15T07:30:02Z,owner,true,(organic),CA,false,atlas-app.io,free,0
acc_5ec2f05ec8ff,2026-05-19T18:19:47Z,agent,false,q3-search,US,false,kestrelpartners.ai,free,0
acc_3e44dfd1ed2c,2026-07-17T00:25:30Z,admin,false,q3-search,PL,false,alpineworks.net,free,0
acc_a902a12ff2b8,2026-07-19T17:50:43Z,agent,false,q3-search,US,false,lattice-cloud.co,free,0
acc_c5299734f689,2026-06-19T12:39:43Z,agent,false,(organic),US,false,coppercloud.ai,free,0
acc_5966f5a6aa8e,2026-02-24T20:33:20Z,owner,true,partner-directory,DE,false,outlook.com,free,0
acc_45d3074ee1a5,2026-02-04T17:51:22Z,agent,false,partner-directory,PL,false,summitworks.de,free,0
acc_2e339665ff29,2026-05-14T11:40:12Z,agent,false,(organic),SG,false,northtech.nl,starter,49
acc_eb00e7a3e4a5,2026-06-26T15:06:55Z,admin,false,partner-directory,IN,false,tempo-io.com,free,0
acc_46fb3fb3d03a,2026-06-29T08:54:47Z,agent,false,(direct),FR,false,solace-software.com,free,0
acc_5a22029b8305,2026-07-16T19:40:59Z,owner,true,partner-directory,US,false,forgesystems.nl,free,0
acc_54701f27b579,2026-04-09T16:58:04Z,owner,true,(organic),US,false,lattice-systems.com,free,0
acc_36ea9f92eae2,2026-04-06T19:01:42Z,agent,false,(direct),FR,false,quillpartners.co,free,0
acc_a23391fcc855,2026-03-04T08:29:21Z,admin,false,(direct),GB,false,tandem-group.com,free,0
acc_2576e9140883,2026-07-18T17:32:31Z,agent,false,(organic),CA,false,onyxco.co,free,0
acc_54f4b012bd22,2026-05-01T10:41:37Z,agent,false,(organic),IN,false,proton.me,free,0
acc_1b6487a1c4a2,2026-05-15T09:54:40Z,agent,false,(organic),AU,false,alpine-studio.com,free,0
acc_f8d514c60c2a,2026-04-06T08:08:15Z,owner,true,docs,US,false,solacegroup.io,free,0
acc_cf36f581ddc8,2026-04-10T03:38:28Z,agent,false,q3-search,GB,false,yahoo.com,free,0
acc_bcf358a18a68,2026-07-30T09:11:19Z,admin,false,docs,GB,false,yahoo.com,free,0
acc_70b23d399985,2026-06-29T16:45:29Z,agent,false,q3-search,GB,false,piercloud.nl,free,0
acc_389c81d87a0a,2026-06-08T14:22:21Z,owner,true,docs,US,false,gmail.com,free,0
acc_6f16b73aa7ee,2026-07-16T13:46:38Z,admin,false,(direct),IE,false,hotmail.com,free,0
acc_800eace8ad66,2026-04-13T11:17:16Z,owner,true,docs,BR,false,tempolabs.com,starter,49
acc_73184e809bf2,2026-03-20T10:11:56Z,agent,false,(direct),NL,false,harbor-hq.io,free,0
acc_c4608ed8d30d,2026-06-07T11:48:36Z,agent,false,(organic),FR,false,harborstudio.com,free,0
acc_b812dc2c70e2,2026-05-23T14:22:39Z,agent,false,partner-directory,ES,false,meridiantech.com,free,0
acc_e6a1e2c11c30,2026-03-16T07:39:23Z,agent,false,(direct),US,false,coppercloud.io,free,0
acc_550ed2f98ec7,2026-05-28T00:17:18Z,owner,true,docs,US,false,junohq.io,free,0
acc_6743ffcafc76,2026-02-25T20:50:47Z,owner,true,(organic),GB,false,lattice-app.de,starter,49
acc_25a382f2a856,2026-03-04T15:44:23Z,owner,true,partner-directory,DE,false,piersolutions.nl,starter,49
acc_de5e588f0031,2026-03-14T06:28:28Z,owner,true,q3-search,PL,false,outlook.com,free,0
acc_bcf6d5c09125,2026-03-12T14:33:55Z,owner,true,(direct),US,false,basillabs.nl,business,399
acc_815428ab7b06,2026-06-22T09:52:50Z,admin,false,partner-directory,IN,false,atlas-tech.com,free,0
acc_f74ae030be8d,2026-06-25T23:21:03Z,admin,false,docs,IN,false,basil-hq.com,free,0
acc_9416365919e2,2026-07-20T20:47:11Z,owner,true,(organic),US,false,marlowlabs.nl,starter,49
acc_57e106424058,2026-03-12T18:10:26Z,owner,true,(organic),US,false,vertex-works.co,free,0
acc_29549135fe29,2026-02-27T14:36:22Z,owner,true,docs,FR,false,tempo-co.com,free,0
acc_e71d55a99923,2026-03-31T18:58:28Z,agent,false,q3-search,SG,false,meridiancloud.de,free,0
acc_07539a726a78,2026-05-11T03:37:48Z,admin,false,(organic),NL,false,gmail.com,starter,49
acc_89bb16b26f53,2026-02-15T15:47:28Z,admin,false,partner-directory,US,false,juno-cloud.de,free,0
acc_4d44c16a78b8,2026-02-10T15:26:52Z,admin,false,(organic),US,false,alpine-cloud.nl,free,0
acc_5ab4c2a765ed,2026-05-16T00:18:17Z,owner,true,partner-directory,GB,false,outlook.com,free,0
acc_1d69787edd13,2026-05-28T16:56:56Z,admin,false,partner-directory,IN,false,basillabs.nl,free,0
acc_329a76dfceb9,2026-07-15T16:59:59Z,admin,false,q3-search,CA,false,proton.me,free,0
acc_e3a3e1b8a028,2026-05-13T17:51:10Z,agent,false,partner-directory,IN,false,coppergroup.net,free,0
acc_8d1e1e2a487a,2026-07-24T16:05:12Z,owner,true,docs,US,false,tandem-works.co,free,0
acc_20c7f8ecb4b1,2026-03-02T06:30:28Z,agent,false,q3-search,IN,false,gmail.com,free,0
acc_9fb2297720ca,2026-06-14T18:59:14Z,owner,true,(direct),NL,false,brightsolutions.co.uk,team,149
acc_c98afde84610,2026-03-31T08:47:41Z,admin,false,q3-search,US,false,pilotio.com,free,0
acc_394ab87dda6c,2026-02-22T13:19:39Z,admin,false,partner-directory,IN,false,icloud.com,free,0
acc_bd893fb27875,2026-07-28T09:43:28Z,owner,true,(direct),FR,false,onyx-software.com,free,0
acc_1fc957b11e6e,2026-04-29T20:18:28Z,agent,false,partner-directory,US,false,summit-solutions.de,free,0
acc_c8ed7b1bf8e5,2026-03-28T09:39:52Z,owner,true,docs,US,false,alpinestudio.io,free,0
acc_c5a9d935b55a,2026-07-12T20:10:03Z,owner,true,(organic),US,false,icloud.com,free,0
acc_866a87b410ac,2026-07-21T10:29:44Z,admin,false,(direct),CA,false,glide-studio.co.uk,free,0
acc_a0b82aaf3db8,2026-06-10T15:06:01Z,owner,true,docs,IN,false,juno-co.net,free,0
acc_b33644f9961c,2026-05-07T09:19:52Z,agent,false,partner-directory,US,false,orbit-cloud.net,free,0
acc_ff381df98ef0,2026-07-10T15:04:52Z,agent,false,(direct),PL,false,forge-digital.nl,free,0
acc_783f7f566c57,2026-03-02T19:46:22Z,owner,true,(organic),IN,false,gmail.com,free,0
acc_4af32aad6549,2026-03-14T10:05:15Z,owner,true,(direct),US,false,juno-group.com,free,0
acc_de5fffa6887d,2026-03-20T07:13:58Z,owner,true,partner-directory,DE,false,lattice-hq.nl,starter,49
acc_ce03ff47e409,2026-04-13T12:07:22Z,owner,true,(organic),US,false,latticeco.com,free,0
acc_d9058cc86e34,2026-06-02T06:49:04Z,owner,true,partner-directory,US,false,gmail.com,free,0
acc_e7bf092f11d1,2026-04-29T15:44:21Z,agent,false,(direct),PL,false,proton.me,free,0
acc_58e12dd60697,2026-03-12T20:47:45Z,agent,false,q3-search,GB,false,orbit-group.de,free,0
acc_3aac5784506f,2026-06-06T08:03:55Z,agent,false,partner-directory,DE,false,vertexcloud.nl,free,0
acc_287cc0d1ec9a,2026-03-22T12:57:34Z,owner,true,docs,BR,false,hotmail.com,free,0
acc_62dc9443c4fc,2026-04-17T19:00:35Z,agent,false,(direct),US,false,orbitcloud.com,free,0
acc_8794e10153b4,2026-05-28T16:51:52Z,admin,false,q3-search,IN,false,nimbus-software.co.uk,free,0
acc_915f34539110,2026-06-18T18:19:50Z,admin,false,(direct),IN,false,solacesolutions.co,free,0
acc_d5c2989d2a3a,2026-02-01T18:19:37Z,agent,false,(organic),IN,false,harborcloud.co,free,0
acc_b56f8e3d0e50,2026-07-29T14:38:21Z,agent,false,(organic),PL,false,junosystems.net,free,0
acc_7176b9fdef1b,2026-07-11T00:50:45Z,owner,true,(organic),IN,false,pilotsoftware.co,free,0
acc_a8f8c3cdabc6,2026-07-15T01:00:06Z,owner,true,(organic),SG,false,stack-tech.com,starter,49
acc_610d80e639d2,2026-06-16T00:10:57Z,admin,false,(organic),PL,false,gmail.com,free,0
acc_3bdd9baee43e,2026-07-02T11:38:35Z,owner,true,(organic),DE,false,hotmail.com,free,0
acc_73c20276937b,2026-07-15T11:03:13Z,admin,false,partner-directory,CA,false,alpinecloud.de,free,0
acc_fef9081e3479,2026-06-04T16:02:35Z,admin,false,q3-search,US,false,proton.me,free,0
acc_9763e308fff2,2026-04-04T13:34:53Z,admin,false,(direct),SE,false,yahoo.com,free,0
acc_9eff8740c831,2026-04-07T15:04:10Z,agent,false,(organic),IE,false,solace-systems.co.uk,free,0
acc_b8f876e66b1e,2026-06-11T15:01:28Z,agent,false,(organic),IN,false,outlook.com,free,0
acc_b0e671703147,2026-06-01T15:02:18Z,admin,false,(organic),NL,false,ridge-systems.com,free,0
acc_7632a825c41f,2026-06-16T15:00:45Z,agent,false,(organic),IN,false,glide-systems.ai,free,0
acc_b9d737bfd0e7,2026-07-16T13:05:49Z,owner,true,(direct),US,false,yahoo.com,free,0
acc_4d201a2f08f2,2026-06-06T14:48:59Z,owner,true,partner-directory,FR,false,meridian-systems.com,free,0
acc_4f6e82947802,2026-06-01T11:04:51Z,owner,true,partner-directory,AU,false,tandem-group.com,free,0
acc_d0d7623da5f1,2026-07-18T13:10:14Z,admin,false,partner-directory,US,false,quillcloud.de,free,0
acc_122bc8fb7ef8,2026-05-30T08:03:40Z,agent,false,(organic),US,false,ridgeapp.nl,free,0
acc_ea7e46cb774e,2026-03-06T15:29:06Z,agent,false,(direct),BR,false,ridgesoftware.com,free,0
acc_cee6dcd7cdef,2026-07-06T11:47:51Z,agent,false,(organic),SG,false,ridgestudio.co.uk,free,0
acc_2dbbc689b6bd,2026-05-02T17:56:21Z,agent,false,(organic),BR,false,gmail.com,free,0
acc_4a396a9814ea,2026-03-22T15:04:05Z,agent,false,(organic),IE,false,quillgroup.com,free,0
acc_4acf26ac4351,2026-03-16T12:24:19Z,admin,false,partner-directory,NL,false,juno-solutions.com,free,0
acc_f7f7011c2cd8,2026-03-17T16:43:14Z,admin,false,(organic),IN,false,hotmail.com,free,0
acc_58fdd0e91e56,2026-05-21T09:33:08Z,owner,true,partner-directory,DE,false,alpine-cloud.nl,starter,49
acc_cdd531d86802,2026-06-23T11:02:04Z,admin,false,(direct),IN,false,gmail.com,free,0
acc_ddc53e380fcb,2026-04-01T11:45:22Z,admin,false,q3-search,SE,false,gmail.com,free,0
acc_ecf143a62966,2026-06-12T15:12:22Z,agent,false,partner-directory,NL,false,outlook.com,free,0
acc_4b19f1503c91,2026-02-08T13:15:12Z,owner,true,(organic),US,false,basil-systems.co.uk,free,0
acc_0f1c4c813011,2026-06-14T10:43:49Z,owner,true,docs,NL,false,marlow-co.com,free,0
acc_865aaf17e22f,2026-02-26T08:59:41Z,agent,false,(direct),DE,false,latticeapp.co,free,0
acc_b7540dff9ceb,2026-05-24T02:33:10Z,agent,false,(organic),GB,false,lumenhq.net,free,0
acc_529ec4c71c51,2026-02-07T07:09:01Z,agent,false,(organic),DE,false,bright-app.nl,free,0
acc_b2d2a4defafd,2026-05-20T15:44:33Z,admin,false,(direct),SE,false,hotmail.com,free,0
acc_26f25f6b6a32,2026-02-03T09:24:20Z,owner,true,q3-search,ES,false,yahoo.com,free,0
acc_d24140b4395a,2026-07-28T14:16:30Z,admin,false,(organic),IN,false,pilotio.io,free,0
acc_129021e00246,2026-02-06T02:30:55Z,owner,true,(organic),ES,false,summit-labs.nl,team,149
acc_44526bb07efc,2026-03-12T21:54:03Z,agent,false,q3-search,ES,false,proton.me,free,0
acc_c6bbf5aaf2c0,2026-04-12T07:10:19Z,agent,false,q3-search,SE,false,forge-works.net,free,0
acc_a105e092f914,2026-02-22T20:32:21Z,owner,true,q3-search,US,false,outlook.com,free,0
acc_b0f375117bbf,2026-03-16T13:22:24Z,owner,true,docs,DE,false,outlook.com,starter,49
acc_20870d3cc1a7,2026-02-25T16:17:47Z,owner,true,docs,DE,false,juno-partners.co.uk,free,0
acc_2bfe7a34c2dd,2026-05-20T09:55:46Z,admin,false,(organic),BR,false,yahoo.com,free,0
acc_780688476086,2026-06-01T11:50:16Z,agent,false,docs,GB,false,copper-labs.nl,free,0
acc_d48182ea0d48,2026-06-27T20:00:45Z,owner,true,docs,DE,false,basilgroup.com,team,149
acc_4f3d2987b972,2026-06-29T15:31:41Z,agent,false,q3-search,CA,false,junosystems.com,free,0
acc_7ce82d35b276,2026-07-24T10:55:17Z,agent,false,(organic),US,false,yahoo.com,free,0
acc_e3aca28f9523,2026-03-11T07:28:49Z,owner,true,(organic),AU,false,northlabs.de,free,0
acc_c7147444ba12,2026-03-07T14:44:14Z,owner,true,(organic),US,false,glidesystems.io,starter,49
acc_c87f53c5d300,2026-06-27T09:38:14Z,admin,false,q3-search,GB,false,outlook.com,starter,49
acc_18a9ab8b1731,2026-04-06T07:47:58Z,agent,false,q3-search,FR,false,orbitlabs.net,free,0
acc_bbf064bf9cbc,2026-06-14T21:10:34Z,agent,false,(direct),SE,false,latticegroup.co,free,0
acc_2f58ec8102d5,2026-04-01T07:12:06Z,agent,false,docs,IN,false,atlas-digital.com,free,0
acc_267f9aea87ba,2026-07-12T14:59:52Z,agent,false,(organic),IE,false,meridian-solutions.nl,free,0
acc_4f58208fd2fb,2026-02-08T11:33:51Z,admin,false,docs,SE,false,alpine-cloud.com,free,0
acc_063b72d42484,2026-06-28T02:45:09Z,admin,false,(organic),US,false,kestrelhq.co.uk,free,0
acc_6461a6c2e161,2026-06-20T10:52:26Z,admin,false,(organic),US,false,outlook.com,free,0
acc_7b1aa5074ab0,2026-04-24T20:04:23Z,admin,false,(organic),US,false,alpineio.com,free,0
acc_01d290285a54,2026-03-17T16:53:06Z,owner,true,(direct),PL,false,copperworks.de,free,0
acc_930f9bafb399,2026-07-01T08:40:12Z,agent,false,q3-search,US,false,gmail.com,free,0
acc_d4824e208239,2026-07-12T17:54:55Z,owner,true,(organic),US,false,stack-io.co.uk,free,0
acc_cfc5dae5ecb1,2026-03-31T11:13:18Z,agent,false,q3-search,ES,false,ridge-io.ai,free,0
acc_13c61301e698,2026-03-21T11:27:23Z,agent,false,(organic),US,false,hotmail.com,free,0
acc_19d2a0a3f154,2026-05-17T08:09:47Z,agent,false,q3-search,DE,false,icloud.com,free,0
acc_f8adfd12102e,2026-03-09T17:13:55Z,agent,false,docs,US,false,pilotio.com,free,0
acc_da8c0946b12b,2026-07-14T14:49:27Z,agent,false,q3-search,US,false,basilhq.co,free,0
acc_00783f6b1fd7,2026-03-13T11:15:40Z,agent,false,(direct),US,false,yahoo.com,free,0
acc_e3c9cb5996df,2026-02-21T09:14:34Z,owner,true,partner-directory,DE,false,hotmail.com,starter,49
acc_9d23af399f34,2026-06-02T17:12:16Z,admin,false,q3-search,GB,false,outlook.com,free,0
acc_03179d820df4,2026-03-24T09:39:22Z,agent,false,(organic),US,false,proton.me,free,0
acc_6dc84f7b48c0,2026-02-08T09:14:25Z,owner,true,partner-directory,IN,false,tempo-group.co,free,0
acc_c0a727a5bfd3,2026-02-13T15:45:00Z,agent,false,(direct),US,false,lumen-group.com,free,0
acc_224b9275a0f5,2026-03-23T15:50:02Z,agent,false,(organic),GB,false,glidecloud.ai,free,0
acc_7fece169f354,2026-03-03T16:37:05Z,admin,false,(organic),AU,false,yahoo.com,starter,49
acc_68374097fbeb,2026-05-01T10:08:18Z,owner,true,docs,ES,false,harborpartners.co,free,0
acc_fef70e9fca54,2026-05-15T14:02:15Z,owner,true,(direct),US,false,proton.me,starter,49
acc_dd6e0fb76254,2026-02-04T11:30:22Z,admin,false,(organic),IN,false,hotmail.com,free,0
acc_67d038358d78,2026-07-15T14:29:27Z,agent,false,q3-search,NL,false,gmail.com,free,0
acc_bbb7a30b781f,2026-03-27T06:08:20Z,owner,true,(direct),IE,false,pilotdigital.com,free,0
acc_e1ed562c1b54,2026-07-09T14:20:54Z,admin,false,(organic),IE,false,northsolutions.ai,free,0
acc_39a46b5d790f,2026-02-28T15:15:47Z,owner,true,partner-directory,GB,false,hotmail.com,starter,49
acc_03d89391c92a,2026-03-23T14:59:33Z,agent,false,(organic),US,false,hotmail.com,free,0
acc_8622394ff7d4,2026-05-13T18:58:28Z,admin,false,q3-search,BR,false,forge-io.ai,free,0
acc_cb567275a612,2026-04-07T09:36:44Z,agent,false,(organic),NL,false,icloud.com,free,0
acc_6f89ba1f7b1e,2026-06-24T15:03:52Z,owner,true,docs,GB,false,proton.me,free,0
acc_a7e67e2f8a23,2026-07-02T08:36:11Z,agent,false,(organic),BR,false,outlook.com,free,0
acc_a0331a851409,2026-02-25T16:20:22Z,owner,true,docs,US,false,ridgesolutions.com,free,0
acc_e7d05ab13cd2,2026-06-06T08:20:48Z,owner,true,docs,US,false,yahoo.com,free,0
acc_3112876c446a,2026-06-12T14:37:36Z,owner,true,(organic),ES,false,forgelabs.nl,free,0
acc_0681e44370f1,2026-02-03T22:18:24Z,owner,true,(organic),SG,false,harborworks.ai,free,0
acc_0d9dbe33bcd2,2026-06-15T05:57:59Z,agent,false,(organic),US,false,gmail.com,free,0
acc_6c62be473f6a,2026-05-29T08:02:59Z,owner,true,docs,DE,false,north-io.co,free,0
acc_c771fc3d6801,2026-03-01T13:13:32Z,owner,true,q3-search,DE,false,glide-io.com,team,149
acc_62776eb62871,2026-07-21T12:13:48Z,admin,false,(organic),IN,false,kestrel-works.com,free,0
acc_d3b775bdfd22,2026-07-30T23:24:11Z,agent,false,partner-directory,SE,false,kestrel-works.co.uk,free,0
acc_93e839c62168,2026-04-23T19:12:36Z,owner,true,partner-directory,SG,false,kestrel-app.co,free,0
acc_87a0c03c166f,2026-07-05T09:28:15Z,owner,true,docs,PL,false,coppersystems.com,free,0
acc_df51c32711f9,2026-02-11T09:16:55Z,owner,true,docs,NL,false,bright-app.co.uk,free,0
acc_0ddbbb48c9ac,2026-07-08T15:40:31Z,owner,true,docs,IN,false,icloud.com,free,0
acc_9750dbf4b3a6,2026-03-02T15:15:29Z,owner,true,(organic),ES,false,nimbusapp.net,free,0
acc_9c20b17fe5d6,2026-05-04T08:54:31Z,admin,false,q3-search,US,false,bright-tech.com,free,0
acc_f12472704e02,2026-03-29T15:34:10Z,agent,false,(organic),IN,false,proton.me,free,0
acc_8c7b9baeed74,2026-06-17T07:35:35Z,admin,false,(organic),PL,false,outlook.com,free,0
acc_ede56bf73159,2026-05-04T18:22:26Z,admin,false,(direct),DE,false,yahoo.com,free,0
acc_2070f8154bb9,2026-02-05T14:59:05Z,agent,false,(organic),AU,false,north-partners.com,free,0
acc_7597359c7f5c,2026-05-23T02:26:27Z,agent,false,(organic),FR,false,icloud.com,free,0
acc_a648654a0751,2026-07-24T11:56:10Z,agent,false,(organic),US,false,stack-solutions.io,free,0
acc_2902792d7ac3,2026-04-19T19:27:10Z,agent,false,(direct),IN,false,tempopartners.co.uk,free,0
acc_cc1fb8a6cba8,2026-05-12T19:06:26Z,owner,true,q3-search,US,false,summithq.de,starter,49
acc_0a9f9910071e,2026-06-13T11:07:19Z,admin,false,(organic),BR,false,stackhq.com,free,0
acc_944628425f17,2026-05-28T14:15:23Z,agent,false,(organic),US,false,proton.me,free,0
acc_86ecc88bf317,2026-04-12T11:13:22Z,agent,false,(direct),ES,false,orbitcloud.ai,free,0
acc_90d39797c1ea,2026-03-16T13:01:48Z,admin,false,q3-search,DE,false,latticesystems.com,free,0
acc_968e9f7ed3d2,2026-03-04T23:24:44Z,agent,false,(organic),IE,false,quill-studio.com,free,0
acc_e8e860a536d9,2026-06-27T09:16:06Z,owner,true,partner-directory,GB,false,pier-co.com,free,0
acc_d47aef455273,2026-06-04T13:12:44Z,admin,false,partner-directory,IE,false,meridian-labs.com,free,0
acc_2cee687372dc,2026-06-05T19:24:35Z,agent,false,q3-search,US,false,gmail.com,free,0
acc_ca1ba9468b83,2026-05-25T15:34:27Z,admin,false,(organic),US,false,basil-app.com,free,0
acc_92dc00e14bf1,2026-05-29T11:50:37Z,owner,true,q3-search,IN,false,hotmail.com,free,0
acc_4a8ca72b64dd,2026-05-16T08:48:17Z,agent,false,q3-search,US,false,cedarapp.net,free,0
acc_fe4f32a3ab12,2026-04-21T12:04:30Z,owner,true,docs,FR,false,icloud.com,team,149
acc_5de8586b80f5,2026-05-01T10:21:25Z,admin,false,(direct),GB,false,icloud.com,free,0
acc_ee3135c64e45,2026-02-14T09:43:58Z,agent,false,q3-search,ES,false,proton.me,free,0
acc_043d9e984c2c,2026-07-10T18:51:01Z,admin,false,(direct),BR,false,stackgroup.nl,free,0
acc_e9b1dbf0eef4,2026-06-19T10:40:42Z,owner,true,(organic),GB,false,marlowtech.ai,starter,49
acc_4ec7783b7c60,2026-02-12T18:46:27Z,admin,false,partner-directory,SG,false,icloud.com,free,0
acc_05a320e24e66,2026-02-28T10:34:26Z,owner,true,docs,IN,false,yahoo.com,free,0
acc_e5c814624e38,2026-06-26T06:44:04Z,agent,false,(organic),US,false,yahoo.com,free,0
acc_264b2e5ee546,2026-07-09T15:08:45Z,agent,false,(organic),SE,false,solace-studio.io,free,0
acc_c91bcf69f109,2026-03-16T07:47:25Z,admin,false,(direct),US,false,solacegroup.nl,free,0
acc_49ba9bb69d1b,2026-02-08T11:50:50Z,owner,true,docs,US,false,orbit-io.com,free,0
acc_2879dc4bd2c0,2026-07-07T17:19:03Z,agent,false,(organic),NL,false,tandem-app.ai,free,0
acc_78a2596d2200,2026-02-13T17:25:29Z,admin,false,partner-directory,PL,false,marlow-solutions.ai,starter,49
acc_01f22b50ebe0,2026-04-06T14:52:22Z,owner,true,(direct),PL,false,juno-solutions.net,free,0
acc_6d8924cdd418,2026-05-28T13:51:45Z,admin,false,(organic),US,false,quillsoftware.com,free,0
acc_48f8a57affbb,2026-03-22T09:27:43Z,agent,false,q3-search,US,false,proton.me,free,0
acc_56e63c9ba4bc,2026-04-06T17:08:38Z,agent,false,(organic),CA,false,cedartech.co.uk,free,0
acc_58ef550093c2,2026-04-02T10:32:41Z,agent,false,q3-search,CA,false,hotmail.com,free,0
acc_f14d4911c576,2026-04-11T13:21:27Z,owner,true,(direct),US,false,north-group.net,free,0
acc_45ed1ace025b,2026-05-24T17:09:40Z,agent,false,(organic),US,false,hotmail.com,free,0
acc_8b3f975bd006,2026-02-17T11:37:45Z,owner,true,(organic),SG,false,hotmail.com,free,0
acc_fcea38c77285,2026-03-06T20:11:56Z,agent,false,(direct),US,false,icloud.com,free,0
acc_28d065b51513,2026-05-23T08:09:34Z,admin,false,(organic),US,false,outlook.com,team,149
acc_1b3945261ced,2026-04-25T08:00:13Z,owner,true,partner-directory,CA,false,forge-group.io,free,0
acc_bf35659ad645,2026-03-29T17:43:18Z,owner,true,q3-search,GB,false,juno-tech.ai,free,0
acc_e9c3638e8406,2026-06-12T13:12:03Z,owner,true,docs,GB,false,pilotdigital.com,free,0
acc_5063d9eb467e,2026-05-08T19:58:02Z,admin,false,(organic),US,false,hotmail.com,free,0
acc_f6079a3bc716,2026-05-03T18:43:05Z,agent,false,q3-search,GB,false,veranoworks.co,free,0
acc_1a7e773f4a07,2026-05-12T09:42:03Z,admin,false,docs,AU,false,icloud.com,free,0
acc_e481ea0f8342,2026-06-17T04:54:32Z,agent,false,(organic),AU,false,cedarsoftware.com,free,0
acc_3d110b0c4a69,2026-07-06T09:13:07Z,owner,true,(direct),IN,false,orbit-co.nl,free,0
acc_0140f606c33f,2026-04-10T10:33:24Z,agent,false,docs,US,false,outlook.com,free,0
acc_a99e11c0ad69,2026-05-17T15:28:40Z,agent,false,q3-search,SE,false,harborcloud.com,free,0
acc_f852e7c8d154,2026-03-04T18:13:32Z,admin,false,(organic),US,false,glide-group.io,starter,49
acc_a8cd719a5b41,2026-05-29T15:03:09Z,agent,false,q3-search,DE,false,hotmail.com,free,0
acc_05f2bea995ed,2026-05-22T08:19:58Z,agent,false,(organic),IN,false,nimbustech.com,free,0
acc_89691d3056ad,2026-05-06T09:28:34Z,agent,false,(direct),US,false,icloud.com,free,0
acc_a8638b9e8665,2026-04-22T08:04:03Z,agent,false,(direct),IN,false,vertex-digital.net,free,0
acc_507338a2a496,2026-05-05T11:53:48Z,agent,false,(organic),NL,false,ridge-systems.com,free,0
acc_1e2c0020d268,2026-03-15T22:20:05Z,agent,false,partner-directory,BR,false,verano-works.io,free,0
acc_3a3b0ef8ee0a,2026-06-02T13:04:49Z,admin,false,q3-search,BR,false,copper-solutions.net,free,0
acc_821d5d9ebdd5,2026-06-18T09:42:14Z,agent,false,partner-directory,US,false,forgeio.com,free,0
acc_fc898bd50f51,2026-03-02T16:15:18Z,owner,true,(organic),SE,false,outlook.com,free,0
acc_3e0afc8fc631,2026-07-17T09:07:52Z,owner,true,docs,GB,false,glideworks.nl,free,0
acc_3f62b0fed977,2026-05-21T08:04:04Z,owner,true,partner-directory,US,false,forgeio.co.uk,free,0
acc_c9f0c8796e4f,2026-04-23T01:32:39Z,agent,false,(organic),PL,false,copperstudio.nl,free,0
acc_972f7c558731,2026-02-16T11:15:54Z,agent,false,q3-search,IN,false,gmail.com,free,0
acc_8f5e34b8b42d,2026-04-04T07:12:08Z,agent,false,partner-directory,US,false,lumenhq.com,free,0
acc_b6afa37e499c,2026-06-22T20:12:45Z,agent,false,(direct),CA,false,pilot-group.co,free,0
acc_c3414c88ccfe,2026-07-21T11:02:50Z,agent,false,q3-search,GB,false,glidegroup.nl,free,0
acc_6ea759860b86,2026-05-28T16:12:08Z,owner,true,docs,US,false,veranosoftware.ai,free,0
acc_d6161c36f6d6,2026-06-19T19:49:14Z,admin,false,partner-directory,US,false,yahoo.com,free,0
acc_155768a07e28,2026-03-30T11:36:14Z,agent,false,(direct),IN,false,tempo-studio.com,free,0
acc_bf7a5ba6968e,2026-05-05T14:25:27Z,admin,false,(direct),BR,false,orbitdigital.co,free,0
acc_0775c0e23c69,2026-07-02T13:32:32Z,owner,true,docs,BR,false,stack-software.io,free,0
acc_1e05d4696f7b,2026-02-25T14:02:06Z,agent,false,(direct),ES,false,orbitio.com,free,0
acc_d3e5172cd326,2026-03-21T17:54:14Z,admin,false,(direct),GB,false,basilsystems.co,free,0
acc_6c0111524730,2026-04-24T13:27:10Z,admin,false,q3-search,CA,false,proton.me,free,0
acc_043242f15082,2026-07-27T15:11:57Z,admin,false,(organic),BR,false,hotmail.com,free,0
acc_681afef9c7d4,2026-05-03T13:30:02Z,agent,false,(direct),GB,false,brightio.com,free,0
acc_f18cc9688a49,2026-07-25T08:14:22Z,owner,true,partner-directory,US,false,gmail.com,free,0
acc_70e3eaf05626,2026-03-14T18:47:27Z,agent,false,(organic),GB,false,lumen-group.com,free,0
acc_690d2fff2660,2026-06-29T05:34:36Z,owner,true,partner-directory,FR,false,hotmail.com,free,0
acc_1bd049c1e4de,2026-07-09T18:06:29Z,admin,false,(organic),IN,false,yahoo.com,free,0
acc_5b5531bab121,2026-02-22T07:07:31Z,admin,false,partner-directory,US,false,yahoo.com,free,0
acc_41a0005caa9a,2026-07-09T21:36:51Z,agent,false,(direct),AU,false,lumen-cloud.co,free,0
acc_ab8d64236038,2026-02-03T13:32:47Z,admin,false,(organic),AU,false,icloud.com,free,0
acc_d594f589bbe9,2026-07-18T10:09:43Z,owner,true,(direct),CA,false,solace-hq.co,free,0
acc_7e528b471233,2026-03-02T11:42:13Z,owner,true,docs,GB,false,forgepartners.de,starter,49
acc_20ff25d7cae1,2026-02-13T00:56:00Z,agent,false,(organic),US,false,alpinesystems.ai,free,0
acc_b96e66076d1b,2026-04-29T19:23:03Z,owner,true,(organic),US,false,lattice-solutions.co.uk,free,0
acc_f1f0a1c4f613,2026-06-28T17:26:48Z,owner,true,partner-directory,US,false,copper-works.nl,free,0
acc_bca0b3b4bf9f,2026-07-14T14:55:09Z,agent,false,(organic),AU,false,summithq.de,free,0
acc_aee47684e12f,2026-02-14T13:01:02Z,agent,false,(organic),DE,false,verano-tech.net,free,0
acc_b840bb8c052f,2026-05-02T18:21:04Z,owner,true,(organic),ES,false,piergroup.com,free,0
acc_075dd7ce97bb,2026-02-13T12:45:49Z,admin,false,(organic),BR,false,hotmail.com,free,0
acc_2d4c51ca411f,2026-04-29T19:18:13Z,agent,false,q3-search,IN,false,copper-labs.io,free,0
acc_afc7d507275f,2026-06-17T09:06:55Z,owner,true,docs,PL,false,stack-solutions.io,free,0
acc_6c0bfca55a3b,2026-03-19T09:05:08Z,admin,false,(organic),DE,false,quill-cloud.co,free,0
acc_a0136840a8b7,2026-02-27T14:19:20Z,agent,false,(organic),ES,false,lumenhq.nl,free,0
acc_5a60385baaf7,2026-03-11T09:34:05Z,admin,false,(organic),US,false,alpineworks.co.uk,free,0
acc_f880617e06df,2026-04-19T17:18:30Z,agent,false,(organic),SG,false,vertexsolutions.co,free,0
acc_9d0eb7965e4f,2026-05-31T13:24:51Z,agent,false,partner-directory,GB,false,verano-software.nl,free,0
acc_a3d973eb368d,2026-03-22T08:02:32Z,agent,false,q3-search,US,false,summit-co.co,free,0
acc_bc27b32e3116,2026-03-21T14:03:02Z,admin,false,partner-directory,NL,false,pier-cloud.io,free,0
acc_174c76df954e,2026-06-03T15:15:41Z,agent,false,q3-search,BR,false,tempo-labs.co.uk,free,0
acc_9ae0112dc99f,2026-07-13T08:53:18Z,owner,true,docs,US,false,meridian-works.com,free,0
acc_47135e379dfa,2026-05-22T12:01:18Z,agent,false,q3-search,NL,false,icloud.com,free,0
acc_6c5b4d05c819,2026-03-03T11:26:30Z,agent,false,partner-directory,AU,false,hotmail.com,free,0
acc_d01475187640,2026-02-02T14:30:02Z,admin,false,(organic),CA,false,verano-software.nl,free,0
acc_e12de893c86a,2026-05-22T16:54:16Z,agent,false,(direct),US,false,outlook.com,free,0
acc_816fd9f2dd69,2026-02-17T15:53:33Z,agent,false,q3-search,GB,false,quill-solutions.com,free,0
acc_6f0f3d5052b6,2026-03-11T16:52:39Z,agent,false,(organic),PL,false,tempoco.co.uk,free,0
acc_113c88888a51,2026-03-16T11:00:40Z,owner,true,docs,US,false,icloud.com,free,0
acc_789c19847dd0,2026-05-06T15:14:47Z,admin,false,(organic),GB,false,forgeapp.de,free,0
acc_58b4e3ff1292,2026-03-14T19:19:28Z,admin,false,partner-directory,ES,false,summitsystems.co.uk,free,0
acc_6126908f2e32,2026-06-21T20:45:31Z,owner,true,(direct),FR,false,lumenio.co,free,0
acc_ed331cb8702b,2026-06-17T08:15:47Z,admin,false,(direct),US,false,ridge-labs.com,free,0
acc_eb43044820bb,2026-07-20T12:54:46Z,admin,false,(organic),US,false,outlook.com,free,0
acc_4b472525c40e,2026-06-06T12:08:37Z,admin,false,(organic),SE,false,alpine-group.net,free,0
acc_88b634056287,2026-05-13T13:51:11Z,admin,false,(organic),IN,false,outlook.com,free,0
acc_84af3f70a81e,2026-04-20T09:22:44Z,agent,false,partner-directory,GB,false,kestrel-tech.com,free,0
acc_ba3276344f8d,2026-07-07T19:04:05Z,agent,false,q3-search,GB,false,latticelabs.co,free,0
acc_154c9aa66f3d,2026-03-09T09:55:29Z,agent,false,partner-directory,US,false,nimbus-io.ai,free,0
acc_03ef2eca5f76,2026-07-09T14:28:26Z,admin,false,docs,PL,false,hotmail.com,free,0
acc_5e9fe7253d87,2026-06-07T20:12:19Z,owner,true,(organic),DE,false,pier-co.ai,free,0
acc_14fdb906ae4b,2026-02-22T06:53:05Z,agent,false,(organic),GB,false,vertex-labs.com,free,0
acc_a7aa93633ac1,2026-06-13T23:44:12Z,agent,false,(organic),PL,false,hotmail.com,free,0
acc_364894cae2c1,2026-04-22T12:46:38Z,admin,false,(organic),US,false,gmail.com,free,0
acc_afda9d563108,2026-05-23T11:43:16Z,owner,true,partner-directory,NL,false,harborapp.ai,starter,49
acc_a966dfe70b59,2026-02-23T14:00:35Z,agent,false,q3-search,IN,false,icloud.com,free,0
acc_7d3101483f72,2026-06-26T08:07:50Z,admin,false,(organic),US,false,north-io.co,free,0
acc_4172c2d134ea,2026-06-16T13:14:07Z,admin,false,(organic),GB,false,nimbuspartners.ai,free,0
acc_8d1877bae253,2026-06-25T13:14:11Z,owner,true,(direct),AU,false,pierdigital.co.uk,free,0
acc_4596b97338c3,2026-05-22T10:33:14Z,owner,true,(organic),CA,false,proton.me,free,0
acc_22bfe81f6a3b,2026-06-24T15:51:12Z,owner,true,docs,GB,false,ridge-co.net,free,0
acc_a53bfd2d1a2b,2026-02-13T07:05:12Z,agent,false,(direct),US,false,nimbushq.ai,free,0
acc_bcbe15cdd650,2026-05-20T14:52:59Z,owner,true,docs,SG,false,yahoo.com,starter,49
acc_756abd8112e6,2026-05-21T11:17:41Z,admin,false,(organic),NL,false,glide-digital.net,free,0
acc_2b0c2abf849b,2026-04-07T11:48:00Z,admin,false,(organic),US,false,stack-cloud.co,free,0
acc_f5dbb035040f,2026-02-23T08:27:45Z,owner,true,(organic),BR,false,summitsolutions.co,free,0
acc_5b187e534a25,2026-05-30T21:50:07Z,agent,false,q3-search,GB,false,stack-digital.io,free,0
acc_3e426a50848d,2026-03-21T13:49:12Z,agent,false,(organic),US,false,gmail.com,free,0
acc_f0803dc39f12,2026-03-22T20:23:57Z,agent,false,partner-directory,IN,false,outlook.com,free,0
acc_35219a6ae5ca,2026-04-10T19:33:23Z,owner,true,docs,IE,false,gmail.com,free,0
acc_b5ee5e21b2ee,2026-03-06T15:37:13Z,agent,false,(organic),IN,false,hotmail.com,free,0
acc_ffb6cacfb759,2026-06-09T08:23:20Z,owner,true,(direct),US,false,kestrel-works.ai,free,0
acc_f45f1ba2d716,2026-07-28T20:20:55Z,agent,false,q3-search,BR,false,vertex-labs.com,free,0
acc_1e3b2be97202,2026-02-08T13:55:04Z,owner,true,docs,AU,false,hotmail.com,free,0
acc_d3efad891077,2026-04-09T09:47:01Z,owner,true,docs,AU,false,veranosystems.com,free,0
acc_57da89dbe213,2026-04-22T09:47:13Z,admin,false,docs,AU,false,coppergroup.nl,free,0
acc_1e8f8671f314,2026-06-13T11:27:09Z,admin,false,q3-search,FR,false,orbit-digital.co,free,0
acc_5485a6822f7d,2026-04-05T15:58:27Z,agent,false,(organic),FR,false,latticestudio.de,free,0
acc_10d6c0dd46ac,2026-07-19T10:23:00Z,owner,true,(organic),IE,false,latticesolutions.net,free,0
acc_8f969b98836a,2026-03-29T13:54:24Z,agent,false,q3-search,FR,false,harborcloud.com,free,0
acc_eacbc08b5a1c,2026-03-04T10:30:08Z,owner,true,(organic),DE,false,basil-app.nl,free,0
acc_6c35233d9e6c,2026-04-01T11:43:51Z,agent,false,(organic),ES,false,hotmail.com,free,0
acc_113ea44cb925,2026-07-06T15:22:46Z,agent,false,partner-directory,US,false,lattice-cloud.net,free,0
acc_e8ad712debdc,2026-04-10T15:33:16Z,owner,true,(direct),FR,false,pilot-digital.ai,free,0
acc_2657e27e8b48,2026-07-18T16:53:32Z,owner,true,docs,IN,false,gmail.com,free,0
acc_72b7a9d8cc2d,2026-02-10T21:25:08Z,owner,true,docs,NL,false,onyxgroup.com,free,0
acc_72b8836db139,2026-03-12T12:34:22Z,admin,false,docs,US,false,vertexcloud.nl,free,0
acc_49b82ad8d12f,2026-02-09T16:25:50Z,agent,false,(organic),DE,false,alpine-studio.co.uk,free,0
acc_7eb0580b6a11,2026-06-01T16:34:27Z,agent,false,(organic),ES,false,solacestudio.co,free,0
acc_03003838d67d,2026-07-24T22:12:04Z,owner,true,(organic),AU,false,pilot-group.co.uk,free,0
acc_ec16274114f5,2026-07-22T18:29:54Z,agent,false,(organic),US,false,cedar-software.com,free,0
acc_dccc64ead7e6,2026-03-03T17:34:50Z,agent,false,partner-directory,NL,false,proton.me,free,0
acc_45437b94b419,2026-05-28T07:03:42Z,owner,true,(organic),US,false,pierdigital.nl,free,0
acc_9aa1db84bc15,2026-06-21T15:07:02Z,owner,true,(direct),US,false,tempoapp.co,free,0
acc_ce14ce2bbc59,2026-02-07T10:05:54Z,agent,false,q3-search,DE,false,meridianlabs.co,free,0
acc_d62e2231522f,2026-06-09T09:52:23Z,admin,false,q3-search,PL,false,cedardigital.io,free,0
acc_5746471b3038,2026-06-03T16:29:27Z,agent,false,(organic),US,false,marlow-app.co,free,0
acc_49af01b7fb21,2026-03-26T10:17:39Z,owner,true,partner-directory,IN,false,gmail.com,free,0
acc_2534a64becf0,2026-02-16T23:19:47Z,agent,false,(organic),US,false,summit-co.co,free,0
acc_c3d5b4b6aacb,2026-06-05T21:09:47Z,owner,true,docs,BR,false,veranocloud.co.uk,free,0
acc_f48ed20b0ba6,2026-05-26T07:51:45Z,admin,false,(organic),GB,false,basilsolutions.co,free,0
acc_92970a117725,2026-05-23T13:16:43Z,admin,false,(organic),US,false,tandem-digital.com,free,0
acc_f37b9a92b336,2026-05-07T16:08:23Z,admin,false,(organic),GB,false,proton.me,free,0
acc_2d1f42fbd3b0,2026-05-13T11:01:25Z,admin,false,partner-directory,US,false,lumen-digital.net,free,0
acc_888fc7171e24,2026-03-06T10:11:49Z,agent,false,docs,ES,false,orbitworks.co.uk,free,0
acc_ba00637ab60c,2026-02-18T08:30:21Z,agent,false,(direct),AU,false,quilldigital.com,free,0
acc_b1c00a80b3b0,2026-05-01T11:07:16Z,owner,true,(organic),GB,false,bright-studio.com,free,0
acc_f3b46ab4dc7c,2026-05-30T19:22:09Z,owner,true,(organic),FR,false,north-co.com,free,0
acc_5d1a8f012b97,2026-05-15T12:05:42Z,owner,true,(organic),US,false,harborlabs.de,free,0
acc_a178a84e5a00,2026-06-07T09:45:06Z,agent,false,(direct),US,false,north-tech.net,free,0
acc_66afc5a921a6,2026-04-28T18:14:46Z,agent,false,(organic),GB,false,pierdigital.co.uk,free,0
acc_87e2cffe90ae,2026-07-10T09:56:10Z,agent,false,q3-search,IN,false,copperworks.de,free,0
acc_0554414319c0,2026-06-14T11:36:25Z,owner,true,(organic),IN,false,hotmail.com,free,0
acc_1a6f04f90711,2026-03-25T09:51:26Z,agent,false,q3-search,IN,false,proton.me,free,0
acc_79ba7bbf1b14,2026-04-13T10:06:47Z,agent,false,docs,CA,false,nimbus-labs.de,free,0
acc_2519d433f4f1,2026-05-18T13:51:45Z,agent,false,q3-search,US,false,cedarsoftware.com,free,0
acc_8184f9145daf,2026-04-30T20:32:53Z,agent,false,q3-search,GB,false,marlow-software.co,free,0
acc_2ee00e2ecab3,2026-06-26T07:21:20Z,owner,true,docs,GB,false,outlook.com,free,0
acc_5ede323e57fe,2026-03-06T13:35:47Z,admin,false,(direct),IN,false,ridgetech.net,free,0
acc_af81a9337e60,2026-02-20T19:01:16Z,owner,true,q3-search,GB,false,glideworks.de,free,0
acc_f9a4c8ee6a3c,2026-07-18T19:31:42Z,admin,false,(organic),US,false,forgelabs.ai,free,0
acc_97f4fd12de18,2026-06-07T10:19:02Z,agent,false,q3-search,GB,false,gmail.com,free,0
acc_5cffc72a0495,2026-05-25T11:22:13Z,agent,false,docs,US,false,pier-studio.co.uk,free,0
acc_ff552a0f154b,2026-03-29T16:21:39Z,admin,false,(organic),SG,false,hotmail.com,free,0
acc_d70c5987185f,2026-05-12T15:59:18Z,agent,false,docs,PL,false,proton.me,free,0
acc_f98696f274f9,2026-06-16T17:18:17Z,agent,false,q3-search,IE,false,pier-io.nl,free,0
acc_5c317b4088e7,2026-03-23T14:56:55Z,agent,false,(organic),NL,false,quillcloud.de,free,0
acc_a721ba71900c,2026-06-18T16:54:05Z,owner,true,q3-search,GB,false,glidegroup.nl,free,0
acc_4c22c7cb42cd,2026-06-07T14:08:52Z,admin,false,partner-directory,NL,false,hotmail.com,free,0
acc_980cae561103,2026-03-20T18:40:21Z,agent,false,(organic),NL,false,harbor-works.io,free,0
acc_dfb4412422a4,2026-05-14T08:55:57Z,admin,false,(organic),US,false,hotmail.com,free,0
acc_f87847b67e07,2026-05-17T22:56:56Z,owner,true,(organic),US,false,proton.me,free,0
acc_a6f043284f17,2026-07-13T06:23:46Z,agent,false,(organic),FR,false,orbit-partners.nl,free,0
acc_5f33f387332e,2026-02-11T15:22:50Z,agent,false,docs,GB,false,basil-labs.net,free,0
acc_47f9d2c1082a,2026-03-21T17:32:09Z,owner,true,partner-directory,PL,false,proton.me,free,0
acc_6df10cba654d,2026-04-04T16:27:37Z,agent,false,q3-search,FR,false,kestrel-co.com,free,0
acc_b9bb8bdbadbc,2026-07-28T17:11:20Z,agent,false,partner-directory,SE,false,cedar-studio.ai,free,0
acc_dadcc6b6ca40,2026-05-15T16:09:11Z,admin,false,(direct),US,false,atlassystems.net,free,0
acc_5198d4de3c0d,2026-07-15T11:33:05Z,owner,true,(organic),US,false,yahoo.com,free,0
acc_8f6592c4adea,2026-03-26T11:21:27Z,owner,true,q3-search,ES,false,solacetech.net,free,0
acc_80f3ebd2520e,2026-03-31T05:46:31Z,agent,false,q3-search,US,false,juno-cloud.nl,free,0
acc_22e9dbcae82d,2026-03-02T10:21:56Z,owner,true,(direct),DE,false,harbor-studio.com,free,0
acc_d71b6fadf5f4,2026-07-11T11:39:55Z,agent,false,(organic),IN,false,stack-digital.co.uk,free,0
acc_fd1f13ddc533,2026-06-17T20:04:34Z,agent,false,q3-search,IN,false,basil-tech.net,free,0
acc_6650406c6d37,2026-04-28T09:26:40Z,agent,false,q3-search,CA,false,outlook.com,free,0
acc_e6d462c8a973,2026-07-08T14:10:47Z,agent,false,(organic),US,false,icloud.com,free,0
acc_931c99b4a3ec,2026-07-15T16:26:14Z,agent,false,q3-search,US,false,quill-app.net,free,0
acc_7d24ab356bed,2026-02-24T11:45:24Z,admin,false,docs,US,false,meridian-cloud.nl,free,0
acc_d025ec4325f3,2026-02-23T07:13:11Z,agent,false,partner-directory,NL,false,lumen-io.com,free,0
acc_7174564b7926,2026-07-10T18:51:34Z,owner,true,partner-directory,AU,false,north-co.com,free,0
acc_96587864fe2c,2026-07-13T07:29:07Z,owner,true,(direct),CA,false,basil-labs.net,free,0
acc_6050e53ba1ba,2026-06-30T10:15:40Z,admin,false,(direct),DE,false,atlascloud.com,free,0
acc_704c0febb1d9,2026-02-04T11:14:27Z,agent,false,q3-search,GB,false,lumen-co.de,free,0
acc_9bfb44d1fef2,2026-06-26T10:18:23Z,agent,false,q3-search,AU,false,icloud.com,free,0
acc_daa36779db30,2026-02-14T14:57:46Z,agent,false,partner-directory,US,false,verano-group.net,free,0
acc_4aa98adcf281,2026-02-24T09:13:13Z,owner,true,partner-directory,US,false,forge-works.net,free,0
acc_3384faa9b4f1,2026-02-28T21:35:46Z,owner,true,docs,CA,false,basil-tech.net,free,0
acc_fb490be26af3,2026-04-12T17:43:51Z,admin,false,q3-search,IE,false,onyx-labs.com,free,0
acc_1b522d7f1af4,2026-07-20T11:53:54Z,agent,false,(organic),NL,false,ridge-labs.com,free,0
acc_da4ec6413e1b,2026-06-02T13:57:22Z,owner,true,q3-search,PL,false,glideio.io,free,0
acc_a2636b4598a6,2026-03-21T16:50:25Z,agent,false,(organic),US,false,hotmail.com,free,0
acc_6fd9e0ac6a83,2026-05-02T07:46:51Z,agent,false,(organic),SE,false,piersystems.de,free,0
acc_6ec295837c1c,2026-04-11T11:14:16Z,owner,true,docs,NL,false,gmail.com,free,0
acc_7118bd53fc4a,2026-06-13T18:53:25Z,agent,false,(organic),FR,false,meridiansolutions.ai,free,0
acc_1fe783cf6e0d,2026-03-22T18:43:17Z,owner,true,(organic),AU,false,glideworks.nl,free,0
acc_781259a7d5be,2026-02-24T06:50:07Z,owner,true,docs,PL,false,outlook.com,free,0
acc_bd26ee2b1645,2026-07-24T12:11:33Z,admin,false,partner-directory,FR,false,cedarlabs.co.uk,free,0
acc_fa851a862164,2026-03-29T09:15:03Z,owner,true,(organic),US,false,nimbussoftware.de,free,0
acc_ba40e497f916,2026-02-07T06:18:23Z,agent,false,(organic),PL,false,proton.me,free,0
acc_b670936eeb18,2026-02-15T14:20:57Z,owner,true,q3-search,US,false,quill-studio.com,team,149
acc_323144ba7735,2026-03-22T18:11:18Z,admin,false,(organic),AU,false,meridian-digital.ai,free,0
acc_a7fdf2052f1e,2026-06-24T11:09:32Z,admin,false,(organic),IE,false,yahoo.com,free,0
acc_1d92e5aa9bcd,2026-06-21T20:45:55Z,admin,false,(organic),IN,false,alpinepartners.de,free,0
acc_b8b2d2ea9733,2026-04-25T21:41:35Z,owner,true,docs,BR,false,verano-tech.co.uk,free,0
acc_3b8836c7c4f1,2026-02-20T12:27:17Z,owner,true,partner-directory,US,false,stackco.com,team,149
acc_e2b740f11e62,2026-06-26T21:14:08Z,agent,false,(direct),US,false,basillabs.com,free,0
acc_dab9c59240ee,2026-06-14T13:47:17Z,admin,false,docs,US,false,orbit-group.de,free,0
acc_74205f3a9222,2026-02-11T08:47:18Z,agent,false,(direct),SG,false,juno-systems.io,free,0
acc_ca61d101f6a3,2026-03-01T12:51:35Z,agent,false,(organic),US,false,orbit-digital.com,free,0
acc_679ad29debc1,2026-07-05T11:17:41Z,admin,false,q3-search,CA,false,marlow-group.de,free,0
acc_be6a16675a89,2026-04-13T12:36:34Z,owner,true,(direct),IE,false,vertex-studio.co.uk,free,0
acc_fd05d2974fd2,2026-06-22T14:52:17Z,owner,true,partner-directory,GB,false,forge-works.com,starter,49
acc_0c42c46a2e9d,2026-04-12T18:01:19Z,owner,true,docs,PL,false,hotmail.com,free,0
acc_842042e2d2ef,2026-04-22T21:16:42Z,owner,true,docs,GB,false,gmail.com,starter,49
acc_ccc727cab888,2026-07-30T09:20:36Z,admin,false,docs,US,false,harbordigital.ai,free,0
acc_324e4da8e870,2026-03-29T21:10:56Z,agent,false,(organic),CA,false,atlas-labs.de,free,0
acc_f533f996667c,2026-07-19T18:02:06Z,owner,true,docs,US,false,hotmail.com,free,0
acc_119c03f106bf,2026-06-09T17:15:26Z,owner,true,docs,FR,false,nimbus-io.ai,free,0
acc_d9e38bd06e6d,2026-05-19T18:38:43Z,agent,false,partner-directory,CA,false,basil-systems.co.uk,free,0
acc_a6c07f4a739e,2026-02-08T15:40:36Z,owner,true,q3-search,US,false,icloud.com,free,0
acc_0caf60c6212f,2026-03-05T15:09:38Z,admin,false,(organic),US,false,tempocloud.com,free,0
acc_a2a835dcd233,2026-02-16T10:35:31Z,admin,false,partner-directory,US,false,marlowpartners.com,free,0
acc_dec5c06ad56a,2026-07-25T11:31:27Z,owner,true,docs,US,false,icloud.com,free,0
acc_9af2afd64ea3,2026-02-23T14:10:57Z,owner,true,(organic),US,false,basil-works.nl,free,0
acc_efe9fb435c55,2026-06-17T16:06:57Z,agent,false,(organic),PL,false,solacesoftware.com,free,0
acc_bd0c39a3df1b,2026-02-25T13:05:36Z,admin,false,(organic),DE,false,basil-labs.ai,starter,49
acc_8bf7c5dfc5a1,2026-06-27T00:42:39Z,agent,false,(organic),AU,false,copperstudio.nl,free,0
acc_35b49562b584,2026-03-02T09:53:52Z,owner,true,(organic),NL,false,hotmail.com,free,0
acc_425d0b93e565,2026-07-05T15:33:36Z,owner,true,partner-directory,US,false,solace-solutions.nl,team,149
acc_c93fc3c7b583,2026-07-23T08:50:26Z,owner,true,docs,DE,false,proton.me,free,0
acc_315d44566ad1,2026-07-13T02:31:48Z,agent,false,q3-search,NL,false,hotmail.com,free,0
acc_60fd9003bf6f,2026-07-23T11:38:18Z,owner,true,q3-search,SG,false,tempoco.com,free,0
acc_18f365b4de7a,2026-02-24T15:07:00Z,owner,true,docs,BR,false,veranohq.io,free,0
acc_a000b3d70e85,2026-05-30T09:15:13Z,agent,false,(organic),AU,false,atlasio.com,free,0
acc_9f08127d53dd,2026-02-02T08:08:45Z,agent,false,(organic),ES,false,marlow-co.com,free,0
acc_1f12d49315e5,2026-07-10T09:53:34Z,agent,false,(organic),FR,false,basilpartners.de,free,0
acc_916f3dfcaf15,2026-06-28T10:59:34Z,admin,false,(organic),PL,false,cedarhq.ai,free,0
acc_62912637dcfa,2026-03-22T16:08:55Z,agent,false,(direct),DE,false,forgesolutions.net,free,0
acc_61a2c249da24,2026-05-16T15:38:24Z,owner,true,docs,US,false,atlassolutions.nl,free,0
acc_eae3812262a4,2026-04-15T18:53:43Z,owner,true,q3-search,IN,false,pilothq.co.uk,free,0
acc_39f04299f775,2026-07-23T14:15:04Z,admin,false,docs,GB,false,lumen-digital.net,free,0
acc_103cafbea7d0,2026-04-26T10:26:24Z,agent,false,q3-search,CA,false,brightsolutions.co,free,0
acc_9bd7c0e4976f,2026-03-03T10:48:40Z,owner,true,(organic),PL,false,outlook.com,starter,49
acc_4904839bf2ab,2026-07-15T08:46:50Z,owner,true,docs,US,false,proton.me,team,149
acc_1c305a901039,2026-03-16T07:33:24Z,owner,true,(organic),AU,false,icloud.com,starter,49
acc_08bd64fa49b1,2026-03-02T10:01:02Z,owner,true,docs,DE,false,alpinetech.nl,free,0
acc_85c6b6495a2e,2026-06-03T08:25:33Z,owner,true,docs,DE,false,icloud.com,free,0
acc_2a00874e7bf4,2026-04-12T08:29:29Z,agent,false,(direct),BR,false,orbit-tech.net,free,0
acc_952edf8468a4,2026-03-02T16:18:02Z,admin,false,q3-search,US,false,atlas-group.com,free,0
acc_863aec9d6336,2026-06-21T11:01:41Z,agent,false,(direct),FR,false,gmail.com,free,0
acc_b18ced3fa6ec,2026-03-18T14:41:14Z,admin,false,(organic),CA,false,tandem-digital.com,free,0
acc_8670fd06774a,2026-07-22T18:52:46Z,agent,false,(direct),AU,false,forge-labs.co,free,0
acc_9c0d2090066f,2026-02-23T14:58:03Z,owner,true,docs,FR,false,lumenlabs.io,free,0
acc_2c66e8659e62,2026-03-23T17:54:38Z,agent,false,q3-search,US,false,ridgehq.co,team,149
acc_bf1677e95423,2026-03-25T20:17:18Z,agent,false,q3-search,SE,false,meridian-systems.com,free,0
acc_0876ddb4273d,2026-04-02T17:16:34Z,admin,false,partner-directory,US,false,lattice-co.com,free,0
acc_1cb349e25139,2026-05-25T18:58:50Z,owner,true,partner-directory,US,false,forge-io.ai,free,0
acc_bdb49d083954,2026-06-01T23:28:07Z,owner,true,docs,SE,false,alpine-io.co,free,0
acc_b3b4881e868c,2026-03-07T15:55:26Z,owner,true,(direct),US,false,outlook.com,free,0
acc_39346389b65f,2026-05-11T14:44:53Z,admin,false,(organic),CA,false,tempolabs.nl,free,0
acc_ebb9ef856017,2026-02-14T16:08:10Z,owner,true,(organic),US,false,pierlabs.com,business,399
acc_a69433a8b9fc,2026-04-29T20:06:43Z,agent,false,q3-search,US,false,outlook.com,free,0
acc_ef18d12e12da,2026-02-05T13:12:50Z,agent,false,docs,US,false,outlook.com,free,0
acc_cd4074049745,2026-06-05T10:21:04Z,owner,true,partner-directory,AU,false,summit-io.com,free,0
acc_fef051b53361,2026-03-29T02:09:25Z,admin,false,(organic),IE,false,forgeio.io,free,0
acc_3c108de8e856,2026-07-25T11:40:38Z,agent,false,(direct),US,false,orbit-systems.com,free,0
acc_95adeae7e73f,2026-06-03T19:19:34Z,agent,false,(direct),NL,false,copper-app.ai,free,0
acc_8087da6996ef,2026-03-26T20:58:51Z,owner,true,(direct),GB,false,yahoo.com,free,0
acc_9d1ce67fe3fc,2026-05-01T10:14:44Z,owner,true,partner-directory,US,false,glidecloud.ai,starter,49
acc_ae37864fbdc7,2026-06-24T15:15:26Z,owner,true,(organic),AU,false,gmail.com,free,0
acc_331cf530bf9a,2026-05-27T16:58:03Z,agent,false,q3-search,IN,false,verano-app.net,free,0
acc_f265aa996644,2026-03-12T09:07:09Z,admin,false,partner-directory,US,false,icloud.com,free,0
acc_ba2ecd74ad4f,2026-02-07T00:45:44Z,owner,true,partner-directory,DE,false,quill-digital.de,free,0
acc_e8e5aa4d83c4,2026-04-20T08:51:52Z,owner,true,(organic),NL,false,bright-solutions.nl,free,0
acc_a34b80705425,2026-04-25T02:32:59Z,agent,false,q3-search,GB,false,lumenlabs.io,free,0
acc_e7bb471eab03,2026-07-21T11:00:13Z,agent,false,docs,DE,false,yahoo.com,free,0
acc_7a862155f9f5,2026-04-30T18:16:17Z,owner,true,q3-search,BR,false,forge-group.io,free,0
acc_1f92c3695713,2026-06-30T12:16:49Z,agent,false,(organic),FR,false,ridgetech.net,free,0
acc_37be368416a6,2026-05-03T16:44:31Z,owner,true,(organic),AU,false,harbor-group.co.uk,free,0
acc_c7c741533e1d,2026-06-06T09:44:00Z,owner,true,(organic),PL,false,outlook.com,team,149
acc_62adb8d0e96d,2026-03-07T11:24:31Z,owner,true,(organic),SE,false,nimbusio.co.uk,free,0
acc_96af691362da,2026-05-30T21:49:45Z,agent,false,(direct),DE,false,gmail.com,free,0
acc_5c4a2e4a393e,2026-06-10T05:15:43Z,agent,false,(organic),US,false,proton.me,free,0
acc_fc05a5f21a7e,2026-04-17T12:03:01Z,admin,false,q3-search,GB,false,ridge-studio.net,free,0
acc_f01789a2d085,2026-04-09T20:22:00Z,owner,true,(organic),PL,false,ridge-group.com,starter,49
acc_30412fd7c59f,2026-05-18T15:06:44Z,agent,false,(organic),SE,false,harbor-group.com,free,0
acc_e0f988f7d75e,2026-02-27T11:14:53Z,owner,true,docs,DE,false,nimbuspartners.ai,free,0
acc_0155a193ff79,2026-05-26T09:24:03Z,agent,false,(direct),GB,false,alpine-studio.co.uk,free,0
acc_4e3f0d708056,2026-02-21T10:57:37Z,owner,true,docs,IN,false,icloud.com,free,0
acc_85d3bd1ef514,2026-03-04T14:31:07Z,owner,true,(direct),PL,false,yahoo.com,starter,49
acc_70c5a6eb45e9,2026-05-25T09:39:12Z,owner,true,partner-directory,AU,false,harbor-group.ai,free,0
acc_95834a96ed69,2026-04-11T11:41:45Z,agent,false,q3-search,FR,false,copper-works.nl,free,0
acc_e45118ddfc44,2026-02-23T15:51:24Z,agent,false,(organic),IE,false,nimbussystems.de,free,0
acc_865fd0dc8aa1,2026-03-18T00:59:09Z,admin,false,docs,US,false,glideworks.de,free,0
acc_65ea3e0b1bd5,2026-05-24T11:37:12Z,admin,false,(direct),FR,false,latticeworks.net,free,0
acc_2cca679d1c5e,2026-07-11T14:42:06Z,admin,false,q3-search,AU,false,icloud.com,free,0
acc_5f0e5a67461e,2026-04-27T19:06:50Z,agent,false,partner-directory,US,false,vertex-studio.co.uk,free,0
acc_0552e8524b4e,2026-07-07T10:51:11Z,owner,true,(organic),SE,false,gmail.com,free,0
acc_5a5c413168ed,2026-03-18T09:01:55Z,owner,true,q3-search,SG,false,summit-co.net,free,0
acc_eb9eb7fc7be0,2026-07-15T13:19:03Z,admin,false,docs,US,false,quillpartners.com,free,0
acc_2b393533613d,2026-06-23T07:59:00Z,admin,false,docs,US,false,hotmail.com,free,0
acc_524d02896c07,2026-04-02T16:47:13Z,admin,false,(direct),AU,false,basil-group.com,free,0
acc_d69bc659c81d,2026-02-01T22:18:29Z,admin,false,q3-search,ES,false,basil-tech.net,free,0
acc_e252c57b2ebd,2026-03-24T11:53:25Z,agent,false,partner-directory,DE,false,quill-cloud.co.uk,free,0
acc_ffca4209121d,2026-02-23T15:05:15Z,agent,false,q3-search,GB,false,coppergroup.net,free,0
acc_ad9d170b971d,2026-02-05T15:07:00Z,owner,true,(direct),FR,false,proton.me,free,0
acc_560c4129f165,2026-07-15T09:54:21Z,agent,false,(direct),NL,false,basil-partners.co.uk,free,0
acc_ca5ab1cd602a,2026-02-04T17:14:30Z,owner,true,(direct),DE,false,glide-tech.de,free,0
acc_cae40dc2d84a,2026-07-06T10:21:49Z,agent,false,(organic),SE,false,glide-group.io,free,0
acc_12c52b1e2ab7,2026-03-04T18:59:32Z,agent,false,(organic),SE,false,yahoo.com,free,0
acc_92c3c713ffda,2026-06-11T23:47:16Z,owner,true,(direct),DE,false,meridiantech.com,free,0
acc_afa03274f420,2026-06-27T13:46:16Z,admin,false,(direct),US,false,copper-tech.com,free,0
acc_94dd94047ff6,2026-03-04T09:08:18Z,admin,false,(organic),US,false,outlook.com,free,0
acc_873a5a436cb0,2026-05-18T01:55:10Z,agent,false,partner-directory,IN,false,outlook.com,free,0
acc_1c74e464005b,2026-04-01T21:56:42Z,agent,false,(organic),SG,false,basil-software.com,free,0
acc_7cf452b890c7,2026-04-04T03:05:10Z,owner,true,(direct),DE,false,gmail.com,free,0
acc_081a26849ea8,2026-06-20T15:23:22Z,agent,false,(direct),US,false,outlook.com,free,0
acc_f6dfc9d6da06,2026-04-17T10:57:46Z,agent,false,(organic),US,false,icloud.com,free,0
acc_5d7a06a1bafb,2026-07-13T13:01:31Z,admin,false,(organic),BR,false,lumen-hq.nl,free,0
acc_57216a4d6ebb,2026-04-17T10:17:11Z,owner,true,(organic),IN,false,nimbustech.io,free,0
acc_feca574787c0,2026-02-28T18:46:54Z,agent,false,(direct),CA,false,glidegroup.net,free,0
acc_346822ff7abb,2026-05-28T04:33:14Z,admin,false,(direct),FR,false,pier-cloud.io,free,0
acc_83135d3a268d,2026-07-17T09:23:23Z,agent,false,q3-search,ES,false,brightio.com,free,0
acc_4fd0a606f051,2026-05-08T20:32:49Z,agent,false,(organic),GB,false,ridgehq.co,free,0
acc_6b3cd4ff5c18,2026-03-26T11:51:57Z,agent,false,(organic),US,false,proton.me,free,0
acc_63ca1e6d0cb1,2026-07-26T16:43:30Z,admin,false,q3-search,US,false,yahoo.com,free,0
acc_3fea5439a21a,2026-04-03T13:50:35Z,agent,false,docs,US,false,north-works.com,free,0
acc_f127cc6df649,2026-07-17T14:50:18Z,owner,true,(organic),SG,false,onyx-co.co,free,0
acc_b5e39d7c9c4d,2026-02-16T17:38:30Z,agent,false,(organic),NL,false,basilsolutions.co,free,0
acc_e8083354213b,2026-02-22T09:19:59Z,agent,false,(direct),GB,false,alpinehq.nl,free,0
acc_c9a2e0e449a9,2026-04-21T11:01:15Z,owner,true,(direct),FR,false,proton.me,free,0
acc_417e40de76aa,2026-06-18T13:33:29Z,agent,false,docs,SE,false,yahoo.com,free,0
acc_e57d5016503c,2026-06-06T16:08:31Z,agent,false,partner-directory,DE,false,icloud.com,free,0
acc_e8a8f78e837f,2026-05-29T13:33:52Z,admin,false,(organic),BR,false,pilot-digital.ai,free,0
acc_f21e3bb70cab,2026-07-26T17:14:56Z,agent,false,docs,IN,false,harborworks.io,free,0
acc_83470c035437,2026-05-16T07:32:22Z,agent,false,(organic),US,false,summit-cloud.net,free,0
acc_589714ab6f20,2026-05-29T07:44:53Z,agent,false,(organic),NL,false,tandem-software.com,free,0
acc_81386fc3eb53,2026-03-11T15:55:43Z,owner,true,docs,NL,false,lumenio.io,free,0
acc_a37c029299b8,2026-05-06T18:47:03Z,agent,false,(direct),NL,false,pilotsystems.co,free,0
acc_583631681185,2026-05-08T16:26:57Z,admin,false,q3-search,SG,false,outlook.com,free,0
acc_0733d6ddbb01,2026-07-09T16:36:39Z,agent,false,(direct),GB,false,verano-tech.net,free,0
acc_ca905f048a10,2026-03-28T10:45:07Z,owner,true,partner-directory,AU,false,alpinesystems.com,team,149
acc_345e52e78d54,2026-06-12T05:55:59Z,agent,false,(organic),SG,false,hotmail.com,free,0
acc_49fc0c0ec0ce,2026-02-22T19:17:22Z,owner,true,docs,US,false,marlowcloud.ai,free,0
acc_81e5ca695517,2026-06-05T14:27:16Z,owner,true,docs,US,false,piersoftware.co,free,0
acc_382462a7ef84,2026-02-22T18:22:26Z,owner,true,q3-search,GB,false,outlook.com,free,0
acc_302b8f6423c0,2026-06-25T12:05:16Z,owner,true,docs,US,false,gmail.com,free,0
acc_8c2925d6c2d6,2026-05-11T20:56:07Z,agent,false,q3-search,DE,false,basilsoftware.co.uk,free,0
acc_529457ef7039,2026-06-08T15:30:43Z,owner,true,docs,FR,false,meridiantech.com,team,149
acc_17dca00e6969,2026-03-12T08:23:38Z,agent,false,(organic),DE,false,vertexsolutions.com,free,0
acc_9b2f136526a9,2026-07-12T07:04:06Z,admin,false,(direct),US,false,icloud.com,free,0
acc_555ade0ddbee,2026-05-22T09:46:11Z,agent,false,(organic),US,false,meridiantech.ai,free,0
acc_02109ca396ac,2026-06-29T16:09:16Z,agent,false,partner-directory,SE,false,alpineworks.co.uk,free,0
acc_5b8b7940be17,2026-06-14T11:27:53Z,owner,true,docs,US,false,pierio.co,starter,49
acc_e0ffd1397a47,2026-07-28T16:12:20Z,admin,false,(direct),US,false,junotech.ai,free,0
acc_6ed2fff9f0ee,2026-06-25T15:06:07Z,owner,true,(organic),AU,false,vertex-labs.de,team,149
acc_2eaa82157eab,2026-04-12T19:52:09Z,admin,false,(organic),IN,false,proton.me,free,0
acc_b59e3de56970,2026-07-03T06:29:00Z,agent,false,(direct),ES,false,yahoo.com,free,0
acc_35c06a94eddf,2026-07-12T14:06:09Z,agent,false,(organic),FR,false,pier-hq.ai,free,0
acc_6695ed550052,2026-02-02T19:59:47Z,admin,false,(direct),SE,false,nimbus-digital.co.uk,free,0
acc_8a955b11b057,2026-04-22T14:33:40Z,admin,false,(direct),US,false,hotmail.com,free,0
acc_c7eea9ff0ac7,2026-07-08T11:08:34Z,agent,false,(organic),ES,false,stack-tech.com,free,0
acc_f53858db1e80,2026-02-07T15:10:03Z,agent,false,q3-search,IN,false,outlook.com,free,0
acc_a6a5372736bb,2026-06-18T15:56:10Z,agent,false,q3-search,FR,false,proton.me,free,0
acc_6fd54c5c0666,2026-03-12T20:00:22Z,admin,false,(organic),PL,false,cedartech.com,free,0
acc_9e0c0c1253a6,2026-04-12T12:46:33Z,agent,false,(direct),DE,false,bright-tech.com,free,0
acc_9713e2caccba,2026-06-29T16:17:21Z,agent,false,q3-search,CA,false,gmail.com,free,0
acc_3193cc53934b,2026-03-28T17:19:55Z,owner,true,partner-directory,US,false,vertex-works.co,free,0
acc_be514da03a5d,2026-06-09T16:19:12Z,agent,false,docs,US,false,gmail.com,free,0
acc_28dcd1cb386d,2026-02-26T20:22:26Z,owner,true,partner-directory,CA,false,ridgesolutions.nl,free,0
acc_9a522642828c,2026-07-10T15:47:49Z,agent,false,(organic),FR,false,forge-co.com,free,0
acc_3782911b428b,2026-02-22T11:03:33Z,agent,false,partner-directory,AU,false,hotmail.com,free,0
acc_5a1bd90727cc,2026-05-05T12:16:22Z,owner,true,(direct),GB,false,bright-hq.com,free,0
acc_01a0cbe52595,2026-07-07T15:36:22Z,owner,true,docs,GB,false,summithq.com,free,0
acc_e562156dd892,2026-05-24T08:32:54Z,admin,false,partner-directory,US,false,verano-io.nl,free,0
acc_718d0ea75788,2026-04-01T10:24:13Z,agent,false,(direct),BR,false,ridge-tech.nl,free,0
acc_4122d3c49d59,2026-02-01T11:36:18Z,agent,false,(organic),US,false,harbor-group.ai,free,0
acc_b9026b005cea,2026-06-25T17:44:11Z,admin,false,partner-directory,ES,false,basilsystems.co,free,0
acc_959836c8ce7c,2026-06-18T21:23:17Z,agent,false,q3-search,NL,false,lumensoftware.com,free,0
acc_e55d7d620314,2026-07-05T07:53:32Z,agent,false,(direct),IN,false,pilot-studio.nl,free,0
acc_e309a76b90d3,2026-04-28T19:05:06Z,agent,false,(organic),NL,false,orbit-works.net,free,0
acc_438ac4204b37,2026-03-17T11:06:07Z,admin,false,docs,US,false,harbor-software.net,starter,49
acc_849d6b89ed05,2026-04-29T10:48:59Z,admin,false,partner-directory,GB,false,kestrelgroup.com,free,0
acc_06980950d980,2026-07-06T15:01:56Z,agent,false,(organic),SE,false,basil-partners.co,free,0
acc_875800161a6a,2026-02-24T11:21:08Z,admin,false,(organic),BR,false,meridian-systems.co,free,0
acc_c3f5b0d6d2d0,2026-06-02T15:55:28Z,admin,false,(organic),NL,false,quill-io.co,free,0
acc_c1d070b07c18,2026-04-24T13:24:13Z,owner,true,partner-directory,CA,false,meridiantech.co,free,0
acc_4a242255b962,2026-03-24T17:28:48Z,owner,true,partner-directory,US,false,proton.me,starter,49
acc_3ee61fee7b83,2026-02-11T23:58:18Z,agent,false,q3-search,DE,false,verano-software.nl,free,0
acc_e46849cfdeff,2026-05-16T01:28:57Z,agent,false,(organic),IN,false,proton.me,free,0
acc_82841cef1798,2026-03-13T15:36:34Z,admin,false,(organic),GB,false,icloud.com,free,0
acc_3bfbd368ac03,2026-03-14T18:53:58Z,owner,true,docs,PL,false,stack-group.io,free,0
acc_b08521e312e9,2026-07-20T13:40:43Z,agent,false,(organic),NL,false,pilotco.io,free,0
acc_6153a8784028,2026-05-16T12:51:55Z,admin,false,(direct),IN,false,vertexsolutions.com,free,0
acc_faa880b50942,2026-04-18T22:50:52Z,owner,true,partner-directory,US,false,glide-digital.io,free,0
acc_995dc948142b,2026-03-27T16:47:48Z,owner,true,(direct),GB,false,basildigital.ai,free,0
acc_bd7d35c657c0,2026-04-13T13:17:38Z,admin,false,(organic),AU,false,tandem-app.co,free,0
acc_5b96cca1c16d,2026-03-21T20:01:44Z,owner,true,q3-search,ES,false,bright-app.nl,free,0
acc_e720bbb7ce4f,2026-06-18T13:26:59Z,owner,true,(organic),BR,false,outlook.com,free,0
acc_d6e4f7156c38,2026-06-29T08:33:28Z,owner,true,(direct),GB,false,orbitgroup.com,free,0
acc_bc7869bed034,2026-06-18T14:32:15Z,agent,false,(organic),SE,false,forgepartners.com,free,0
acc_e1683dd12da7,2026-07-29T16:21:24Z,owner,true,(organic),GB,false,cedar-digital.ai,free,0
acc_c1029a8cb1f9,2026-03-17T13:21:22Z,owner,true,docs,US,false,yahoo.com,starter,49
acc_c140557d5eb1,2026-03-04T08:12:58Z,agent,false,q3-search,GB,false,harborlabs.de,free,0
acc_f73b0c4aeccd,2026-03-20T07:55:38Z,admin,false,docs,NL,false,lumenio.co,free,0
acc_1c20e3bc6ca7,2026-03-04T13:02:50Z,admin,false,partner-directory,IN,false,yahoo.com,free,0
acc_050989526e52,2026-07-27T23:53:25Z,owner,true,partner-directory,PL,false,basilpartners.com,free,0
acc_c2eacec66279,2026-06-13T17:17:08Z,owner,true,partner-directory,BR,false,orbittech.co,free,0
acc_9fe4d8278a21,2026-03-17T10:17:32Z,agent,false,q3-search,FR,false,outlook.com,free,0
acc_bcd535be5a2c,2026-02-25T13:45:34Z,owner,true,docs,IE,false,icloud.com,free,0
acc_975eed9ef20a,2026-04-02T03:22:57Z,agent,false,partner-directory,US,false,basilsystems.co,free,0
acc_43cf6554cecd,2026-02-24T11:30:24Z,agent,false,(organic),NL,false,gmail.com,free,0
acc_cabcf01b67af,2026-05-15T07:07:49Z,agent,false,(direct),US,false,junosoftware.io,free,0
acc_f50fe0f5483a,2026-05-21T10:10:59Z,agent,false,q3-search,CA,false,marlow-cloud.co.uk,free,0
acc_16b2ab35eed7,2026-07-18T15:04:14Z,admin,false,(organic),BR,false,yahoo.com,free,0
acc_e4a74cc90bf5,2026-07-30T12:24:55Z,owner,true,docs,SE,false,icloud.com,free,0
acc_c223090dfa39,2026-02-18T18:35:44Z,admin,false,q3-search,NL,false,icloud.com,starter,49
acc_239a94dc8a02,2026-02-27T20:59:13Z,agent,false,(direct),IN,false,latticeworks.net,free,0
acc_9990f07a9050,2026-06-12T19:12:12Z,owner,true,docs,NL,false,outlook.com,free,0
acc_c0d9fc013f16,2026-06-18T12:54:02Z,admin,false,q3-search,US,false,lattice-cloud.net,free,0
acc_40353c11afa6,2026-06-08T11:32:07Z,agent,false,(organic),SG,false,gmail.com,free,0
acc_acd61cdbd90f,2026-05-01T13:59:59Z,admin,false,partner-directory,GB,false,outlook.com,free,0
acc_f94588c63788,2026-04-11T06:07:12Z,agent,false,(organic),US,false,juno-labs.nl,free,0
acc_ea89ba519342,2026-06-12T05:17:58Z,owner,true,docs,BR,false,pilot-group.co,free,0
acc_e427d0e41f5e,2026-03-22T15:05:18Z,admin,false,(direct),ES,false,solace-partners.com,free,0
acc_fc79db24bbb1,2026-05-29T22:18:31Z,owner,true,docs,FR,false,kestrel-works.ai,free,0
acc_7eb8c7d4b4cd,2026-06-28T09:58:20Z,agent,false,(direct),ES,false,alpinetech.nl,free,0
acc_a90e421f93d0,2026-05-17T10:44:00Z,owner,true,docs,CA,false,marlowstudio.co,free,0
acc_ce2ce136122e,2026-04-28T10:14:33Z,agent,false,(organic),NL,false,hotmail.com,free,0
acc_e01f1b06b0b2,2026-06-14T07:13:20Z,admin,false,(direct),IN,false,lumenhq.net,free,0
acc_931dfbe5ae94,2026-03-03T10:34:10Z,agent,false,partner-directory,US,false,harbor-group.com,free,0
acc_8dccb5a74434,2026-02-27T17:01:53Z,admin,false,(organic),IN,false,verano-solutions.com,free,0
acc_9f421f85dd91,2026-06-03T09:55:32Z,admin,false,partner-directory,US,false,outlook.com,free,0
acc_fd287af1c307,2026-04-05T07:34:18Z,owner,true,docs,FR,false,pier-co.com,free,0
acc_5c55568394b2,2026-04-18T11:17:55Z,owner,true,(organic),US,false,gmail.com,free,0
acc_790c683b79e2,2026-05-21T08:39:34Z,owner,true,docs,PL,false,alpine-systems.ai,free,0
acc_2230193f0a02,2026-03-13T17:58:52Z,owner,true,(organic),IE,false,icloud.com,free,0
acc_531fdae9468c,2026-06-19T11:00:55Z,admin,false,(direct),US,false,copper-hq.nl,free,0
acc_d52793d51fc7,2026-03-14T12:26:17Z,admin,false,docs,NL,false,yahoo.com,free,0
acc_af87e9cd5ef3,2026-04-18T19:26:55Z,agent,false,q3-search,BR,false,solace-io.ai,free,0
acc_9fe1122f8996,2026-06-27T11:07:09Z,agent,false,docs,DE,false,alpinetech.nl,free,0
acc_190132b0b18f,2026-03-26T12:25:15Z,owner,true,q3-search,BR,false,kestrel-app.com,starter,49
acc_36ae256d52c1,2026-07-30T13:40:52Z,owner,true,partner-directory,DE,false,marlowhq.ai,free,0
acc_c56262118b34,2026-02-24T23:37:37Z,agent,false,q3-search,GB,false,copper-cloud.co.uk,free,0
acc_a5ba4842a8c4,2026-03-28T17:23:38Z,agent,false,q3-search,DE,false,summit-tech.com,free,0
acc_73d1b41f4012,2026-05-06T01:36:50Z,owner,true,(direct),CA,false,stacksolutions.de,free,0
acc_82e1cc5b7c15,2026-07-17T22:44:36Z,agent,false,(direct),IN,false,northsoftware.com,free,0
acc_c2af1c67d421,2026-05-25T00:43:53Z,admin,false,q3-search,IE,false,piergroup.io,free,0
acc_1035fab2ffaa,2026-02-02T13:47:27Z,agent,false,docs,IE,false,bright-co.com,free,0
acc_a8e4e13e7830,2026-05-27T20:52:50Z,admin,false,(organic),GB,false,gmail.com,free,0
acc_a43a9a267810,2026-07-01T08:46:25Z,agent,false,partner-directory,US,false,outlook.com,free,0
acc_e8cf3d00806d,2026-04-30T06:58:51Z,owner,true,(direct),AU,false,alpine-software.co.uk,free,0
acc_0f64b47958cc,2026-07-25T12:17:30Z,agent,false,q3-search,CA,false,lumenstudio.de,free,0
acc_3268b0d911d1,2026-03-14T17:39:58Z,agent,false,(organic),US,false,summit-group.io,free,0
acc_d99709b8b24f,2026-07-01T13:43:20Z,agent,false,q3-search,GB,false,cedarapp.com,free,0
acc_f8e0d39bc5d4,2026-06-15T13:55:29Z,admin,false,(organic),CA,false,solacestudio.co,free,0
acc_bb365040fd72,2026-04-23T10:34:13Z,admin,false,partner-directory,US,false,nimbuspartners.ai,free,0
acc_f5464275873a,2026-06-22T18:28:19Z,admin,false,q3-search,GB,false,gmail.com,free,0
acc_67f285a5801a,2026-03-04T11:14:52Z,admin,false,partner-directory,NL,false,harbor-digital.com,free,0
acc_3ae97c82e5dd,2026-05-10T19:54:24Z,agent,false,(organic),US,false,pilot-solutions.com,free,0
acc_d2d5b7270ab5,2026-07-01T09:49:06Z,owner,true,docs,CA,false,marlow-app.co,free,0
acc_714a09fc880d,2026-07-01T14:21:05Z,agent,false,(organic),BR,false,gmail.com,free,0
acc_da675616d827,2026-07-03T16:30:34Z,agent,false,q3-search,CA,false,harborcloud.co,free,0
acc_940ef62794d8,2026-04-20T14:46:59Z,owner,true,docs,NL,false,solacestudio.net,free,0
acc_699c62b658fe,2026-03-18T09:06:13Z,agent,false,docs,DE,false,glide-studio.nl,free,0
acc_82da12787def,2026-07-19T16:12:58Z,agent,false,partner-directory,IN,false,bright-co.nl,free,0
acc_7bfa8ba04eab,2026-05-17T17:36:35Z,owner,true,partner-directory,FR,false,forgecloud.com,team,149
acc_237256e01953,2026-07-12T10:10:39Z,owner,true,(organic),DE,false,outlook.com,free,0
acc_7a967af3111f,2026-06-09T07:36:50Z,agent,false,q3-search,FR,false,quillpartners.co,free,0
acc_066ee33efd41,2026-05-10T11:58:22Z,agent,false,q3-search,ES,false,marlowcloud.ai,free,0
acc_c7167504c468,2026-07-12T15:53:06Z,agent,false,(organic),BR,false,lumen-group.com,free,0
acc_ad9313647ae9,2026-03-11T22:01:49Z,agent,false,(organic),GB,false,kestrel-digital.net,free,0
acc_ca269ea896e4,2026-02-09T20:41:53Z,owner,true,docs,CA,false,tempo-digital.com,starter,49
acc_643fbf44e8f5,2026-02-13T09:56:29Z,owner,true,partner-directory,US,false,lumenstudio.co.uk,team,149
acc_9204d04a70e5,2026-07-15T07:10:13Z,admin,false,docs,IN,false,basilco.co,free,0
acc_ec5921475ed2,2026-03-26T15:17:40Z,owner,true,partner-directory,US,false,ridgelabs.de,free,0
acc_cd3c814706b1,2026-06-07T12:18:38Z,owner,true,(direct),IE,false,harborworks.ai,free,0
acc_fd8a9e6764d3,2026-05-20T15:38:30Z,agent,false,(organic),US,false,proton.me,free,0
acc_ccaa669d8a46,2026-03-07T09:22:55Z,agent,false,(organic),US,false,verano-tech.net,free,0
acc_22f4c75fc1d5,2026-05-27T15:49:31Z,admin,false,(organic),DE,false,juno-labs.co,free,0
acc_a281eb6101e2,2026-02-17T11:15:56Z,owner,true,(direct),US,false,harborlabs.de,starter,49
acc_832e9cf63c4d,2026-07-21T16:45:21Z,agent,false,(organic),IN,false,lumenhq.com,free,0
acc_7d483282a097,2026-07-31T13:39:02Z,agent,false,(organic),AU,false,outlook.com,free,0
acc_7c52d254eb9a,2026-06-01T09:27:10Z,owner,true,(direct),FR,false,cedarapp.net,free,0
acc_3960c64783e4,2026-07-10T12:24:45Z,admin,false,q3-search,CA,false,yahoo.com,free,0
acc_cfc5f06c6b3e,2026-05-22T11:39:44Z,agent,false,(organic),PL,false,vertex-solutions.co,free,0
acc_80a1a660d5fb,2026-02-05T18:13:21Z,admin,false,(organic),CA,false,atlascloud.com,free,0
acc_1496ff4abf99,2026-07-01T19:37:27Z,admin,false,partner-directory,IN,false,glidecloud.ai,free,0
acc_c6d72f8ddcc8,2026-06-28T21:53:46Z,admin,false,docs,US,false,onyxtech.io,free,0
acc_78accea79287,2026-02-10T14:34:08Z,agent,false,partner-directory,CA,false,lumen-cloud.co,free,0
acc_aa469b92ebeb,2026-07-31T10:12:59Z,agent,false,(organic),CA,false,gmail.com,free,0
acc_084abeefd7a3,2026-02-10T07:46:03Z,agent,false,(direct),IN,false,veranoapp.ai,free,0
acc_dc728ad682ac,2026-02-05T23:19:53Z,owner,true,(organic),IN,false,proton.me,free,0
acc_cef76b785202,2026-04-03T22:35:42Z,owner,true,docs,PL,false,yahoo.com,free,0
acc_e425b99c7162,2026-04-30T10:44:49Z,owner,true,partner-directory,DE,false,marlow-app.com,free,0
acc_7064b2c3f1e1,2026-06-18T09:06:13Z,owner,true,(organic),NL,false,harbor-group.ai,free,0
acc_2c564715a1c2,2026-06-20T16:11:02Z,owner,true,docs,US,false,pierdigital.co.uk,free,0
acc_cb35484a0896,2026-03-15T18:07:30Z,owner,true,(organic),BR,false,icloud.com,free,0
acc_4051dddd74bd,2026-05-08T15:21:35Z,agent,false,(organic),US,false,hotmail.com,free,0
acc_4bc320bd31ed,2026-07-31T22:55:11Z,agent,false,(organic),AU,false,brightdigital.com,free,0
acc_728ac78c8ba4,2026-04-11T08:48:36Z,owner,true,(direct),DE,false,basil-systems.co.uk,free,0
acc_9113355d545c,2026-04-27T11:29:08Z,agent,false,docs,PL,false,lumenhq.com,free,0
acc_56d2dfd4b834,2026-02-25T22:25:00Z,owner,true,(organic),US,false,outlook.com,starter,49
acc_b72f90823eef,2026-07-13T18:15:27Z,owner,true,docs,DE,false,yahoo.com,free,0
acc_c5a3f4b94b18,2026-06-05T10:18:02Z,owner,true,(direct),BR,false,ridgegroup.io,free,0
acc_6f6a0a09fb76,2026-07-25T13:54:26Z,owner,true,docs,NL,false,harbor-works.io,free,0
acc_0f6f781a81d1,2026-04-28T09:17:13Z,admin,false,partner-directory,GB,false,harbor-works.io,free,0
acc_71e2d5e3a558,2026-02-24T16:34:08Z,agent,false,(direct),SE,false,north-io.de,free,0
acc_872347fb397f,2026-03-15T09:22:09Z,agent,false,(organic),IN,false,pier-tech.com,free,0
acc_199e8ee6425c,2026-06-04T05:36:51Z,owner,true,docs,GB,false,proton.me,free,0
acc_ab59d0c4b146,2026-05-27T17:18:08Z,admin,false,q3-search,ES,false,meridian-group.com,free,0
acc_8a27daa12f1d,2026-06-07T10:23:52Z,owner,true,q3-search,NL,false,forgepartners.co,free,0
acc_d251c7565208,2026-02-02T08:15:08Z,admin,false,(direct),AU,false,forge-digital.co.uk,free,0
acc_95483c406887,2026-03-23T05:20:29Z,admin,false,(organic),AU,false,cedarapp.nl,free,0
acc_a404e3580da3,2026-04-22T11:55:41Z,agent,false,(organic),IN,false,harbor-co.com,free,0
acc_44d6f3cb1811,2026-04-27T15:31:05Z,admin,false,docs,US,false,coppercloud.io,free,0
acc_9cafaed041fb,2026-03-03T16:01:31Z,agent,false,(organic),IN,false,icloud.com,free,0
acc_f61e1c245ebe,2026-03-29T15:09:04Z,owner,true,(direct),SG,false,copper-tech.ai,free,0
acc_d8e1e03c23cc,2026-06-20T21:51:31Z,agent,false,docs,US,false,lattice-digital.nl,free,0
acc_dfa288bcb45e,2026-02-22T20:08:20Z,agent,false,(organic),DE,false,gmail.com,free,0
acc_0978dbd4d9da,2026-07-18T10:19:38Z,agent,false,(direct),BR,false,cedar-digital.ai,free,0
acc_47d0c292c495,2026-07-11T09:38:01Z,agent,false,q3-search,FR,false,gmail.com,free,0
acc_19d44da685ed,2026-05-02T11:15:23Z,owner,true,(organic),CA,false,north-studio.com,free,0
acc_76edbff3f4e6,2026-05-04T13:44:23Z,owner,true,(direct),BR,false,gmail.com,free,0
acc_905e0700b3ce,2026-06-29T17:12:10Z,admin,false,(direct),US,false,summitworks.de,free,0
acc_188503a4fff3,2026-07-07T07:50:12Z,agent,false,(organic),GB,false,ridge-group.com,free,0
acc_20e4c7e3af9c,2026-07-09T10:30:03Z,agent,false,(direct),US,false,lattice-systems.com,free,0
acc_bb606bd4dd03,2026-06-07T18:36:24Z,owner,true,docs,IN,false,pilotsystems.co,free,0
acc_719a03e36949,2026-06-16T10:09:40Z,agent,false,q3-search,US,false,juno-cloud.de,free,0
acc_c9f2d3309b4c,2026-04-08T09:04:39Z,agent,false,q3-search,IE,false,northsolutions.io,free,0
acc_437fab1c17c9,2026-05-01T10:22:19Z,agent,false,(organic),SE,false,outlook.com,free,0
acc_f7a2f36a0d3b,2026-04-15T11:46:30Z,owner,true,q3-search,CA,false,copperco.net,starter,49
acc_86a90c1432dd,2026-06-26T14:43:10Z,admin,false,partner-directory,US,false,yahoo.com,free,0
acc_cf8ae8afb4cc,2026-03-19T21:49:54Z,agent,false,(organic),NL,false,forge-works.co.uk,free,0
acc_f7a6ead9d7bc,2026-05-15T18:50:06Z,agent,false,q3-search,NL,false,gmail.com,free,0
acc_d69cdf2b3747,2026-03-13T07:59:43Z,agent,false,q3-search,US,false,proton.me,free,0
acc_37695bfe8a9e,2026-07-20T17:23:53Z,agent,false,docs,PL,false,yahoo.com,free,0
acc_3737a4f2e78d,2026-04-08T16:15:22Z,owner,true,(direct),NL,false,nimbusstudio.com,free,0
acc_ffce76dda18b,2026-06-14T20:39:32Z,agent,false,q3-search,US,false,meridian-group.com,free,0
acc_941e13fa8f3f,2026-04-22T13:49:59Z,owner,true,(organic),US,false,meridian-group.com,free,0
acc_4ad54b0ec518,2026-07-15T17:31:51Z,agent,false,(organic),IN,false,gmail.com,free,0
acc_d9f57474e339,2026-04-26T01:46:37Z,owner,true,q3-search,GB,false,orbitio.io,free,0
acc_89128a92690c,2026-05-18T17:01:11Z,owner,true,partner-directory,SE,false,latticeco.com,free,0
acc_870ef816be23,2026-02-12T14:14:52Z,owner,true,docs,IN,false,ridgesoftware.com,team,149
acc_be841b973b48,2026-05-16T19:44:02Z,owner,true,docs,IN,false,junotech.nl,starter,49
acc_3adabdf4d8b5,2026-02-24T15:26:36Z,agent,false,(direct),US,false,hotmail.com,free,0
acc_af8ad43fd590,2026-02-21T05:43:04Z,agent,false,q3-search,US,false,kestrelsystems.com,free,0
acc_9f449ae8f85f,2026-04-28T17:38:39Z,owner,true,docs,CA,false,stackpartners.net,free,0
acc_3022dc830587,2026-04-12T06:38:25Z,owner,true,(organic),US,false,yahoo.com,free,0
acc_b3f0059b6716,2026-04-17T15:54:31Z,agent,false,q3-search,US,false,vertex-digital.co.uk,free,0
acc_b0707d4ace01,2026-03-17T12:17:41Z,admin,false,q3-search,AU,false,summit-solutions.de,free,0
acc_0dc288e73b78,2026-06-29T16:53:42Z,agent,false,(direct),DE,false,hotmail.com,free,0
acc_febc6326a7e5,2026-06-09T12:14:20Z,owner,true,docs,DE,false,marlow-group.io,starter,49
acc_1b7b5e6cde20,2026-06-14T12:21:04Z,agent,false,q3-search,CA,false,icloud.com,free,0
acc_c0ea8dc6024b,2026-06-24T15:36:24Z,agent,false,(organic),IN,false,proton.me,free,0
acc_6f20c48c4f57,2026-07-03T17:28:34Z,owner,true,(organic),GB,false,copper-app.com,free,0
acc_aeee9b09189d,2026-03-06T08:48:19Z,agent,false,q3-search,ES,false,northsoftware.com,free,0
acc_944c2150c642,2026-07-29T17:07:21Z,agent,false,docs,SE,false,outlook.com,free,0
acc_6e1f2b985d7f,2026-07-28T08:55:21Z,admin,false,(organic),CA,false,proton.me,free,0
acc_408fd20e53d0,2026-03-27T15:21:12Z,agent,false,(direct),BR,false,summit-solutions.de,free,0
acc_1f19ed9aa199,2026-05-05T14:04:53Z,admin,false,(organic),AU,false,solacecloud.nl,free,0
acc_8e1a52dda54d,2026-07-15T16:15:38Z,agent,false,docs,SE,false,stacksolutions.nl,free,0
acc_0675126dbceb,2026-05-14T14:49:35Z,agent,false,(organic),IN,false,summitsolutions.net,free,0
acc_7ce8af5cc48a,2026-07-27T09:02:01Z,agent,false,(organic),GB,false,latticelabs.com,free,0
acc_7d10499e3909,2026-02-11T14:18:26Z,owner,true,(direct),ES,false,basilpartners.com,free,0
acc_d5eb0c292616,2026-05-10T16:40:23Z,agent,false,q3-search,FR,false,latticeco.com,free,0
acc_3e50380a67a5,2026-03-31T23:48:18Z,admin,false,(organic),PL,false,outlook.com,free,0
acc_2e70490b2e12,2026-05-12T19:07:21Z,admin,false,docs,US,false,juno-io.co,free,0
acc_a971069c0498,2026-05-02T20:05:02Z,owner,true,docs,CA,false,forge-digital.nl,starter,49
acc_353130503ae5,2026-04-22T13:10:06Z,agent,false,(organic),US,false,gmail.com,free,0
acc_28945e953670,2026-03-25T01:28:04Z,agent,false,docs,US,false,icloud.com,free,0
acc_b66a42a8a6d5,2026-03-07T10:24:10Z,agent,false,partner-directory,NL,false,forge-works.co.uk,free,0
acc_f013881ce062,2026-02-15T08:31:52Z,admin,false,partner-directory,US,false,summit-hq.nl,free,0
acc_a244c9bc6451,2026-06-08T22:48:38Z,agent,false,(organic),FR,false,hotmail.com,free,0
acc_2092f46041a0,2026-06-07T08:12:38Z,agent,false,(organic),ES,false,basillabs.nl,free,0
acc_16f7a7935781,2026-02-11T16:53:44Z,owner,true,(organic),US,false,atlas-app.co.uk,free,0
acc_314c29c97edf,2026-04-22T11:51:09Z,agent,false,docs,AU,false,northworks.co,free,0
acc_b23493903841,2026-07-16T08:10:34Z,owner,true,(organic),US,false,proton.me,free,0
acc_6f6c41768d57,2026-02-19T08:58:33Z,owner,true,docs,IN,false,veranosoftware.com,free,0
acc_2985338d5152,2026-05-19T15:11:23Z,agent,false,(organic),US,false,proton.me,free,0
acc_ba2875c1b74d,2026-02-25T13:52:25Z,admin,false,(organic),DE,false,yahoo.com,free,0
acc_a136b58d0373,2026-06-27T20:20:23Z,admin,false,docs,GB,false,lattice-tech.com,free,0
acc_325f1571c190,2026-05-18T13:09:55Z,owner,true,docs,SG,false,yahoo.com,free,0
acc_f09bb8b5d6f9,2026-05-25T16:34:46Z,agent,false,(organic),SE,false,atlasgroup.ai,free,0
acc_8274af45b220,2026-07-10T09:20:02Z,owner,true,partner-directory,CA,false,tempo-co.com,free,0
acc_00c964d0d0f6,2026-06-21T10:19:49Z,agent,false,(direct),US,false,bright-app.nl,free,0
acc_7873c1a50b27,2026-06-10T10:08:09Z,agent,false,(organic),ES,false,summitworks.de,free,0
acc_c9d911ac333b,2026-06-26T20:55:28Z,admin,false,docs,NL,false,pilot-group.co.uk,free,0
acc_6d519fc58ba4,2026-03-29T21:32:35Z,agent,false,(organic),FR,false,northapp.com,free,0
acc_aa7fe60e4ed0,2026-07-27T10:36:25Z,admin,false,q3-search,SG,false,nimbuspartners.ai,free,0
acc_fc07ffb49de0,2026-07-08T19:26:35Z,agent,false,(organic),US,false,proton.me,free,0
acc_3dec4e346f3f,2026-04-03T11:31:05Z,owner,true,(organic),US,false,proton.me,free,0
acc_b4fb6729c1d7,2026-07-16T09:15:49Z,agent,false,(organic),ES,false,hotmail.com,free,0
acc_54a2ed66e417,2026-05-18T08:23:56Z,admin,false,(organic),DE,false,solacesoftware.com,free,0
acc_e33d66ae6568,2026-06-09T15:58:52Z,owner,true,q3-search,GB,false,lumenio.io,free,0
acc_6c6bc80d4947,2026-06-17T12:17:04Z,admin,false,(direct),IN,false,glide-studio.com,free,0
acc_d53d9e52be31,2026-07-08T12:38:17Z,owner,true,docs,US,false,alpinetech.nl,starter,49
acc_4ca943521845,2026-04-19T10:50:28Z,agent,false,(organic),AU,false,alpine-studio.co.uk,free,0
acc_57f33bf39c64,2026-05-31T13:00:51Z,admin,false,(direct),GB,false,tandem-software.co.uk,free,0
acc_7d6825836b25,2026-02-16T16:31:39Z,agent,false,(organic),US,false,verano-digital.co,free,0
acc_8d0152e3fdf0,2026-03-09T10:14:31Z,owner,true,docs,US,false,tempotech.com,free,0
acc_64d1e896e930,2026-04-17T22:29:04Z,agent,false,docs,BR,false,marlow-software.co,free,0
acc_daeba233e408,2026-04-21T15:29:58Z,agent,false,q3-search,NL,false,copper-labs.nl,free,0
acc_ae8e8879d874,2026-04-12T21:57:06Z,agent,false,(organic),PL,false,meridianpartners.ai,free,0
acc_ff5e8077a15b,2026-05-22T14:11:23Z,agent,false,(organic),ES,false,atlasdigital.nl,free,0
acc_78e80704baa3,2026-07-31T14:46:34Z,agent,false,(direct),PL,false,lumenco.net,free,0
acc_1158ca9c67ac,2026-03-23T13:33:52Z,agent,false,(organic),NL,false,copper-tech.ai,free,0
acc_6e9313720029,2026-05-08T10:26:45Z,agent,false,partner-directory,US,false,meridiantech.com,free,0
acc_de7eae188328,2026-04-12T22:01:40Z,owner,true,(organic),ES,false,quillsoftware.com,business,399
acc_fea431e331d1,2026-06-26T14:38:25Z,owner,true,partner-directory,AU,false,outlook.com,free,0
acc_64ed727e372b,2026-02-14T13:47:22Z,agent,false,(organic),US,false,yahoo.com,free,0
acc_efdf72da9f1c,2026-06-30T14:22:21Z,agent,false,partner-directory,FR,false,outlook.com,free,0
acc_4a1e9cf1dfd8,2026-04-29T14:35:04Z,owner,true,docs,FR,false,yahoo.com,free,0
acc_b7fcb7f183db,2026-07-02T14:53:49Z,owner,true,partner-directory,ES,false,lumenstudio.net,free,0
acc_e190afc25ad8,2026-06-07T07:13:18Z,agent,false,partner-directory,IN,false,ridge-studio.net,free,0
acc_67c157fbc91b,2026-06-23T00:32:48Z,agent,false,(organic),US,false,yahoo.com,free,0
acc_ef853af0e3b3,2026-03-04T18:02:55Z,agent,false,docs,DE,false,gmail.com,free,0
acc_477972fb542b,2026-04-11T15:41:13Z,admin,false,partner-directory,IN,false,lattice-co.com,free,0
acc_74aa5ae92e1a,2026-07-11T10:43:02Z,admin,false,(organic),US,false,icloud.com,free,0
acc_e4c1ad6284cc,2026-02-03T03:45:06Z,agent,false,q3-search,US,false,lattice-tech.nl,free,0
acc_18b678222935,2026-05-26T15:56:43Z,agent,false,partner-directory,DE,false,northco.com,free,0
acc_94211111ae62,2026-04-02T17:08:29Z,owner,true,docs,AU,false,proton.me,free,0
acc_8f8c83c655b9,2026-05-16T11:48:58Z,admin,false,partner-directory,US,false,nimbus-digital.de,free,0
acc_dd82a9a97226,2026-03-15T21:37:07Z,owner,true,docs,GB,false,onyxco.co.uk,free,0
acc_7d0ae7a2a907,2026-04-18T15:03:12Z,owner,true,(organic),US,false,glide-digital.io,free,0
acc_a1912582eca3,2026-07-02T12:16:33Z,admin,false,docs,CA,false,outlook.com,free,0
acc_16ab4aa3410b,2026-04-18T16:51:40Z,agent,false,q3-search,US,false,copper-co.com,free,0
acc_de49c9c8f5f0,2026-05-14T02:31:32Z,owner,true,(direct),NL,false,marlow-cloud.co.uk,free,0
acc_889a9f0bb78a,2026-03-11T10:59:04Z,admin,false,(organic),BR,false,gmail.com,free,0
acc_2fbd67741017,2026-03-17T14:28:28Z,agent,false,q3-search,CA,false,orbitsolutions.nl,free,0
acc_ff5c2c4217f4,2026-03-03T14:19:17Z,agent,false,(organic),NL,false,gmail.com,free,0
acc_0247a580aed3,2026-02-09T09:33:46Z,admin,false,(direct),BR,false,latticesolutions.net,free,0
acc_a8cb6144bc39,2026-06-25T15:51:27Z,agent,false,partner-directory,US,false,basil-app.nl,free,0
acc_11910ef4e3b2,2026-06-19T13:08:42Z,agent,false,(organic),US,false,icloud.com,free,0
acc_06491e0f25b0,2026-03-02T18:19:26Z,agent,false,(direct),US,false,proton.me,free,0
acc_1e5c398158bc,2026-05-02T15:34:44Z,agent,false,q3-search,US,false,piergroup.io,free,0
acc_e68b33b0b3aa,2026-04-16T07:35:31Z,owner,true,docs,ES,false,atlas-tech.com,free,0
acc_2f585ab1d333,2026-07-19T12:11:57Z,owner,true,(direct),GB,false,bright-works.nl,free,0
acc_679a88a55fd8,2026-06-14T10:39:00Z,admin,false,partner-directory,SE,false,basil-works.ai,free,0
acc_e992267e1abe,2026-03-29T15:32:27Z,agent,false,partner-directory,US,false,northsolutions.io,free,0
acc_3e0d562f4651,2026-07-06T06:15:31Z,admin,false,(organic),BR,false,icloud.com,free,0
acc_81f8d9f501b9,2026-05-06T16:48:17Z,agent,false,partner-directory,US,false,basil-co.co,free,0
acc_b88eee3fc0a1,2026-04-19T11:49:30Z,admin,false,(organic),FR,false,icloud.com,free,0
acc_bce0fd75d9c0,2026-03-11T10:06:48Z,owner,true,partner-directory,US,false,northstudio.com,team,149
acc_ba956b9b8d7e,2026-02-17T10:46:51Z,agent,false,(organic),US,false,lumen-cloud.co,free,0
acc_0c4885fd077e,2026-02-19T17:35:16Z,admin,false,(organic),DE,false,hotmail.com,free,0
acc_da7c66e2f0de,2026-04-12T12:43:39Z,agent,false,(organic),BR,false,forge-group.com,free,0
acc_2c034ae619eb,2026-07-03T10:50:40Z,agent,false,q3-search,ES,false,pilot-hq.de,free,0
acc_74f4a850e0d0,2026-06-04T10:01:53Z,agent,false,partner-directory,IE,false,brightco.co,free,0
acc_687a6e0084fe,2026-06-26T15:33:32Z,owner,true,partner-directory,US,false,hotmail.com,starter,49
acc_df8b54bb2e87,2026-02-23T12:46:41Z,owner,true,(organic),DE,false,hotmail.com,free,0
acc_f491a22d7b93,2026-07-06T09:21:27Z,owner,true,(organic),US,false,lumenhq.com,free,0
acc_14032b4896b2,2026-05-27T17:43:27Z,agent,false,partner-directory,US,false,marlow-app.com,free,0
acc_c437976fd8f0,2026-04-09T18:14:32Z,admin,false,q3-search,BR,false,outlook.com,free,0
acc_403e1feb4dd0,2026-06-19T18:54:41Z,owner,true,(direct),CA,false,proton.me,business,399
acc_ed52f01fadbc,2026-06-16T18:21:46Z,owner,true,docs,DE,false,copperstudio.nl,starter,49
acc_34a7179aed7e,2026-06-30T00:50:48Z,owner,true,(organic),US,false,proton.me,team,149
acc_4bec29971f88,2026-03-12T05:37:35Z,agent,false,docs,CA,false,pilot-cloud.nl,free,0
acc_b514d69338b4,2026-05-27T07:23:19Z,agent,false,(organic),IN,false,solace-hq.co,free,0
acc_39e98bf124ea,2026-03-10T14:01:15Z,agent,false,(direct),US,false,alpineworks.co.uk,free,0
acc_6f4a184b8ee3,2026-07-05T20:09:41Z,agent,false,docs,US,false,nimbus-labs.com,free,0
acc_6d2851461dc2,2026-06-18T17:55:19Z,admin,false,(direct),BR,false,lumenlabs.io,free,0
acc_84cd371eeef2,2026-02-11T17:34:54Z,agent,false,docs,IE,false,outlook.com,free,0
acc_2e892fc465f8,2026-05-24T11:41:38Z,admin,false,docs,NL,false,ridgesoftware.ai,free,0
acc_aa932132f40d,2026-05-03T11:19:56Z,agent,false,q3-search,GB,false,hotmail.com,free,0
acc_f423bacd3ad1,2026-05-14T01:16:27Z,owner,true,(organic),US,false,nimbus-labs.de,business,399
acc_d427dbd198c7,2026-07-01T22:45:22Z,agent,false,(organic),PL,false,proton.me,free,0
acc_923910f3f79d,2026-07-29T15:40:45Z,agent,false,(organic),BR,false,outlook.com,free,0
acc_241b177e66a8,2026-03-29T11:39:59Z,owner,true,partner-directory,IN,false,harborlabs.com,free,0
acc_6fe403dbf649,2026-02-16T23:40:23Z,admin,false,(organic),PL,false,bright-app.nl,free,0
acc_e8bb4bcb8d6e,2026-02-02T12:20:17Z,agent,false,(organic),US,false,tandem-app.ai,free,0
acc_ac386df25845,2026-02-26T13:54:52Z,admin,false,(organic),US,false,gmail.com,free,0
acc_2c5a89495272,2026-02-14T11:41:22Z,owner,true,q3-search,BR,false,vertex-labs.com,free,0
acc_4b2638a15ce1,2026-07-26T19:22:18Z,admin,false,(organic),IE,false,solacedigital.com,free,0
acc_6f67cafa7b6a,2026-07-01T17:05:29Z,admin,false,(organic),US,false,yahoo.com,free,0
acc_56f452056723,2026-06-27T12:30:01Z,owner,true,(organic),US,false,ridge-partners.ai,free,0
acc_9fbcf4b993b6,2026-03-06T16:52:49Z,agent,false,(organic),AU,false,proton.me,free,0
acc_79f90ff45dc9,2026-04-15T17:54:16Z,admin,false,(direct),IN,false,lattice-solutions.co.uk,free,0
acc_335ad6c4d1e2,2026-05-18T13:14:39Z,agent,false,(organic),CA,false,coppercloud.nl,free,0
acc_30606d169741,2026-05-25T14:16:43Z,owner,true,(organic),AU,false,tandem-io.nl,free,0
acc_0ed0626fa843,2026-07-30T20:14:25Z,owner,true,q3-search,FR,false,basildigital.ai,free,0
acc_c91f40fa5e04,2026-03-13T16:48:16Z,agent,false,q3-search,GB,false,junosoftware.io,free,0
acc_521da8f493b9,2026-03-20T15:10:50Z,owner,true,(organic),AU,false,basil-io.nl,free,0
acc_6891e57b7866,2026-05-23T17:28:14Z,owner,true,(direct),PL,false,tandemco.io,starter,49
acc_94b584b786cb,2026-07-31T23:44:06Z,admin,false,q3-search,BR,false,stack-labs.ai,free,0
acc_2f3b152e8360,2026-02-02T12:25:33Z,admin,false,docs,US,false,onyx-app.io,free,0
acc_43517cff68cb,2026-04-05T13:25:02Z,owner,true,q3-search,AU,false,stack-labs.com,free,0
acc_50beb73eca17,2026-06-12T15:08:54Z,owner,true,docs,DE,false,solace-works.nl,free,0
acc_8c7863a3ab72,2026-02-14T20:46:25Z,owner,true,docs,FR,false,outlook.com,free,0
acc_6d346a3eb9aa,2026-07-16T22:56:10Z,agent,false,q3-search,CA,false,tempo-io.com,free,0
acc_f7e963d04704,2026-06-29T16:52:18Z,owner,true,(direct),US,false,marlow-co.de,free,0
acc_2f4733b33c09,2026-03-12T19:14:30Z,owner,true,partner-directory,BR,false,kestrel-works.co.uk,free,0
acc_438f751eb547,2026-07-29T01:08:13Z,admin,false,(organic),US,false,nimbusgroup.co,free,0
acc_22f4a6ab416c,2026-07-24T12:40:49Z,owner,true,partner-directory,GB,false,proton.me,free,0
acc_7b932194c14e,2026-04-06T14:25:25Z,agent,false,q3-search,GB,false,ridgecloud.net,free,0
acc_811059087c2a,2026-02-14T18:35:42Z,owner,true,partner-directory,GB,false,meridian-works.com,free,0
acc_79efad41d6ed,2026-04-01T05:57:47Z,owner,true,(organic),NL,false,quill-app.net,starter,49
acc_423cde5d79f4,2026-06-01T22:26:52Z,owner,true,(direct),SE,false,alpine-cloud.nl,starter,49
acc_811851938eac,2026-03-07T18:38:00Z,admin,false,q3-search,SE,false,tandem-systems.co.uk,free,0
acc_8040172a068e,2026-03-02T14:09:44Z,admin,false,partner-directory,US,false,outlook.com,free,0
acc_a5ccd5dc6f73,2026-03-30T11:32:09Z,owner,true,(organic),DE,false,juno-cloud.de,free,0
acc_882adee82457,2026-03-30T19:35:12Z,owner,true,docs,NL,false,ridge-io.ai,team,149
acc_5f9111be1435,2026-06-03T11:46:39Z,admin,false,(organic),GB,false,solacegroup.nl,free,0
acc_c609e9bb7935,2026-02-19T13:12:38Z,owner,true,(organic),NL,false,lattice-works.com,free,0
acc_ffc26ba24657,2026-07-04T16:19:29Z,agent,false,partner-directory,US,false,yahoo.com,free,0
acc_c500c3acf66d,2026-04-20T08:24:18Z,agent,false,(organic),GB,false,summitcloud.com,free,0
acc_bfbd5934f6d1,2026-07-08T06:20:45Z,admin,false,q3-search,US,false,hotmail.com,free,0
acc_9dae3c54fbf8,2026-05-23T00:58:02Z,owner,true,docs,ES,false,solacelabs.de,starter,49
acc_9ff3770a7138,2026-07-01T13:55:18Z,admin,false,(organic),DE,false,proton.me,starter,49
acc_f1b9635f7a06,2026-02-16T16:30:40Z,agent,false,q3-search,CA,false,lumen-co.de,free,0
acc_d796f70759ea,2026-07-30T10:56:26Z,admin,false,(direct),DE,false,meridianpartners.ai,free,0
acc_2f65089c2842,2026-04-08T09:36:57Z,owner,true,docs,US,false,juno-tech.com,free,0
acc_789301c6f301,2026-02-11T12:33:18Z,agent,false,q3-search,IE,false,glideco.com,free,0
acc_61e26f4ddda7,2026-06-16T11:52:11Z,agent,false,q3-search,US,false,stackio.nl,free,0
acc_6d0564631b32,2026-02-05T09:04:41Z,owner,true,q3-search,FR,false,outlook.com,free,0
acc_dacdbf3e15d5,2026-02-01T09:30:41Z,agent,false,(organic),NL,false,verano-digital.co,free,0
acc_1b2b984caadd,2026-06-27T00:20:28Z,admin,false,(organic),BR,false,hotmail.com,free,0
acc_cbc46d2dc490,2026-07-16T13:21:23Z,agent,false,q3-search,DE,false,hotmail.com,free,0
acc_852b39233778,2026-05-31T08:19:29Z,agent,false,(organic),GB,false,proton.me,free,0
acc_4c00816a3b52,2026-06-22T14:04:47Z,agent,false,(organic),US,false,summit-solutions.com,free,0
acc_396dbb255cbc,2026-06-29T16:23:28Z,agent,false,q3-search,GB,false,hotmail.com,free,0
acc_10e4d0455297,2026-03-05T02:32:01Z,admin,false,partner-directory,CA,false,proton.me,free,0
acc_47c5cc336088,2026-02-09T20:38:31Z,agent,false,(direct),US,false,gmail.com,free,0
acc_607147e7dce7,2026-05-10T21:41:26Z,agent,false,(direct),CA,false,solacegroup.io,free,0
acc_93327c6635a7,2026-05-24T14:48:10Z,owner,true,docs,CA,false,vertex-labs.com,free,0
acc_3f9894fe9e74,2026-03-24T10:05:54Z,agent,false,q3-search,DE,false,hotmail.com,free,0
acc_ee8640afc738,2026-07-01T13:17:42Z,owner,true,docs,SG,false,atlas-tech.com,free,0
acc_4da257681926,2026-06-06T11:00:18Z,agent,false,docs,DE,false,glidecloud.ai,free,0
acc_4c59ff613ab8,2026-05-11T13:19:16Z,agent,false,(organic),AU,false,marlow-software.co,free,0
acc_86ad96a406d5,2026-07-23T09:24:31Z,owner,true,q3-search,US,false,forgeapp.de,free,0
acc_f502370149ba,2026-02-15T07:24:06Z,owner,true,partner-directory,AU,false,outlook.com,free,0
acc_9457b6e5d61f,2026-03-26T19:19:35Z,admin,false,q3-search,CA,false,marlow-tech.com,starter,49
acc_ffb708f10a2a,2026-03-05T15:57:06Z,admin,false,(organic),BR,false,onyx-cloud.com,free,0
acc_3e243bde462e,2026-07-19T16:19:56Z,admin,false,(organic),GB,false,outlook.com,free,0
acc_ddf7da7c9a2b,2026-04-29T09:55:41Z,owner,true,partner-directory,US,false,stack-software.io,free,0
acc_bff68ccde1fd,2026-06-11T11:47:08Z,agent,false,partner-directory,IN,false,hotmail.com,free,0
acc_f0f336e62146,2026-06-29T14:24:23Z,agent,false,(organic),AU,false,orbithq.co,free,0
acc_d4e9846ba699,2026-05-07T20:36:29Z,owner,true,(direct),NL,false,outlook.com,free,0
acc_b038f4168cf9,2026-03-04T09:24:38Z,agent,false,(organic),SG,false,icloud.com,free,0
acc_3a0fa4659018,2026-03-25T09:43:59Z,owner,true,partner-directory,GB,false,gmail.com,free,0
acc_8a2ca13b4f01,2026-03-31T06:05:26Z,admin,false,q3-search,IN,false,meridian-digital.ai,free,0
acc_631fa0acff9c,2026-04-01T10:28:07Z,owner,true,(organic),NL,false,harbor-group.ai,free,0
acc_32e9e7f9aa6e,2026-03-08T20:14:38Z,admin,false,docs,GB,false,vertexsolutions.co,team,149
acc_c827c4feff33,2026-07-26T16:34:33Z,agent,false,(direct),SE,false,quillgroup.com,free,0
acc_4eab41088c62,2026-04-09T15:38:20Z,owner,true,docs,CA,false,alpineapp.de,free,0
acc_882c29ba6150,2026-03-09T16:10:58Z,agent,false,(organic),DE,false,gmail.com,free,0
acc_30e29b204daa,2026-07-26T16:13:51Z,agent,false,(organic),US,false,icloud.com,free,0
acc_a44cab265b0f,2026-04-20T16:01:45Z,agent,false,(organic),IE,false,icloud.com,free,0
acc_57f72dfd49c0,2026-05-09T19:37:14Z,agent,false,(organic),US,false,basilgroup.com,free,0
acc_95189d428386,2026-05-09T16:44:52Z,admin,false,partner-directory,US,false,coppertech.com,free,0
acc_0225b641059f,2026-07-07T11:07:22Z,owner,true,(direct),AU,false,marlowio.de,free,0
acc_10fe6ef77b27,2026-05-03T10:29:23Z,admin,false,docs,US,false,forgehq.com,free,0
acc_dd2b0e987e8d,2026-06-07T01:32:49Z,owner,true,docs,IN,false,icloud.com,free,0
acc_7ce2a2348c52,2026-03-06T14:45:06Z,admin,false,q3-search,US,false,alpine-studio.co.uk,free,0
acc_2cf72022e3fc,2026-02-18T12:36:06Z,agent,false,docs,ES,false,gmail.com,free,0
acc_1b1f3a6fdb16,2026-02-12T10:17:51Z,owner,true,partner-directory,NL,false,lumenstudio.de,free,0
acc_b60b4279ef18,2026-03-16T17:34:55Z,owner,true,docs,US,false,pierpartners.de,free,0
acc_69c7e344d2bd,2026-07-04T09:50:00Z,owner,true,(organic),BR,false,orbitgroup.com,free,0
acc_c05d6e393730,2026-04-22T19:38:39Z,agent,false,(organic),GB,false,kestrel-partners.co.uk,free,0
acc_03070f00a987,2026-07-04T19:13:31Z,agent,false,partner-directory,NL,false,pilotsoftware.co,free,0
acc_8a15f10822d7,2026-06-26T17:37:48Z,admin,false,(organic),DE,false,tempoapp.net,free,0
acc_48b4d43d9cf9,2026-02-18T12:49:02Z,agent,false,partner-directory,DE,false,gmail.com,free,0
acc_0f348349647a,2026-04-22T23:31:43Z,admin,false,(organic),CA,false,proton.me,free,0
acc_eac45c7ae57c,2026-04-22T00:42:35Z,owner,true,(organic),PL,false,outlook.com,business,399
acc_3b77710a5ee1,2026-03-20T12:39:11Z,agent,false,docs,AU,false,cedarsolutions.de,free,0
acc_d0f04b3a8ac2,2026-05-09T17:20:13Z,agent,false,docs,US,false,ridge-io.com,free,0
acc_125a6987da9e,2026-05-05T13:34:26Z,agent,false,(direct),IN,false,northworks.io,free,0
acc_9ecd44720358,2026-07-12T09:36:56Z,agent,false,q3-search,DE,false,outlook.com,free,0
acc_4b93f7e4b004,2026-05-17T21:42:45Z,admin,false,(direct),US,false,stack-io.de,free,0
acc_1397d2922ed9,2026-06-22T21:37:49Z,owner,true,(organic),DE,false,orbit-tech.net,free,0
acc_cb55d97db6c9,2026-05-05T21:08:44Z,owner,true,partner-directory,BR,false,vertex-studio.co.uk,free,0
acc_dace3199bf6e,2026-06-07T13:57:25Z,admin,false,docs,NL,false,stackapp.nl,free,0
acc_1aefbe187e95,2026-03-18T19:03:08Z,owner,true,partner-directory,GB,false,icloud.com,starter,49
acc_868cb81ddd00,2026-03-22T05:47:56Z,agent,false,(organic),BR,false,outlook.com,free,0
acc_e06575aee6bf,2026-05-05T10:03:11Z,agent,false,partner-directory,US,false,forgepartners.com,free,0
acc_d367e0e47d25,2026-02-10T05:09:18Z,owner,true,partner-directory,US,false,hotmail.com,free,0
acc_3676f7f85b6e,2026-05-05T13:35:10Z,owner,true,(organic),DE,false,marlowpartners.co.uk,free,0
acc_ec3cf6dc03a3,2026-05-15T19:10:15Z,agent,false,(direct),GB,false,outlook.com,free,0
acc_6486951c0b37,2026-05-15T07:41:24Z,admin,false,(organic),DE,false,bright-co.nl,free,0
acc_70d0b5fbbfa7,2026-07-13T19:12:31Z,owner,true,partner-directory,SE,false,proton.me,free,0
acc_17a8c6289982,2026-07-16T10:57:28Z,agent,false,partner-directory,AU,false,icloud.com,free,0
acc_24110840442e,2026-07-08T10:28:35Z,agent,false,(direct),US,false,lattice-digital.nl,free,0
acc_c72d83f43704,2026-05-07T14:17:47Z,agent,false,(organic),US,false,quill-studio.com,free,0
acc_440b4241588b,2026-02-27T15:56:43Z,admin,false,(direct),SE,false,verano-digital.co,free,0
acc_5d2c3b40cc22,2026-04-25T09:31:57Z,agent,false,(organic),NL,false,veranoworks.nl,free,0
acc_3d994a52c70b,2026-03-14T10:14:27Z,owner,true,(direct),BR,false,glidedigital.net,starter,49
acc_3d6e3d488c23,2026-05-05T10:48:25Z,owner,true,(organic),BR,false,cedarapp.nl,free,0
acc_6e78797233d6,2026-07-26T15:40:30Z,owner,true,partner-directory,US,false,meridian-digital.ai,free,0
acc_1a8fb546ba41,2026-04-14T18:19:09Z,agent,false,partner-directory,US,false,solaceworks.io,free,0
acc_3d93b60092b6,2026-06-09T16:29:39Z,agent,false,(organic),AU,false,gmail.com,free,0
acc_5ff2cad01b5e,2026-04-25T12:22:48Z,owner,true,docs,CA,false,veranostudio.nl,team,149
acc_cf2041314a8e,2026-06-16T16:31:41Z,owner,true,(organic),PL,false,gmail.com,free,0
acc_0af98bf7b834,2026-02-28T15:12:15Z,agent,false,q3-search,US,false,solace-works.io,free,0
acc_ac583ed6c14b,2026-04-16T09:31:56Z,agent,false,(organic),SG,false,onyx-labs.com,free,0
acc_def077d8dcb3,2026-07-13T00:31:28Z,agent,false,(direct),DE,false,northsystems.com,free,0
acc_971b615b3a45,2026-07-26T13:06:20Z,owner,true,docs,NL,false,latticeco.com,free,0
acc_80047f44100a,2026-05-11T18:51:56Z,owner,true,(direct),SG,false,proton.me,free,0
acc_783c5f62ea80,2026-07-06T09:00:11Z,agent,false,(direct),SE,false,glide-studio.nl,free,0
acc_5fd586725709,2026-03-08T09:30:48Z,admin,false,(organic),AU,false,harborgroup.co.uk,free,0
acc_71d17416b599,2026-05-19T08:28:35Z,admin,false,(organic),US,false,onyxpartners.co.uk,free,0
acc_3657032f8727,2026-02-14T21:50:09Z,admin,false,q3-search,US,false,orbitsolutions.nl,free,0
acc_e6137fe41218,2026-05-16T23:34:39Z,owner,true,q3-search,SG,false,meridiantech.ai,starter,49
acc_e3dc2d0f123c,2026-07-27T11:20:37Z,admin,false,(organic),US,false,onyxio.nl,free,0
acc_160379e5382c,2026-02-28T11:41:17Z,agent,false,q3-search,US,false,forge-studio.de,free,0
acc_4d032afc6dfa,2026-02-16T10:19:01Z,admin,false,(direct),BR,false,icloud.com,free,0
acc_93315daf2c21,2026-05-28T05:49:40Z,agent,false,(organic),GB,false,orbit-studio.com,free,0
acc_454e578e8194,2026-07-09T10:19:12Z,owner,true,docs,GB,false,northworks.co,free,0
acc_90db349a5653,2026-03-04T23:09:30Z,admin,false,(direct),US,false,hotmail.com,free,0
acc_f3260da7609a,2026-07-07T07:30:26Z,agent,false,docs,PL,false,orbithq.nl,free,0
acc_17a29cf9038d,2026-04-09T16:05:40Z,admin,false,q3-search,IN,false,nimbus-labs.com,free,0
acc_5cdd1ae7ddfa,2026-02-22T21:16:03Z,admin,false,q3-search,IN,false,orbitio.ai,free,0
acc_1d50008be305,2026-03-20T23:28:23Z,agent,false,(organic),CA,false,yahoo.com,free,0
acc_e32ed971a45e,2026-04-22T10:56:12Z,admin,false,(organic),GB,false,hotmail.com,free,0
acc_919424669045,2026-03-20T15:41:54Z,owner,true,(organic),SE,false,icloud.com,free,0
acc_b7890627f119,2026-03-18T14:21:19Z,agent,false,partner-directory,US,false,forgeio.io,free,0
acc_0a9aea1cd1b3,2026-02-01T17:25:48Z,agent,false,(organic),GB,false,onyx-group.co,free,0
acc_791eb5421dec,2026-07-28T09:40:38Z,agent,false,q3-search,US,false,verano-io.com,free,0
acc_6ca3492a760c,2026-04-09T09:34:17Z,owner,true,(organic),US,false,bright-partners.co,starter,49
acc_428aedd5673b,2026-03-26T15:26:47Z,owner,true,partner-directory,IN,false,hotmail.com,free,0
acc_4619c230de23,2026-02-02T07:53:30Z,agent,false,partner-directory,BR,false,gmail.com,free,0
acc_d94e470964f7,2026-04-07T19:44:05Z,agent,false,q3-search,CA,false,outlook.com,free,0
acc_7e4afc1cf63c,2026-05-31T11:45:00Z,agent,false,(organic),IE,false,juno-hq.io,free,0
acc_5d2f8167eb64,2026-05-23T17:57:24Z,agent,false,q3-search,PL,false,marlowlabs.co,free,0
acc_0a348008915e,2026-03-04T15:28:26Z,agent,false,(direct),NL,false,icloud.com,free,0
acc_ac013965b15b,2026-03-02T17:55:14Z,admin,false,(direct),SE,false,outlook.com,free,0
acc_993d84be5ef6,2026-04-24T03:18:10Z,agent,false,(direct),FR,false,yahoo.com,free,0
acc_f485569280fb,2026-07-12T13:13:20Z,agent,false,q3-search,CA,false,latticeworks.net,free,0
acc_6fb644fd5bf1,2026-03-29T02:22:21Z,agent,false,(organic),IN,false,north-partners.com,free,0
acc_f3ebf78cdb1b,2026-02-05T11:28:24Z,admin,false,(organic),CA,false,ridge-labs.com,free,0
acc_92f10fb29a9b,2026-05-16T11:05:06Z,agent,false,(organic),FR,false,yahoo.com,free,0
acc_f001bc0ae400,2026-03-03T20:42:29Z,owner,true,partner-directory,BR,false,onyx-labs.com,free,0
acc_ca3492b589c2,2026-07-12T23:15:33Z,owner,true,partner-directory,DE,false,harborcloud.com,free,0
acc_8f9e35307d3f,2026-02-05T19:10:49Z,agent,false,q3-search,PL,false,basilpartners.com,free,0
acc_c7db9bd2f35b,2026-03-22T11:50:42Z,agent,false,(organic),US,false,summitcloud.com,free,0
acc_b6768c1746f4,2026-02-15T09:20:24Z,admin,false,docs,US,false,veranohq.io,free,0
acc_cdae50b8b81f,2026-05-06T21:15:48Z,agent,false,q3-search,US,false,proton.me,free,0
acc_af5101d9a772,2026-03-19T16:38:29Z,admin,false,q3-search,US,false,yahoo.com,free,0
acc_b58b8f3f92cd,2026-06-13T12:36:06Z,agent,false,q3-search,DE,false,nimbusstudio.com,free,0
acc_982fa7418f53,2026-03-30T06:15:21Z,owner,true,partner-directory,AU,false,orbit-systems.com,team,149
acc_d8b3b9cd220a,2026-04-07T07:29:15Z,owner,true,docs,GB,false,harborsolutions.com,team,149
acc_be076f67c8a4,2026-03-25T07:55:34Z,owner,true,docs,PL,false,yahoo.com,free,0
acc_787db6689806,2026-02-13T19:36:38Z,admin,false,partner-directory,DE,false,outlook.com,free,0
acc_2c7199b65f3f,2026-07-06T07:26:15Z,agent,false,(direct),DE,false,orbit-software.co.uk,free,0
acc_59264bf347e1,2026-07-23T17:25:49Z,agent,false,q3-search,AU,false,northstudio.co.uk,free,0
acc_fa2b14510a45,2026-05-29T11:40:01Z,agent,false,q3-search,US,false,vertexsolutions.co,free,0
acc_31e6b82ac4d4,2026-05-21T21:38:06Z,agent,false,(direct),DE,false,icloud.com,free,0
acc_33bec69afac6,2026-06-16T08:05:04Z,owner,true,docs,GB,false,icloud.com,free,0
acc_56205384831a,2026-03-17T11:25:50Z,admin,false,q3-search,CA,false,ridgeapp.nl,team,149
acc_8597eb2e24c9,2026-02-19T16:58:34Z,admin,false,q3-search,SE,false,nimbustech.io,free,0
acc_8b45e7338e41,2026-04-12T11:50:38Z,owner,true,(organic),AU,false,lumenhq.nl,free,0
acc_e41c9c8e4472,2026-07-13T18:23:14Z,agent,false,(direct),US,false,tandemlabs.de,free,0
acc_31c04c9bfa2c,2026-04-02T17:54:04Z,admin,false,partner-directory,US,false,verano-solutions.com,free,0
acc_91b903eb124f,2026-03-23T17:46:51Z,agent,false,(organic),BR,false,stackio.nl,free,0
acc_a11dc263828a,2026-06-16T14:01:48Z,owner,true,docs,IN,false,ridgeapp.co,free,0
acc_e8aa2805272d,2026-02-03T16:20:15Z,admin,false,partner-directory,GB,false,tandem-partners.net,free,0
acc_bfc487feff5f,2026-03-14T02:03:44Z,owner,true,(direct),SE,false,bright-labs.ai,free,0
acc_8d2a9819ed0c,2026-02-19T19:39:39Z,agent,false,partner-directory,US,false,icloud.com,free,0
acc_81eb689affed,2026-07-22T07:44:23Z,agent,false,docs,SG,false,alpine-io.co.uk,free,0
acc_0dcdcfa89326,2026-07-24T05:09:10Z,admin,false,q3-search,US,false,harbor-co.nl,free,0
acc_ec9992c4c920,2026-06-19T13:58:27Z,agent,false,q3-search,US,false,stack-io.co.uk,free,0
acc_e8f3c6903119,2026-07-30T20:57:03Z,agent,false,q3-search,FR,false,tandem-group.co.uk,free,0
acc_050cd6c1bca6,2026-04-13T17:41:21Z,owner,true,(organic),CA,false,kestrel-co.com,free,0
acc_656cc1bff272,2026-02-07T11:22:33Z,owner,true,docs,GB,false,proton.me,free,0
acc_ae097dd21970,2026-02-23T21:11:18Z,owner,true,q3-search,ES,false,icloud.com,free,0
acc_27cfe2d12a02,2026-02-17T08:52:07Z,agent,false,(direct),SG,false,yahoo.com,free,0
acc_22066027fb97,2026-02-15T02:29:36Z,agent,false,(organic),IN,false,marlowpartners.com,free,0
acc_4d7b9d7eeb67,2026-03-03T00:43:00Z,agent,false,q3-search,US,false,kestrelpartners.ai,free,0
acc_ef0eb5a4c119,2026-03-01T17:23:10Z,owner,true,docs,BR,false,onyxsoftware.ai,starter,49
acc_360769d88dff,2026-03-11T22:15:25Z,admin,false,(organic),BR,false,basil-works.nl,free,0
acc_3bf627f7136d,2026-07-26T17:02:55Z,agent,false,(organic),IN,false,alpineapp.com,free,0
acc_3e810f227c08,2026-03-31T06:45:58Z,owner,true,docs,GB,false,outlook.com,free,0
acc_a4791bccfb92,2026-03-18T21:44:31Z,agent,false,(organic),AU,false,kestrelstudio.io,starter,49
acc_5d109b043690,2026-06-09T20:50:08Z,agent,false,(organic),US,false,junogroup.net,free,0
acc_7ee31d3f7a7c,2026-07-28T15:48:59Z,admin,false,docs,CA,false,gmail.com,free,0
acc_36e75c11941d,2026-02-14T16:05:58Z,admin,false,docs,ES,false,harbor-co.com,free,0
acc_c6f4dfaea37a,2026-03-06T09:46:44Z,admin,false,partner-directory,IE,false,cedardigital.io,free,0
acc_d1c0b34443d1,2026-03-16T17:39:46Z,agent,false,partner-directory,SG,false,outlook.com,free,0
acc_00779cb61730,2026-03-24T19:18:44Z,owner,true,(organic),DE,false,kestrel-io.de,free,0
acc_8abcdb48cda8,2026-02-20T10:30:31Z,admin,false,q3-search,DE,false,hotmail.com,free,0
acc_2e832b8519cc,2026-03-31T08:41:36Z,owner,true,docs,US,false,nimbus-cloud.co.uk,free,0
acc_6fd588015119,2026-07-15T10:02:18Z,agent,false,(direct),US,false,onyxsoftware.co.uk,free,0
acc_6db0d24993ce,2026-04-20T12:41:57Z,owner,true,q3-search,FR,false,proton.me,free,0
acc_3c219d2b932c,2026-02-01T11:26:18Z,owner,true,(organic),IE,false,icloud.com,free,0
acc_f2972c3806c7,2026-07-02T15:37:37Z,agent,false,partner-directory,FR,false,juno-solutions.net,free,0
acc_e032a16160ed,2026-07-23T16:48:06Z,admin,false,(organic),US,false,northsolutions.io,free,0
acc_7e41bcf41305,2026-06-15T08:06:57Z,owner,true,docs,FR,false,meridian-cloud.com,free,0
acc_622f2da46f3a,2026-03-28T12:34:58Z,admin,false,(organic),IN,false,outlook.com,free,0
acc_4952101dc87f,2026-07-15T11:15:57Z,agent,false,q3-search,US,false,onyx-co.co,free,0
acc_639c2cae2569,2026-07-06T11:21:47Z,admin,false,(organic),AU,false,lumen-co.de,free,0
acc_3ab5453f5fa8,2026-02-23T11:56:06Z,owner,true,partner-directory,IN,false,verano-solutions.com,starter,49
acc_2730dfe564c8,2026-05-15T17:45:54Z,agent,false,q3-search,AU,false,piersolutions.de,free,0
acc_d96c77d3bdfb,2026-02-20T23:33:16Z,agent,false,partner-directory,US,false,northhq.com,free,0
acc_e6237571c10c,2026-03-08T13:54:19Z,owner,true,(organic),SE,false,quill-io.co,free,0
acc_477cd3544115,2026-03-31T11:29:23Z,owner,true,(organic),US,false,proton.me,free,0
acc_b9c3eca8beea,2026-04-08T11:50:14Z,owner,true,partner-directory,SG,false,ridge-app.ai,free,0
acc_e69f7876a861,2026-05-12T11:27:54Z,agent,false,(organic),US,false,kestrel-app.de,free,0
acc_ca608acb0787,2026-05-02T11:50:41Z,agent,false,(organic),SG,false,cedar-software.com,free,0
acc_4d6d8d604833,2026-05-26T19:24:25Z,owner,true,(organic),IN,false,icloud.com,free,0
acc_0a3ef63c4653,2026-03-05T14:40:39Z,owner,true,partner-directory,GB,false,proton.me,free,0
acc_459dd0019359,2026-07-09T11:48:59Z,owner,true,partner-directory,IN,false,icloud.com,team,149
acc_14791d0b16d5,2026-06-07T06:46:55Z,agent,false,(organic),US,false,stacksystems.ai,free,0
acc_fd247ccba87b,2026-05-08T20:23:15Z,admin,false,q3-search,PL,false,proton.me,free,0
acc_c9ee6bfcc8ed,2026-04-14T11:54:40Z,agent,false,(organic),DE,false,marlowtech.ai,free,0
acc_1fa3cb5c30cc,2026-03-28T13:07:34Z,owner,true,q3-search,AU,false,solacelabs.nl,free,0
acc_cdd38d191b43,2026-05-23T09:49:17Z,agent,false,(organic),CA,false,vertexgroup.nl,free,0
acc_c2ed5623c63d,2026-04-21T15:00:21Z,agent,false,q3-search,DE,false,vertexsolutions.co,free,0
acc_3940702d395f,2026-06-09T13:06:04Z,admin,false,(direct),AU,false,outlook.com,free,0
acc_05a24a99a442,2026-07-20T08:50:43Z,owner,true,(organic),IN,false,yahoo.com,free,0
acc_66dab5018419,2026-05-31T17:58:51Z,owner,true,docs,CA,false,vertex-solutions.co,free,0
acc_35748f3075c5,2026-05-29T23:26:56Z,agent,false,q3-search,US,false,orbithq.co,free,0
acc_193b6de84c68,2026-03-17T17:45:46Z,owner,true,docs,PL,false,solacegroup.io,free,0
acc_4dec1406ff6e,2026-05-06T20:48:54Z,agent,false,q3-search,IN,false,pilot-app.net,free,0
acc_feac3e6ca898,2026-02-11T13:54:35Z,agent,false,q3-search,PL,false,stack-tech.com,free,0
acc_c0168e42bb44,2026-04-17T18:55:14Z,admin,false,(organic),NL,false,lattice-tech.com,free,0
acc_0e6af56b66ac,2026-02-04T08:02:08Z,agent,false,q3-search,ES,false,coppercloud.de,free,0
acc_3d78afef2f0a,2026-06-15T19:25:13Z,admin,false,(organic),US,false,hotmail.com,free,0
acc_7c1c1075e84d,2026-05-19T11:05:03Z,admin,false,docs,IN,false,latticeworks.nl,free,0
acc_b30d70024bb9,2026-05-22T14:34:27Z,agent,false,(direct),PL,false,kestrel-app.co.uk,free,0
acc_3b011a6f4335,2026-06-03T20:41:15Z,agent,false,partner-directory,US,false,gmail.com,starter,49
acc_f03fab9e3511,2026-06-22T17:00:21Z,admin,false,(organic),PL,false,proton.me,free,0
acc_b0619c4a3922,2026-03-31T09:46:51Z,agent,false,q3-search,ES,false,harbordigital.ai,free,0
acc_b8eab0356222,2026-06-15T11:45:23Z,owner,true,(direct),IE,false,glide-studio.nl,starter,49
acc_0278fc8b510e,2026-03-20T04:55:09Z,agent,false,(organic),FR,false,copper-solutions.de,free,0
acc_8023a7e73c41,2026-05-14T08:04:33Z,agent,false,(direct),ES,false,gmail.com,free,0
acc_d165853b5406,2026-02-12T09:32:58Z,owner,true,(organic),NL,false,quill-software.io,free,0
acc_47ae37739c86,2026-06-09T09:59:40Z,admin,false,(organic),US,false,proton.me,free,0
acc_c06f50c3a432,2026-02-12T10:41:50Z,agent,false,(organic),FR,false,onyxsolutions.ai,free,0
acc_b1dba5b1b9e9,2026-05-30T14:56:34Z,agent,false,(direct),IN,false,pilot-cloud.nl,free,0
acc_88562ecf4980,2026-02-17T13:12:11Z,admin,false,partner-directory,NL,false,kestrel-co.com,free,0
acc_2f4a7b03150c,2026-06-20T16:23:37Z,agent,false,(direct),CA,false,tempocloud.com,free,0
acc_c6e490bbb2cd,2026-05-08T16:40:08Z,admin,false,(organic),BR,false,orbit-tech.net,free,0
acc_adb1dff51115,2026-05-21T11:50:41Z,owner,true,q3-search,FR,false,onyxpartners.com,free,0
acc_cc137e35089d,2026-05-06T07:53:17Z,agent,false,(organic),SE,false,outlook.com,free,0
acc_6d349ef34f51,2026-03-23T15:34:24Z,owner,true,partner-directory,US,false,gmail.com,team,149
acc_8094e02ab944,2026-05-29T22:43:34Z,admin,false,(direct),SE,false,pilotapp.io,free,0
acc_fbc492e6ea0d,2026-06-06T14:37:51Z,admin,false,(organic),NL,false,lattice-works.com,free,0
acc_64dd97ae9b70,2026-02-26T10:34:04Z,admin,false,(organic),GB,false,outlook.com,free,0
acc_c456698ca63c,2026-02-28T10:41:57Z,agent,false,q3-search,SG,false,forgepartners.co,free,0
acc_345e9c396607,2026-05-15T04:17:06Z,agent,false,(organic),US,false,basil-app.com,free,0
acc_e275cdabc7c7,2026-05-21T15:16:31Z,admin,false,docs,NL,false,lumen-hq.com,free,0
acc_778a05c47948,2026-05-11T09:09:48Z,agent,false,q3-search,US,false,solace-io.ai,free,0
acc_8c2fa39e9518,2026-06-22T16:37:29Z,owner,true,partner-directory,US,false,solaceapp.ai,team,149
acc_3f30697fc2ce,2026-06-26T19:24:04Z,owner,true,docs,SG,false,marlow-app.co,free,0
acc_35229c665907,2026-03-07T22:58:28Z,agent,false,docs,GB,false,hotmail.com,free,0
acc_58c93cefa826,2026-04-14T18:10:54Z,agent,false,q3-search,BR,false,orbit-hq.de,free,0
acc_feb49a037053,2026-07-22T19:11:19Z,owner,true,q3-search,SG,false,atlas-tech.com,free,0
acc_5768dfffc7a5,2026-02-25T21:59:14Z,owner,true,docs,CA,false,summit-io.co.uk,team,149
acc_c873e5b1fc81,2026-07-25T16:38:48Z,owner,true,(organic),BR,false,hotmail.com,free,0
acc_b67e5abcb807,2026-07-26T11:08:01Z,owner,true,(organic),US,false,junosoftware.io,free,0
acc_e26dae2a56a7,2026-05-29T14:20:11Z,agent,false,q3-search,IN,false,onyx-labs.com,free,0
acc_0f73eb70826c,2026-07-05T15:00:44Z,agent,false,q3-search,BR,false,hotmail.com,free,0
acc_50dc63604c52,2026-06-26T23:25:00Z,admin,false,(organic),US,false,hotmail.com,free,0
acc_fd2eeadc4770,2026-07-28T19:16:30Z,admin,false,partner-directory,GB,false,basil-group.com,free,0
acc_ef6e36d25e09,2026-04-09T19:21:48Z,owner,true,q3-search,AU,false,proton.me,free,0
acc_da67755bc4c6,2026-04-28T08:13:59Z,owner,true,q3-search,US,false,vertex-works.co,free,0
acc_22b9dd47f04c,2026-07-07T16:23:30Z,agent,false,partner-directory,CA,false,summit-co.ai,free,0
acc_573d6a024409,2026-06-25T16:31:01Z,agent,false,q3-search,DE,false,bright-group.co,free,0
acc_f57d7f1e9873,2026-06-21T07:28:16Z,owner,true,docs,GB,false,marlow-group.co,free,0
acc_36996b7881f0,2026-03-10T15:40:31Z,admin,false,docs,AU,false,yahoo.com,free,0
acc_42eb35fb9c60,2026-02-20T13:48:18Z,agent,false,q3-search,US,false,kestrel-works.nl,free,0
acc_c1adb58af48d,2026-07-09T10:30:43Z,owner,true,partner-directory,IN,false,summit-solutions.com,free,0
acc_e1f00660ec92,2026-07-01T01:48:10Z,agent,false,(direct),AU,false,proton.me,free,0
acc_53d1c76c6c3a,2026-06-17T10:55:20Z,admin,false,q3-search,IN,false,forge-group.io,free,0
acc_247c498cff8c,2026-06-26T11:33:12Z,owner,true,(direct),DE,false,yahoo.com,free,0
acc_f5b93fc3460d,2026-07-26T15:19:41Z,admin,false,(direct),US,false,hotmail.com,free,0
acc_ac6e22bb2ad9,2026-04-24T00:55:32Z,owner,true,docs,GB,false,forgeio.io,starter,49
acc_67af61f15b90,2026-07-26T23:13:40Z,agent,false,(organic),US,false,onyx-partners.de,free,0
acc_048130f86ed7,2026-05-31T10:26:23Z,owner,true,docs,PL,false,outlook.com,free,0
acc_d74198720bf2,2026-05-25T08:32:33Z,agent,false,q3-search,DE,false,marlow-co.de,free,0
acc_aaa1eae01ec8,2026-07-12T08:36:33Z,owner,true,(organic),DE,false,harbor-digital.nl,free,0
acc_c1853b38da57,2026-05-27T11:02:34Z,owner,true,(organic),US,false,alpinesystems.com,free,0
acc_cefb73c999c3,2026-04-20T20:44:32Z,agent,false,(organic),US,false,proton.me,free,0
acc_dd5f285b58f8,2026-07-13T12:06:44Z,agent,false,(direct),NL,false,vertexgroup.nl,free,0
acc_182c21480c2a,2026-06-18T09:04:43Z,admin,false,q3-search,FR,false,hotmail.com,free,0
acc_634e0245e1b8,2026-06-17T07:21:52Z,agent,false,partner-directory,GB,false,harborsolutions.com,free,0
acc_6e2abdb199d2,2026-07-19T16:50:51Z,admin,false,docs,GB,false,proton.me,free,0
acc_5e390bcdc32d,2026-04-29T10:09:05Z,agent,false,partner-directory,DE,false,gmail.com,free,0
acc_97c47c89d0f5,2026-06-20T10:56:36Z,owner,true,(organic),SG,false,northpartners.de,free,0
acc_165066f4c493,2026-03-28T16:27:42Z,owner,true,partner-directory,US,false,pilotsolutions.co,free,0
acc_c0a004f66961,2026-07-20T07:43:05Z,owner,true,(direct),ES,false,summit-systems.com,free,0
acc_87ca8d2394fb,2026-03-15T10:24:20Z,admin,false,docs,IN,false,meridian-works.com,free,0
acc_4bf23a3e4429,2026-07-31T09:08:01Z,admin,false,docs,ES,false,tempo-co.ai,free,0
acc_d9c9d416d5b9,2026-05-31T13:57:00Z,owner,true,partner-directory,US,false,gmail.com,free,0
acc_726bc60ee951,2026-06-20T18:35:54Z,owner,true,partner-directory,ES,false,onyxco.co,free,0
acc_3909d5bf664a,2026-02-15T18:18:18Z,admin,false,partner-directory,ES,false,proton.me,free,0
acc_65935f3182a6,2026-02-22T14:39:47Z,owner,true,q3-search,BR,false,kestrel-digital.net,team,149
acc_e62b98c45c93,2026-07-18T05:47:12Z,owner,true,docs,US,false,harborworks.io,free,0
acc_c5258125f010,2026-04-10T10:03:13Z,admin,false,(organic),GB,false,outlook.com,free,0
acc_f379f68855cc,2026-02-09T22:06:26Z,owner,true,(organic),US,false,quill-studio.com,free,0
acc_f9e0d46319e0,2026-04-05T00:17:23Z,owner,true,partner-directory,NL,false,alpine-software.co.uk,free,0
acc_4dcb537128f7,2026-06-07T21:46:05Z,owner,true,docs,DE,false,proton.me,free,0
acc_1f2999ae4479,2026-03-27T17:58:52Z,owner,true,partner-directory,CA,false,marlow-app.co,starter,49
acc_d8e6b58db37d,2026-02-26T07:39:39Z,agent,false,q3-search,PL,false,latticeco.com,free,0
acc_c0cbdecc4580,2026-07-01T12:09:33Z,owner,true,q3-search,US,false,yahoo.com,free,0
acc_14f156fd3e65,2026-06-04T12:42:27Z,owner,true,docs,GB,false,basilapp.net,free,0
acc_6d99c4e3a78a,2026-02-07T16:48:13Z,agent,false,(organic),SG,false,copper-studio.com,free,0
acc_c16fd7f44aed,2026-05-17T17:08:26Z,owner,true,docs,US,false,northsolutions.ai,team,149
acc_6d7b300ee560,2026-07-29T11:26:13Z,admin,false,(organic),GB,false,alpine-io.de,free,0
acc_61378224694a,2026-04-25T19:21:00Z,agent,false,partner-directory,DE,false,icloud.com,free,0
acc_f088b57c7b84,2026-06-02T13:32:16Z,admin,false,(direct),CA,false,lumenhq.nl,free,0
acc_4cc463d67c39,2026-04-24T11:53:46Z,agent,false,(organic),ES,false,icloud.com,free,0
acc_cd34d484a89b,2026-04-27T21:08:53Z,owner,true,partner-directory,IN,false,nimbusstudio.com,free,0
acc_c116084c3931,2026-03-19T21:17:15Z,owner,true,q3-search,US,false,hotmail.com,free,0
acc_1628a4cb35b4,2026-04-30T13:56:03Z,agent,false,docs,PL,false,nimbus-studio.co.uk,free,0
acc_f1df87b42703,2026-04-25T18:37:21Z,admin,false,(direct),DE,false,yahoo.com,free,0
acc_c368014b1c32,2026-05-16T10:28:49Z,agent,false,(organic),ES,false,atlas-studio.com,free,0
acc_1461a327d96d,2026-02-09T10:40:32Z,owner,true,docs,US,false,bright-hq.com,free,0
acc_999486108e75,2026-05-02T16:55:52Z,agent,false,(direct),US,false,basilpartners.com,free,0
acc_bb407839346a,2026-04-01T02:10:47Z,owner,true,partner-directory,US,false,yahoo.com,free,0
acc_bfece352e651,2026-04-27T09:23:45Z,agent,false,(organic),IN,false,alpine-hq.com,free,0
acc_25fa6effb15e,2026-05-11T09:01:54Z,agent,false,q3-search,US,false,summit-io.net,free,0
acc_be3a7670beeb,2026-03-23T11:51:41Z,owner,true,docs,US,false,pilot-co.com,starter,49
acc_80b82d0db404,2026-07-30T08:24:48Z,admin,false,partner-directory,DE,false,kestrel-works.co.uk,free,0
acc_fb3801043056,2026-05-26T03:57:26Z,owner,true,(organic),US,false,alpinestudio.io,free,0
acc_4e93113936a8,2026-03-01T22:17:12Z,agent,false,(organic),DE,false,icloud.com,free,0
acc_fa0703e07689,2026-07-17T07:50:19Z,agent,false,partner-directory,DE,false,quill-tech.nl,free,0
acc_a31671e5be32,2026-05-26T09:14:35Z,agent,false,q3-search,AU,false,outlook.com,free,0
acc_563825028110,2026-06-04T10:01:17Z,admin,false,(direct),IN,false,yahoo.com,free,0
acc_9c17abb39ff1,2026-03-03T21:27:26Z,admin,false,(organic),PL,false,cedarapp.co.uk,free,0
acc_8523a2db00eb,2026-05-16T18:51:41Z,agent,false,(organic),AU,false,outlook.com,free,0
acc_69456259a692,2026-07-07T12:57:48Z,agent,false,docs,FR,false,hotmail.com,free,0
acc_ec259bd1bcf0,2026-02-03T14:32:40Z,owner,true,(direct),CA,false,outlook.com,free,0
acc_d556bb3ca787,2026-05-12T10:10:27Z,owner,true,partner-directory,IN,false,outlook.com,starter,49
acc_76f5869671b0,2026-07-18T00:09:46Z,owner,true,partner-directory,GB,false,latticesystems.io,free,0
acc_c212ae4f6cc4,2026-02-25T11:54:34Z,agent,false,docs,BR,false,hotmail.com,free,0
acc_190a731d8456,2026-04-05T10:11:51Z,agent,false,q3-search,PL,false,yahoo.com,free,0
acc_9d7cf9634a46,2026-05-07T02:49:54Z,agent,false,partner-directory,GB,false,outlook.com,free,0
acc_93a08c37a664,2026-05-12T16:12:54Z,agent,false,(direct),IN,false,proton.me,free,0
acc_4b14dfa0a792,2026-04-13T16:24:11Z,admin,false,q3-search,US,false,tandemsystems.co.uk,free,0
acc_088fab0ca74a,2026-05-23T06:25:25Z,owner,true,docs,PL,false,temposystems.co.uk,free,0
acc_170dcbb6c2d0,2026-02-27T08:45:10Z,agent,false,(direct),US,false,pier-cloud.com,free,0
acc_4f6ac7b187c2,2026-03-27T18:28:03Z,owner,true,(organic),CA,false,ridge-partners.ai,free,0
acc_a7e1e249d6e6,2026-04-03T12:04:10Z,owner,true,q3-search,DE,false,copper-studio.com,free,0
acc_b830ce3f0718,2026-02-26T15:12:42Z,agent,false,docs,US,false,onyx-cloud.com,free,0
acc_4177195f99b9,2026-02-28T13:30:14Z,agent,false,(organic),FR,false,hotmail.com,free,0
acc_0063204ad0e2,2026-07-19T14:46:14Z,admin,false,(organic),DE,false,solacetech.net,free,0
acc_d43bd10bd1b3,2026-02-14T00:57:54Z,agent,false,(organic),AU,false,gmail.com,free,0
acc_db51b575fec1,2026-07-24T13:29:13Z,admin,false,q3-search,AU,false,lumen-systems.net,free,0
acc_7b8b4f85e19f,2026-02-18T06:40:27Z,owner,true,(organic),ES,false,forgelabs.ai,team,149
acc_c624390d21eb,2026-06-05T15:27:28Z,owner,true,(organic),IE,false,northstudio.com,free,0
acc_a7563d36e668,2026-07-13T10:05:56Z,owner,true,docs,US,false,yahoo.com,free,0
acc_4477835612ad,2026-07-25T18:57:30Z,agent,false,q3-search,SG,false,stackgroup.de,free,0
acc_9196b62fd344,2026-02-23T18:58:44Z,owner,true,(organic),IE,false,latticetech.co,free,0
acc_c6c1117f3fec,2026-04-04T10:44:08Z,owner,true,partner-directory,BR,false,forge-io.ai,free,0
acc_d6473e3979db,2026-05-24T13:34:57Z,owner,true,(direct),NL,false,tempo-solutions.net,free,0
acc_96230d39db8e,2026-02-05T06:27:40Z,admin,false,partner-directory,GB,false,cedario.co.uk,free,0
acc_8ede4202b517,2026-04-23T11:11:25Z,agent,false,(organic),US,false,cedarpartners.com,free,0
acc_5aad1faf2450,2026-07-07T13:12:17Z,agent,false,partner-directory,CA,false,basil-co.co,free,0
acc_218b1112d99a,2026-07-13T13:56:51Z,admin,false,(organic),DE,false,forgepartners.co,free,0
acc_cf1f6ab712be,2026-07-11T14:20:31Z,admin,false,(organic),DE,false,vertex-tech.com,free,0
acc_77dbe92fc6d7,2026-03-09T00:41:42Z,agent,false,(organic),US,false,stackhq.com,free,0
acc_ee2351643c2a,2026-04-29T15:41:11Z,owner,true,(organic),IN,false,hotmail.com,free,0
acc_72c58f3ef7f3,2026-05-07T13:38:55Z,admin,false,q3-search,GB,false,icloud.com,free,0
acc_0d55e32a9476,2026-05-24T23:09:28Z,agent,false,(organic),US,false,stack-labs.com,free,0
acc_5cbad78a596c,2026-06-30T10:45:08Z,owner,true,(direct),AU,false,yahoo.com,free,0
acc_d538d53c3706,2026-05-24T09:06:52Z,admin,false,(organic),US,false,vertex-tech.com,free,0
acc_45c2e91e8ae8,2026-07-03T23:17:31Z,admin,false,(direct),SE,false,yahoo.com,free,0
acc_aa7c726a95c0,2026-06-05T07:38:23Z,admin,false,docs,CA,false,northapp.com,free,0
acc_385b5ea18adf,2026-04-11T13:12:18Z,agent,false,q3-search,IN,false,gmail.com,free,0
acc_1fb4570da6f4,2026-02-07T10:46:50Z,admin,false,(direct),BR,false,atlas-cloud.io,free,0
acc_16a51e8ade27,2026-05-12T14:43:02Z,agent,false,q3-search,NL,false,outlook.com,free,0
acc_64dfd765a7f8,2026-03-07T00:35:01Z,admin,false,partner-directory,ES,false,ridge-systems.com,free,0
acc_4caf295ed831,2026-03-22T17:40:16Z,owner,true,docs,DE,false,hotmail.com,team,149
acc_12cfbacd5cab,2026-05-12T13:58:50Z,agent,false,q3-search,IN,false,proton.me,free,0
acc_352ef5759d61,2026-03-20T21:02:11Z,agent,false,(organic),US,false,bright-labs.ai,free,0
acc_f73d9d0dab75,2026-07-18T06:00:56Z,admin,false,docs,US,false,glideco.co,free,0
acc_ef67231dee7c,2026-06-16T19:53:21Z,admin,false,(organic),AU,false,nimbussystems.de,free,0
acc_59720fa1e28b,2026-04-29T16:30:11Z,agent,false,q3-search,IE,false,hotmail.com,free,0
acc_c6ad496aef14,2026-07-12T16:44:35Z,admin,false,docs,US,false,hotmail.com,free,0
acc_f68f2652b4ed,2026-05-24T21:14:21Z,agent,false,partner-directory,US,false,solacegroup.co,free,0
acc_9fea920202d3,2026-04-02T08:02:15Z,owner,true,(direct),FR,false,proton.me,free,0
acc_147ae70a8bb8,2026-04-27T16:58:07Z,agent,false,q3-search,US,false,tempodigital.com,free,0
acc_c89097895d46,2026-05-09T20:41:00Z,admin,false,(organic),CA,false,yahoo.com,free,0
acc_9ba2349ee236,2026-02-09T11:24:55Z,owner,true,(direct),US,false,outlook.com,free,0
acc_eb1af42c7b90,2026-07-29T14:40:27Z,admin,false,partner-directory,DE,false,icloud.com,free,0
acc_3bb1d3900855,2026-07-16T23:10:21Z,owner,true,(direct),GB,false,icloud.com,free,0
acc_766e2dcc462b,2026-07-24T14:30:47Z,agent,false,(direct),ES,false,yahoo.com,free,0
acc_5a2f44e67118,2026-02-03T14:52:46Z,agent,false,docs,GB,false,icloud.com,free,0
acc_e4071b375b39,2026-04-07T16:11:21Z,agent,false,(organic),GB,false,ridge-io.ai,free,0
acc_017640108462,2026-03-21T13:52:50Z,agent,false,q3-search,US,false,ridgeworks.de,free,0
acc_4026b56cc472,2026-05-22T07:12:40Z,owner,true,partner-directory,GB,false,quillpartners.co,free,0
acc_c126312fcde3,2026-06-29T23:17:11Z,agent,false,(organic),NL,false,icloud.com,free,0
acc_81f8df3b8c3b,2026-06-02T20:53:32Z,agent,false,(organic),SG,false,cedar-software.com,free,0
acc_3ab1b7adfa85,2026-04-03T16:34:56Z,agent,false,(organic),GB,false,proton.me,free,0
acc_6e57e89803fe,2026-07-28T14:16:23Z,agent,false,(organic),ES,false,outlook.com,free,0
acc_c7a361d6038e,2026-03-13T16:43:54Z,agent,false,(organic),SG,false,icloud.com,free,0
acc_85f0a4e04fb9,2026-05-07T12:54:31Z,admin,false,(organic),CA,false,stacksolutions.nl,free,0
acc_d52bd24645f6,2026-06-07T21:44:12Z,agent,false,(organic),US,false,harborsolutions.com,free,0
acc_f0e43420445c,2026-07-30T09:34:52Z,agent,false,(organic),BR,false,hotmail.com,free,0
acc_8185b02b0f69,2026-04-03T10:19:53Z,agent,false,(direct),NL,false,alpine-co.co.uk,free,0
acc_bc87fe9f1e5e,2026-02-17T12:58:01Z,owner,true,(organic),AU,false,gmail.com,free,0
acc_f63944b632df,2026-07-29T13:08:21Z,owner,true,(organic),IN,false,alpinegroup.co.uk,free,0
acc_311379c29668,2026-07-06T08:08:25Z,admin,false,q3-search,US,false,lumentech.nl,free,0
acc_afe36e17c6e2,2026-02-13T16:36:47Z,agent,false,(organic),US,false,icloud.com,free,0
acc_3758c286669b,2026-07-14T20:16:12Z,owner,true,(organic),NL,false,hotmail.com,free,0
acc_18256aa6a607,2026-02-04T15:36:17Z,agent,false,docs,DE,false,tandemworks.ai,free,0
acc_0b906874d8dd,2026-07-25T11:25:23Z,agent,false,(organic),IN,false,orbit-partners.de,free,0
acc_8c0153977698,2026-04-04T08:50:38Z,agent,false,q3-search,CA,false,gmail.com,free,0
acc_ec2f2025603d,2026-03-04T14:23:10Z,owner,true,(direct),GB,false,nimbus-io.ai,free,0
acc_b5903118828d,2026-05-05T09:12:09Z,agent,false,(direct),FR,false,glidesolutions.io,free,0
acc_7e29598c3d05,2026-07-20T14:54:41Z,owner,true,docs,IN,false,ridge-app.io,free,0
acc_90d19482e6fd,2026-03-17T08:34:53Z,owner,true,docs,CA,false,summit-group.io,team,149
acc_fe210c6816c9,2026-07-07T07:52:18Z,agent,false,(organic),NL,false,alpinesolutions.com,free,0
acc_23b2f8a453b3,2026-03-05T14:13:05Z,admin,false,(organic),NL,false,nimbus-cloud.co.uk,free,0
acc_def9d513916b,2026-04-28T14:46:12Z,owner,true,(direct),US,false,tempo-solutions.de,free,0
acc_95887422ac0e,2026-05-16T11:48:18Z,agent,false,(organic),AU,false,basil-systems.co.uk,free,0
acc_306b3975cd3a,2026-06-05T17:04:00Z,agent,false,docs,US,false,icloud.com,free,0
acc_915e1f44d6e9,2026-07-28T05:03:42Z,agent,false,(direct),FR,false,marlowgroup.com,free,0
acc_dc6a3cb6266d,2026-05-02T22:02:31Z,admin,false,(direct),DE,false,vertexio.co.uk,free,0
acc_0d839b45edb9,2026-02-20T10:27:27Z,agent,false,(organic),DE,false,ridgegroup.io,free,0
acc_972b24e78de0,2026-04-10T19:39:15Z,agent,false,partner-directory,PL,false,basilsoftware.com,free,0
acc_4aa9a398836e,2026-05-17T20:22:43Z,owner,true,(direct),CA,false,basil-hq.com,free,0
acc_a0cb467e57a1,2026-05-03T12:00:46Z,owner,true,(direct),AU,false,cedarlabs.nl,free,0
acc_b2f288ed1c52,2026-05-28T18:21:18Z,owner,true,docs,IN,false,stack-co.com,free,0
acc_ce8e5620f3d0,2026-03-22T16:53:39Z,agent,false,(organic),SE,false,meridian-partners.co.uk,free,0
acc_0cc4d71eeb2f,2026-07-11T03:20:31Z,admin,false,q3-search,DE,false,quill-cloud.co,free,0
acc_92a7eed0cf93,2026-07-01T09:14:35Z,admin,false,(direct),ES,false,summitsolutions.co,free,0
acc_76558f0a1bd0,2026-03-01T08:23:45Z,agent,false,(organic),IN,false,gmail.com,free,0
acc_53b0fb885526,2026-04-21T13:31:11Z,agent,false,q3-search,US,false,orbit-software.co.uk,free,0
acc_d5d773cc6144,2026-02-08T07:03:51Z,agent,false,(organic),PL,false,yahoo.com,free,0
acc_52cbf316a668,2026-04-04T09:51:16Z,agent,false,q3-search,CA,false,atlas-group.com,free,0
acc_9e220de22ce1,2026-06-20T17:44:16Z,agent,false,(direct),BR,false,glidecloud.com,free,0
acc_33398155da0d,2026-06-26T12:55:16Z,agent,false,(direct),ES,false,latticesystems.com,free,0
acc_1fd029118fd4,2026-04-09T09:59:01Z,agent,false,(organic),GB,false,alpinesystems.com,free,0
acc_eb243f107e81,2026-07-11T23:11:14Z,agent,false,(organic),US,false,vertexgroup.co,free,0
acc_a0c758333730,2026-03-14T17:57:15Z,agent,false,(organic),US,false,icloud.com,free,0
acc_af9c81e1c6a3,2026-03-05T08:14:49Z,admin,false,(organic),CA,false,outlook.com,free,0
acc_aec8a23f63d6,2026-03-21T18:51:13Z,agent,false,(organic),IN,false,harborlabs.com,free,0
acc_dbb0525b2c41,2026-02-28T06:36:02Z,agent,false,(organic),CA,false,proton.me,free,0
acc_f0eaf48c3c22,2026-06-30T15:37:31Z,agent,false,(organic),US,false,bright-partners.co,free,0
acc_d49c921d8181,2026-05-31T10:07:56Z,owner,true,partner-directory,US,false,solaceworks.io,free,0
acc_eea7def17295,2026-07-22T07:58:43Z,agent,false,docs,NL,false,solace-partners.com,free,0
acc_86d5c2aaf209,2026-05-06T15:17:12Z,agent,false,(organic),BR,false,proton.me,free,0
acc_94396a7981f1,2026-06-18T08:59:58Z,agent,false,q3-search,ES,false,yahoo.com,free,0
acc_175188f2463e,2026-04-09T20:51:30Z,admin,false,(organic),IE,false,gmail.com,free,0
acc_76b593dc0d2d,2026-07-14T15:59:39Z,agent,false,partner-directory,US,false,stackgroup.nl,free,0
acc_3222da4654c5,2026-07-19T10:28:57Z,agent,false,docs,DE,false,copper-labs.de,free,0
acc_8eabfa4fa160,2026-07-10T12:42:02Z,owner,true,(organic),US,false,atlasdigital.de,free,0
acc_a1f2d95755a3,2026-07-12T21:26:25Z,agent,false,(organic),CA,false,ridge-hq.ai,free,0
acc_eb271a92bf18,2026-04-21T08:50:46Z,agent,false,(organic),CA,false,bright-co.nl,free,0
acc_438dd03cdf88,2026-07-19T13:58:05Z,agent,false,(organic),IN,false,solacesolutions.co,free,0
acc_9f947afd67ce,2026-03-17T16:47:26Z,admin,false,q3-search,US,false,solacesoftware.com,free,0
acc_d32f9fe56503,2026-05-26T18:55:42Z,agent,false,(organic),IN,false,proton.me,free,0
acc_bd7c8dc22665,2026-02-13T15:28:45Z,owner,true,docs,BR,false,lumenco.net,starter,49
acc_b716ca21a61e,2026-06-17T16:17:30Z,agent,false,partner-directory,BR,false,hotmail.com,free,0
acc_ba7d08265e6a,2026-06-19T12:53:52Z,owner,true,docs,IN,false,latticeworks.net,free,0
acc_852a5c029237,2026-06-24T13:45:01Z,admin,false,(organic),US,false,outlook.com,free,0
acc_9df88df8b8f0,2026-06-20T11:58:24Z,admin,false,(direct),GB,false,ridge-group.com,free,0
acc_911a26c03490,2026-07-26T12:39:43Z,agent,false,(direct),FR,false,summit-software.net,free,0
acc_363209c9c143,2026-06-17T09:20:39Z,owner,true,(direct),BR,false,veranoworks.nl,team,149
acc_f2f939064c3a,2026-05-28T00:22:53Z,admin,false,(organic),IN,false,forgeio.com,free,0
acc_65baa7b726bb,2026-03-03T17:53:18Z,owner,true,docs,FR,false,gmail.com,free,0
acc_897240ea84fc,2026-02-21T19:58:06Z,admin,false,(direct),ES,false,basil-app.nl,free,0
acc_c226e43bad8b,2026-04-01T10:06:28Z,agent,false,(organic),SG,false,north-io.co,free,0
acc_042be6662f78,2026-03-16T21:04:53Z,owner,true,(direct),PL,false,pier-partners.co.uk,free,0
acc_7020f5f050db,2026-05-27T16:36:16Z,owner,true,(organic),IE,false,solaceworks.nl,free,0
acc_5f4c91e3e4f3,2026-06-25T09:02:34Z,admin,false,q3-search,BR,false,junoworks.de,free,0
acc_edd2e76dc71d,2026-06-20T18:23:32Z,agent,false,partner-directory,CA,false,latticedigital.nl,free,0
acc_b25915c9492a,2026-06-22T19:33:57Z,agent,false,q3-search,IN,false,veranosoftware.ai,free,0
acc_a88d9f276ec7,2026-03-03T22:39:41Z,owner,true,docs,NL,false,lattice-cloud.co,free,0
acc_7102b27706a7,2026-07-25T10:42:40Z,owner,true,(organic),GB,false,atlasco.com,free,0
acc_31d2e3c5c434,2026-06-16T11:46:53Z,owner,true,docs,GB,false,stack-software.io,free,0
acc_622610278d52,2026-04-23T09:19:47Z,owner,true,docs,AU,false,lattice-hq.nl,free,0
acc_9b8fa1411942,2026-07-28T07:53:09Z,agent,false,(organic),CA,false,yahoo.com,free,0
acc_37f112aaf2b9,2026-04-03T07:34:49Z,agent,false,(direct),US,false,lumen-io.com,free,0
acc_213a646e238a,2026-05-28T10:47:55Z,agent,false,q3-search,CA,false,meridian-cloud.com,free,0
acc_d48698f99198,2026-06-14T00:52:10Z,admin,false,(organic),IN,false,ridge-tech.de,free,0
acc_af69fa731f0d,2026-07-25T13:38:51Z,agent,false,(organic),PL,false,hotmail.com,free,0
acc_dba27a4245c7,2026-05-16T09:28:56Z,agent,false,partner-directory,PL,false,meridian-group.com,free,0
acc_a0eedeb278fc,2026-02-05T09:07:29Z,admin,false,(organic),DE,false,hotmail.com,free,0
acc_cb62e50cac4e,2026-03-21T16:18:12Z,agent,false,(organic),US,false,kestrelsolutions.com,free,0
acc_d91ccc9fc209,2026-02-05T07:55:58Z,agent,false,(direct),BR,false,marlowpartners.com,free,0
acc_9e148aed8627,2026-04-28T09:03:37Z,owner,true,docs,US,false,lumensoftware.com,free,0
acc_c28c5fdfbbba,2026-05-25T09:38:56Z,owner,true,(direct),US,false,quillgroup.com,free,0
acc_df92bfb7a069,2026-03-30T16:10:15Z,owner,true,docs,DE,false,pierdigital.ai,starter,49
acc_bbce082f1521,2026-05-21T12:07:00Z,owner,true,(direct),US,false,yahoo.com,free,0
acc_6a039aaf4f79,2026-07-25T13:39:14Z,owner,true,docs,IN,false,veranohq.io,free,0
acc_f2de547657c8,2026-07-23T17:46:12Z,admin,false,(direct),SE,false,solaceworks.nl,free,0
acc_4d5dd0c9dba3,2026-03-17T20:00:26Z,owner,true,docs,ES,false,quill-digital.de,free,0
acc_f66a00c755fb,2026-07-24T14:45:52Z,agent,false,(organic),PL,false,icloud.com,free,0
acc_6fc5a3e9ddbe,2026-03-15T14:07:49Z,owner,true,q3-search,US,false,atlasco.com,free,0
acc_afa0acef38a2,2026-03-21T17:57:34Z,agent,false,(direct),PL,false,orbitlabs.net,free,0
acc_6ec0137443a6,2026-06-25T11:36:51Z,owner,true,q3-search,ES,false,proton.me,free,0
acc_f0c3eccf187f,2026-02-09T09:51:38Z,agent,false,(direct),GB,false,outlook.com,free,0
acc_cd2f9546b1ce,2026-07-27T10:38:11Z,agent,false,partner-directory,SG,false,pilotsolutions.net,free,0
acc_7438af709cc4,2026-04-22T15:38:30Z,owner,true,(direct),NL,false,yahoo.com,free,0
acc_12cc12592964,2026-04-11T15:13:57Z,agent,false,partner-directory,US,false,forgelabs.ai,free,0
acc_78307a8d2030,2026-07-25T11:47:24Z,admin,false,q3-search,GB,false,orbit-works.io,free,0
acc_5f3984df83e1,2026-02-09T07:48:13Z,agent,false,docs,GB,false,veranosoftware.co,free,0
acc_4d0c4fde63c6,2026-04-11T15:19:24Z,owner,true,docs,GB,false,summitco.net,free,0
acc_dd2e436a9613,2026-07-22T15:41:08Z,owner,true,(organic),US,false,gmail.com,free,0
acc_b10722c63fd7,2026-04-03T23:53:49Z,admin,false,(direct),US,false,summitco.net,free,0
acc_efabef25e448,2026-02-10T16:47:02Z,owner,true,(organic),NL,false,harbor-works.nl,free,0
acc_1e4878ccd935,2026-07-16T12:48:52Z,admin,false,(organic),CA,false,gmail.com,free,0
acc_0725cc7e52e2,2026-04-20T09:46:47Z,admin,false,q3-search,US,false,icloud.com,free,0
acc_90ee776625ca,2026-02-24T10:02:32Z,admin,false,docs,AU,false,verano-solutions.com,free,0
acc_d9d38c0bd1af,2026-06-16T12:22:46Z,agent,false,q3-search,US,false,pilot-co.com,free,0
acc_be58d667ae0c,2026-07-26T20:18:54Z,agent,false,(organic),DE,false,harborsystems.co,free,0
acc_11947a74c926,2026-02-25T11:06:48Z,admin,false,(direct),NL,false,marlowcloud.ai,free,0
acc_8f4749f1e767,2026-02-01T11:45:16Z,agent,false,(direct),IN,false,proton.me,free,0
acc_cb3c1a6dce8c,2026-07-30T14:31:12Z,owner,true,(organic),FR,false,alpine-cloud.de,free,0
acc_813ae511ebab,2026-06-11T22:40:47Z,admin,false,partner-directory,FR,false,kestrel-co.com,free,0
acc_630fcb217351,2026-02-15T17:32:45Z,agent,false,(organic),US,false,icloud.com,free,0
acc_7bad837c72fb,2026-06-02T10:40:31Z,agent,false,(organic),IE,false,cedarsoftware.com,free,0
acc_2087953b60e5,2026-02-04T15:55:56Z,owner,true,docs,IE,false,veranosoftware.ai,free,0
acc_45e1e0872669,2026-07-04T13:50:39Z,agent,false,(organic),FR,false,forge-co.net,free,0
acc_47c0a93e31eb,2026-03-12T15:43:46Z,owner,true,(organic),IE,false,veranocloud.co.uk,free,0
acc_7ca356eef905,2026-07-08T12:14:16Z,admin,false,(organic),GB,false,alpinesoftware.nl,free,0
acc_eb62420939ff,2026-07-24T12:17:16Z,agent,false,(organic),US,false,veranosystems.io,free,0
acc_328675a5240e,2026-02-10T09:15:20Z,admin,false,partner-directory,NL,false,proton.me,free,0
acc_57a298d8f410,2026-06-14T16:26:25Z,admin,false,(direct),DE,false,yahoo.com,free,0
acc_a8803d26bb3f,2026-06-16T12:13:48Z,owner,true,partner-directory,IN,false,summitpartners.com,free,0
acc_cd74b4c3e423,2026-04-24T00:00:12Z,admin,false,(organic),IN,false,brightio.ai,free,0
acc_cba5909ed271,2026-06-30T18:23:49Z,agent,false,(organic),NL,false,yahoo.com,free,0
acc_2e224b18d341,2026-06-05T18:47:09Z,admin,false,q3-search,IN,false,marlowapp.com,free,0
acc_48b26a80b2c8,2026-04-08T06:40:01Z,owner,true,partner-directory,AU,false,icloud.com,starter,49
acc_1125c3fc7d6c,2026-05-11T14:50:55Z,owner,true,(organic),ES,false,icloud.com,free,0
acc_5eaaa1148c4f,2026-04-29T07:46:09Z,owner,true,docs,SE,false,marlowpartners.co.uk,free,0
acc_ddfc7c598271,2026-05-25T21:35:04Z,agent,false,(organic),ES,false,summit-software.net,free,0
acc_3f9b30198fad,2026-04-15T11:05:41Z,owner,true,partner-directory,DE,false,quill-cloud.co.uk,team,149
acc_f74aa12ce83a,2026-05-18T13:22:04Z,agent,false,(direct),GB,false,orbitgroup.com,free,0
acc_886ffa3cf5da,2026-07-06T17:28:21Z,agent,false,(organic),US,false,marlow-hq.co.uk,free,0
acc_4520f9d38e56,2026-04-05T21:19:48Z,agent,false,(organic),SG,false,yahoo.com,free,0
acc_88cc829e7c65,2026-07-13T07:30:26Z,agent,false,(organic),US,false,junocloud.nl,free,0
acc_8e2b823401be,2026-04-28T09:50:35Z,admin,false,partner-directory,US,false,kestrellabs.co.uk,free,0
acc_2720068536d9,2026-06-02T11:40:04Z,admin,false,(organic),BR,false,juno-systems.io,free,0
acc_d5cf5c558353,2026-03-11T08:10:59Z,owner,true,partner-directory,DE,false,cedar-group.com,free,0
acc_11582fb74232,2026-02-15T17:13:03Z,owner,true,q3-search,FR,false,coppercloud.nl,free,0
acc_f9a1194a19f2,2026-05-29T04:47:51Z,agent,false,(organic),IN,false,junocloud.io,free,0
acc_ec908629ac7d,2026-04-04T12:18:01Z,owner,true,(organic),US,false,verano-tech.net,free,0
acc_a8b15731ab02,2026-05-04T22:30:23Z,agent,false,(direct),US,false,onyxsoftware.co.uk,free,0
acc_cdddb5a9b4ba,2026-03-02T10:11:32Z,agent,false,q3-search,US,false,quillgroup.com,free,0
acc_c8b14c23738a,2026-04-05T16:46:50Z,agent,false,q3-search,US,false,proton.me,free,0
acc_68b8ad76b5f2,2026-06-27T08:26:59Z,agent,false,(organic),CA,false,hotmail.com,free,0
acc_90f82e031502,2026-06-19T14:18:24Z,agent,false,(direct),CA,false,atlasstudio.nl,free,0
acc_a4dac904a7ce,2026-03-14T19:58:17Z,agent,false,(organic),US,false,junosoftware.nl,free,0
acc_74a13e381b3b,2026-05-02T11:02:18Z,owner,true,partner-directory,US,false,solace-io.ai,starter,49
acc_8d7a27e63de7,2026-04-20T11:58:22Z,agent,false,(organic),US,false,solace-cloud.com,free,0
acc_1a1e6ef5692e,2026-03-09T17:52:50Z,agent,false,q3-search,GB,false,pilot-cloud.nl,free,0
acc_551ec8355588,2026-07-20T13:48:59Z,admin,false,(organic),CA,false,hotmail.com,free,0
acc_97671a1f6259,2026-03-12T14:02:43Z,admin,false,(organic),IN,false,marlowsoftware.de,free,0
acc_bebce1ac5cec,2026-05-25T11:04:41Z,agent,false,(direct),GB,false,forgesystems.co.uk,free,0
acc_903d16958429,2026-06-12T11:07:03Z,admin,false,(direct),GB,false,cedartech.com,free,0
acc_870c23790ea1,2026-07-07T16:13:33Z,agent,false,(organic),GB,false,gmail.com,free,0
acc_1d42a6bbbfc6,2026-06-03T12:51:45Z,owner,true,partner-directory,US,false,vertex-labs.com,free,0
acc_e5a5be3c3710,2026-02-13T14:32:28Z,agent,false,(organic),CA,false,lattice-group.de,free,0
acc_2f3ad48af580,2026-04-03T11:20:18Z,agent,false,partner-directory,US,false,juno-tech.com,free,0
acc_4dcb754daefd,2026-06-13T07:09:18Z,owner,true,q3-search,US,false,northsoftware.com,team,149
acc_8858ebff4421,2026-07-03T11:13:21Z,owner,true,partner-directory,IE,false,hotmail.com,free,0
acc_e242907dc032,2026-03-25T17:38:41Z,admin,false,partner-directory,ES,false,alpine-digital.ai,free,0
acc_b185bdcf0d1b,2026-04-24T07:02:52Z,agent,false,q3-search,NL,false,coppertech.co.uk,free,0
acc_071a7594cee6,2026-06-18T18:36:38Z,agent,false,(organic),US,false,stackio.io,free,0
acc_5bbbeb120994,2026-07-17T09:18:37Z,agent,false,(organic),US,false,icloud.com,free,0
acc_696615a67954,2026-04-14T21:10:22Z,agent,false,(organic),US,false,lumenstudio.co.uk,free,0
acc_c2d73193a435,2026-02-23T00:01:12Z,agent,false,(organic),FR,false,yahoo.com,free,0
acc_385b66e49cd1,2026-05-01T09:26:49Z,admin,false,(organic),GB,false,alpine-software.co.uk,free,0
acc_1c35dc015c8e,2026-02-14T07:03:40Z,admin,false,(direct),US,false,verano-group.net,free,0
acc_c432ec59d451,2026-05-07T11:22:22Z,admin,false,(direct),DE,false,gmail.com,free,0
acc_a0f51967af3e,2026-07-09T11:31:04Z,agent,false,q3-search,DE,false,proton.me,free,0
acc_9c164023b6d4,2026-07-30T10:31:08Z,agent,false,(organic),US,false,stackpartners.net,free,0
acc_18ea0cc7fca5,2026-06-30T18:25:09Z,owner,true,partner-directory,PL,false,alpinesoftware.nl,free,0
acc_4acc77eaa5ad,2026-07-24T10:45:38Z,owner,true,q3-search,DE,false,yahoo.com,free,0
acc_7b93ec95d1f5,2026-05-29T16:32:36Z,agent,false,(organic),FR,false,piersolutions.de,free,0
acc_8aaf9a02b5b9,2026-04-21T10:54:02Z,agent,false,(direct),US,false,forgeapp.de,free,0
acc_7a60a68820bd,2026-07-10T17:41:00Z,owner,true,(organic),PL,false,alpine-cloud.nl,free,0
acc_6afdb2d11a0c,2026-04-05T09:13:13Z,agent,false,q3-search,US,false,quillpartners.com,free,0
acc_d3f6975223b6,2026-05-04T14:30:37Z,agent,false,q3-search,PL,false,lumenlabs.io,free,0
acc_a8b17c4d4fa9,2026-03-10T08:47:31Z,owner,true,partner-directory,CA,false,proton.me,free,0
acc_1809851935be,2026-02-18T15:41:39Z,agent,false,q3-search,CA,false,yahoo.com,free,0
acc_c4f120c67989,2026-03-21T19:02:47Z,admin,false,partner-directory,DE,false,nimbussoftware.de,free,0
acc_f284ef547bc4,2026-04-24T11:05:47Z,agent,false,(direct),IE,false,alpinehq.com,free,0
acc_3e9153b5dc04,2026-07-07T08:19:58Z,agent,false,q3-search,GB,false,hotmail.com,free,0
acc_e3784950f95d,2026-03-22T17:36:10Z,agent,false,q3-search,FR,false,brightsoftware.com,free,0
acc_b335c0906ab7,2026-03-20T09:28:36Z,agent,false,(organic),US,false,proton.me,free,0
acc_bd432a4272dc,2026-07-25T15:12:16Z,agent,false,q3-search,PL,false,proton.me,free,0
acc_a1fa04b20d31,2026-05-19T17:23:29Z,owner,true,(direct),FR,false,onyx-co.com,starter,49
acc_afb0f93a7427,2026-05-05T19:03:07Z,admin,false,docs,PL,false,icloud.com,free,0
acc_ae4be2dd8a5e,2026-07-30T18:59:14Z,admin,false,docs,GB,false,marlowhq.ai,free,0
acc_511813976c1d,2026-03-16T12:11:38Z,admin,false,q3-search,GB,false,proton.me,free,0
acc_44f78fe96e2d,2026-03-25T11:37:53Z,admin,false,partner-directory,US,false,stackpartners.nl,free,0
acc_b2657c0b7787,2026-07-07T16:30:22Z,agent,false,q3-search,AU,false,solaceworks.io,free,0
acc_5cdc329e937f,2026-07-29T08:05:56Z,admin,false,(organic),BR,false,kestrel-solutions.de,free,0
acc_e8f466180631,2026-04-22T01:27:38Z,owner,true,partner-directory,AU,false,harborlabs.com,free,0
acc_0ce4e9ed0ea7,2026-07-27T13:27:46Z,admin,false,(organic),US,false,atlastech.de,free,0
acc_a94df61d76a1,2026-04-04T17:04:52Z,agent,false,q3-search,GB,false,gmail.com,free,0
acc_c2bba37e7be4,2026-06-08T08:19:45Z,owner,true,q3-search,SG,false,gmail.com,free,0
acc_22a13c3afd62,2026-05-10T22:07:18Z,agent,false,(organic),CA,false,outlook.com,free,0
acc_eeefe697e529,2026-03-31T11:29:24Z,agent,false,(direct),US,false,atlas-app.nl,free,0
acc_0af9e25dece2,2026-05-23T17:59:13Z,owner,true,docs,SG,false,ridge-group.nl,free,0
acc_dbbbf9f889e3,2026-05-18T11:48:18Z,admin,false,partner-directory,NL,false,pierio.ai,free,0
acc_df16fe8f540e,2026-07-30T10:12:54Z,admin,false,(organic),IN,false,lumengroup.io,free,0
acc_b43680a9be21,2026-07-29T11:07:57Z,agent,false,(organic),ES,false,ridge-partners.co.uk,free,0
acc_8d86764b8197,2026-04-14T13:31:50Z,admin,false,(organic),US,false,onyx-co.co,free,0
acc_78f861b13d67,2026-07-05T10:46:35Z,agent,false,(organic),AU,false,icloud.com,free,0
acc_26cedfe608f9,2026-03-31T13:09:42Z,admin,false,q3-search,DE,false,stacktech.ai,free,0
acc_b6062f07c38f,2026-06-11T09:59:45Z,admin,false,(direct),US,false,meridiantech.com,team,149
acc_e928d0211889,2026-03-18T11:02:41Z,owner,true,partner-directory,DE,false,quillcloud.co,free,0
acc_dcbe48e34328,2026-07-13T14:16:09Z,owner,true,docs,US,false,marlowgroup.de,free,0
acc_7bd546d7c3f2,2026-03-27T15:05:28Z,agent,false,q3-search,CA,false,copperworks.net,free,0
acc_d19e2034c6b2,2026-06-29T17:28:52Z,agent,false,(organic),SE,false,harbordigital.com,free,0
acc_3f80263cf4e8,2026-03-16T11:12:27Z,admin,false,(organic),SE,false,verano-solutions.com,free,0
acc_80f123a2e385,2026-04-24T16:06:33Z,admin,false,(organic),US,false,forge-cloud.de,free,0
acc_01d5ec6e2894,2026-07-29T12:20:43Z,agent,false,(direct),IE,false,cedar-systems.com,free,0
acc_4eba4245fd83,2026-04-21T20:25:26Z,admin,false,partner-directory,ES,false,orbittech.co,free,0
acc_69c616f82a96,2026-05-31T05:19:21Z,admin,false,(organic),CA,false,hotmail.com,free,0
acc_351a5399d2ae,2026-05-12T14:10:49Z,admin,false,q3-search,GB,false,basil-software.com,free,0
acc_7569c716ba6e,2026-07-11T16:55:23Z,owner,true,(organic),US,false,nimbuspartners.ai,free,0
acc_bbb0a89c2d75,2026-03-13T08:21:52Z,owner,true,docs,CA,false,atlas-group.co.uk,team,149
acc_cc45dd52aa32,2026-02-27T19:26:02Z,owner,true,(direct),DE,false,proton.me,free,0
acc_9cb187389948,2026-03-30T14:27:56Z,agent,false,docs,US,false,orbitsoftware.de,free,0
acc_fb7877364874,2026-07-05T19:14:14Z,owner,true,partner-directory,DE,false,lumen-hq.co,free,0
acc_378f6395fd23,2026-06-21T12:28:06Z,agent,false,(organic),US,false,basilhq.ai,free,0
acc_1ef887795bad,2026-07-22T19:50:50Z,agent,false,q3-search,GB,false,vertexco.ai,free,0
acc_666b8a411d66,2026-07-31T16:52:43Z,admin,false,(organic),CA,false,bright-app.com,free,0
acc_ca79e7ac7a6f,2026-06-25T11:07:03Z,admin,false,q3-search,CA,false,verano-systems.ai,free,0
acc_f8c79ebe039f,2026-06-17T15:52:17Z,agent,false,(direct),US,false,yahoo.com,free,0
acc_d6470ce2d3ad,2026-05-19T14:42:31Z,owner,true,(organic),SE,false,proton.me,free,0
acc_e683e9dc89ea,2026-06-06T23:18:12Z,admin,false,(direct),GB,false,junoworks.io,free,0
acc_c9ccc46f4d48,2026-05-04T16:28:16Z,agent,false,(direct),AU,false,meridian-digital.ai,free,0
acc_c1b931cc51a3,2026-05-16T12:19:46Z,owner,true,(organic),US,false,juno-tech.ai,free,0
acc_2d58c930f6e5,2026-04-17T19:38:00Z,owner,true,partner-directory,GB,false,pilot-studio.co.uk,free,0
acc_038bb60a4ea5,2026-02-10T15:56:04Z,owner,true,partner-directory,IN,false,summitsolutions.co,free,0
acc_c352e3452c7c,2026-04-15T17:18:10Z,admin,false,partner-directory,US,false,bright-tech.com,free,0
acc_f43b1f4dff01,2026-06-27T08:50:53Z,agent,false,docs,FR,false,alpine-software.co.uk,free,0
acc_707ff3e0c8d4,2026-02-09T16:19:51Z,agent,false,(direct),CA,false,outlook.com,free,0
acc_eda1db2fc9ef,2026-04-03T11:16:09Z,admin,false,(direct),GB,false,lumen-io.com,free,0
acc_016f87b67be9,2026-03-27T14:59:03Z,owner,true,(organic),DE,false,icloud.com,free,0
acc_93420d2c7d94,2026-02-03T00:26:11Z,agent,false,(organic),DE,false,pilotsolutions.ai,free,0
acc_4f82f131b06b,2026-05-29T07:12:04Z,owner,true,(direct),DE,false,latticeworks.nl,team,149
acc_8b81a364696a,2026-05-19T22:07:18Z,agent,false,q3-search,US,false,juno-digital.com,free,0
acc_f7840b728246,2026-06-17T10:58:21Z,agent,false,q3-search,US,false,hotmail.com,free,0
acc_1de3686266d4,2026-02-24T08:31:27Z,agent,false,(direct),US,false,pierio.co,free,0
acc_07efe8491921,2026-03-19T08:16:41Z,agent,false,partner-directory,US,false,summit-labs.nl,free,0
acc_11971e63c931,2026-06-13T20:18:55Z,admin,false,docs,GB,false,atlasco.com,free,0
acc_7d1847cfc769,2026-05-26T09:16:29Z,owner,true,docs,US,false,tempoco.com,starter,49
acc_5e151c6920ee,2026-07-26T08:02:01Z,owner,true,q3-search,FR,false,outlook.com,free,0
acc_8895c3510b7e,2026-03-01T14:05:48Z,agent,false,(direct),GB,false,coppercloud.nl,free,0
acc_598d30853b4d,2026-05-05T17:56:36Z,owner,true,docs,US,false,proton.me,free,0
acc_14cb409b813b,2026-02-14T01:54:26Z,admin,false,(organic),ES,false,stack-solutions.io,free,0
acc_ea41630f924b,2026-05-24T16:38:20Z,admin,false,(organic),SE,false,tempotech.net,free,0
acc_6e754c22ebc0,2026-03-29T08:37:32Z,owner,true,docs,IN,false,gmail.com,free,0
acc_2956bb06d47b,2026-05-06T13:21:42Z,owner,true,partner-directory,DE,false,proton.me,free,0
acc_414e3b660fa9,2026-07-29T13:23:50Z,agent,false,(organic),GB,false,tandem-partners.net,free,0
acc_e9777d8553b6,2026-04-18T15:19:08Z,admin,false,(organic),BR,false,copperdigital.com,free,0
acc_8ead994120c0,2026-07-26T17:53:00Z,owner,true,(organic),AU,false,copperstudio.nl,free,0
acc_9c797a7d372a,2026-03-23T18:58:33Z,agent,false,(direct),US,false,kestrel-digital.ai,free,0
acc_2004d74ec65a,2026-07-18T19:16:07Z,agent,false,q3-search,BR,false,harborsolutions.com,free,0
acc_7e021a7c5f27,2026-03-16T06:54:43Z,agent,false,q3-search,US,false,ridgelabs.de,free,0
acc_643b34887c03,2026-03-06T13:57:24Z,admin,false,partner-directory,NL,false,outlook.com,free,0
acc_1ce84a2b67c0,2026-05-26T18:17:33Z,admin,false,docs,PL,false,juno-studio.co,free,0
acc_4eb7c2b29066,2026-06-27T08:28:12Z,owner,true,(organic),US,false,solacelabs.nl,free,0
acc_8ebf321cf11c,2026-07-23T09:59:47Z,admin,false,q3-search,US,false,icloud.com,free,0
acc_1b08ba02561d,2026-03-31T17:51:17Z,owner,true,(organic),IE,false,marlow-group.com,team,149
acc_06371902f2be,2026-07-22T10:17:37Z,agent,false,(organic),US,false,nimbus-labs.de,free,0
acc_df1375522c71,2026-07-16T20:16:42Z,owner,true,q3-search,SE,false,solaceapp.co.uk,free,0
acc_bc25a90aceb1,2026-03-08T18:07:56Z,agent,false,(organic),IN,false,yahoo.com,free,0
acc_2f5c9b21fda2,2026-02-25T15:28:15Z,agent,false,(organic),CA,false,hotmail.com,free,0
acc_8cc10571c6e8,2026-07-22T21:52:56Z,agent,false,docs,ES,false,ridgetech.net,free,0
acc_ad0dbe352b55,2026-03-26T07:54:17Z,owner,true,docs,GB,false,copper-systems.io,team,149
acc_ae85ea9530e4,2026-05-21T11:57:33Z,owner,true,q3-search,US,false,kestrelstudio.io,team,149
acc_098401b6d56d,2026-04-22T16:29:54Z,agent,false,q3-search,US,false,icloud.com,free,0
acc_a01499b95809,2026-06-28T00:33:41Z,agent,false,(organic),US,false,coppercloud.nl,free,0
acc_722d05520689,2026-05-04T07:29:50Z,agent,false,(organic),CA,false,icloud.com,free,0
acc_2290e4910a4d,2026-06-17T17:31:54Z,agent,false,partner-directory,IN,false,basil-partners.co.uk,free,0
acc_dd0d700f5c01,2026-06-16T12:41:35Z,owner,true,docs,US,false,lattice-labs.com,free,0
acc_128609d60cfc,2026-07-28T08:49:34Z,owner,true,docs,GB,false,alpine-io.co.uk,free,0
acc_a5d7c2f0b4eb,2026-06-06T10:08:17Z,owner,true,(direct),NL,false,marlowgroup.ai,free,0
acc_0d9c04e73516,2026-04-21T04:33:31Z,admin,false,partner-directory,DE,false,marlowsystems.co,free,0
acc_547e5d5af73a,2026-07-04T16:15:03Z,agent,false,(organic),US,false,outlook.com,free,0
acc_956465211ba6,2026-07-09T19:37:33Z,owner,true,docs,GB,false,lumenhq.ai,free,0
acc_200aad9fb139,2026-04-24T18:04:12Z,owner,true,docs,IN,false,quill-cloud.co,free,0
acc_7a1de20c50a4,2026-02-17T13:37:28Z,admin,false,(direct),ES,false,atlasstudio.co,free,0
acc_2fb519590f94,2026-03-11T19:35:03Z,agent,false,(organic),GB,false,nimbussoftware.de,free,0
acc_59f6e491effa,2026-03-04T17:37:36Z,owner,true,partner-directory,CA,false,latticehq.com,free,0
acc_7cd7c48d3a09,2026-04-24T18:31:29Z,agent,false,partner-directory,AU,false,gmail.com,free,0
acc_266919803eea,2026-06-28T08:34:13Z,agent,false,partner-directory,GB,false,icloud.com,free,0
acc_bcaad250534a,2026-07-19T20:37:55Z,admin,false,q3-search,GB,false,pilotsolutions.ai,free,0
acc_8928ba283986,2026-03-02T09:46:31Z,admin,false,q3-search,FR,false,verano-systems.ai,free,0
acc_1c162b1b642f,2026-02-19T13:56:34Z,owner,true,docs,US,false,gmail.com,starter,49
acc_017c34e168c2,2026-07-14T15:39:19Z,owner,true,docs,GB,false,cedar-studio.ai,free,0
acc_76e5bc0cf154,2026-02-26T13:12:29Z,admin,false,partner-directory,NL,false,alpinesolutions.com,free,0
acc_db5e483d4e85,2026-03-13T09:18:54Z,admin,false,q3-search,SG,false,gmail.com,free,0
acc_8b6aa78bc20c,2026-03-15T13:08:17Z,admin,false,q3-search,CA,false,gmail.com,free,0
acc_b72884d17afe,2026-06-16T12:27:05Z,admin,false,partner-directory,FR,false,forge-group.io,free,0
acc_d64b4529c1b2,2026-07-18T14:02:53Z,agent,false,q3-search,GB,false,pilotsolutions.co,free,0
acc_1f584372c873,2026-04-05T14:03:16Z,agent,false,(direct),FR,false,coppercloud.de,free,0
acc_10abf63c1702,2026-03-24T07:30:34Z,agent,false,q3-search,CA,false,basil-software.io,free,0
acc_ae867d347066,2026-05-23T17:45:23Z,owner,true,partner-directory,GB,false,nimbustech.io,team,149
acc_6b6a10067770,2026-03-31T13:54:24Z,agent,false,partner-directory,PL,false,glidesoftware.com,free,0
acc_205810bf203f,2026-06-13T17:41:38Z,owner,true,q3-search,NL,false,harbor-partners.com,starter,49
acc_4bcee21eb436,2026-05-16T09:33:24Z,agent,false,(organic),FR,false,yahoo.com,free,0
acc_30bd5c247fc3,2026-03-19T18:27:48Z,admin,false,(organic),NL,false,pilotdigital.com,free,0
acc_fa563dbbcd11,2026-04-11T17:49:41Z,admin,false,(direct),FR,false,orbitlabs.com,free,0
acc_3911f5b6e3bc,2026-07-04T16:11:27Z,owner,true,(direct),FR,false,quill-studio.co,free,0
acc_c368160871a2,2026-02-03T23:32:19Z,admin,false,(organic),US,false,nimbus-labs.de,team,149
acc_e15eec934884,2026-06-12T15:42:01Z,owner,true,(organic),GB,false,yahoo.com,business,399
acc_aabd8af0e147,2026-03-15T11:42:05Z,agent,false,(organic),US,false,kestrel-app.de,free,0
acc_c7213f7e73be,2026-06-15T22:42:36Z,agent,false,(organic),US,false,juno-labs.co,free,0
acc_a72417956ce7,2026-03-04T18:49:55Z,owner,true,docs,IE,false,outlook.com,free,0
acc_8ad2bd521882,2026-06-10T14:03:15Z,agent,false,(organic),CA,false,outlook.com,free,0
acc_c8b68426f711,2026-04-27T17:36:30Z,admin,false,docs,DE,false,copper-systems.com,free,0
acc_bc4044eab89d,2026-02-11T16:37:43Z,admin,false,partner-directory,PL,false,orbithq.nl,free,0
acc_dfbfed676581,2026-04-03T14:32:38Z,owner,true,(organic),US,false,atlaslabs.de,free,0
acc_0086be0cf032,2026-04-05T09:38:38Z,agent,false,(direct),US,false,icloud.com,free,0
acc_d8090c97c5ab,2026-03-13T16:57:50Z,agent,false,docs,IE,false,basil-studio.nl,free,0
acc_ec613876407a,2026-03-21T13:04:28Z,admin,false,(organic),IE,false,summit-io.net,free,0
acc_1ed78ba10ce3,2026-07-23T12:46:41Z,owner,true,docs,GB,false,proton.me,free,0
acc_a0577d3f3cfc,2026-03-09T16:49:56Z,agent,false,(direct),NL,false,glide-studio.co.uk,free,0
acc_cacca62a657e,2026-03-14T15:45:36Z,owner,true,(organic),US,false,gmail.com,free,0
acc_7f2c3c7dcaa7,2026-06-26T08:53:35Z,agent,false,docs,BR,false,north-io.co,free,0
acc_2935ced03da5,2026-06-09T19:46:21Z,agent,false,q3-search,DE,false,vertex-labs.com,free,0
acc_5c43681dc444,2026-07-05T08:09:21Z,agent,false,(direct),US,false,icloud.com,free,0
acc_f65b923b7828,2026-03-09T12:44:24Z,owner,true,docs,US,false,yahoo.com,free,0
acc_97ded4cb171b,2026-07-18T15:05:41Z,owner,true,(direct),FR,false,orbit-systems.com,free,0
acc_d73b64752205,2026-06-25T18:48:09Z,agent,false,(direct),US,false,solacetech.net,free,0
acc_7fbffeba580f,2026-02-28T20:33:57Z,admin,false,q3-search,DE,false,proton.me,free,0
acc_f98245e3a267,2026-02-04T14:54:40Z,agent,false,partner-directory,BR,false,piercloud.nl,free,0
acc_c2c721797631,2026-07-17T14:21:42Z,agent,false,(direct),IE,false,alpine-solutions.com,free,0
acc_855a9af7b17b,2026-03-24T12:50:24Z,agent,false,(organic),DE,false,proton.me,free,0
acc_ef38d7afa579,2026-03-30T17:06:36Z,agent,false,(direct),IN,false,cedar-group.com,free,0
acc_1e556bfb0d20,2026-06-11T16:58:59Z,agent,false,(direct),IN,false,hotmail.com,free,0
acc_0cda9da09f98,2026-07-30T09:24:20Z,agent,false,(organic),US,false,junoworks.de,free,0
acc_820720b7524e,2026-03-30T11:06:46Z,owner,true,(organic),US,false,forgeio.net,free,0
acc_f4cd26612966,2026-07-27T09:06:33Z,agent,false,q3-search,NL,false,gmail.com,free,0
acc_c41f34a18feb,2026-07-01T18:57:59Z,owner,true,partner-directory,DE,false,pierhq.nl,free,0
acc_132fd3f0d5f8,2026-03-21T14:53:23Z,owner,true,docs,ES,false,tandem-solutions.co.uk,team,149
acc_885b9a80783b,2026-04-04T10:07:24Z,agent,false,(organic),NL,false,copper-studio.io,free,0
acc_aa1276d40d4a,2026-05-12T13:59:48Z,admin,false,q3-search,IN,false,onyx-cloud.com,free,0
acc_8b1d0ea926fc,2026-06-26T14:44:53Z,admin,false,docs,CA,false,junotech.ai,free,0
acc_eb29b78b6b36,2026-04-19T06:28:38Z,owner,true,partner-directory,DE,false,solace-io.com,free,0
acc_f5b9763ad16e,2026-03-18T09:11:45Z,owner,true,(direct),US,false,atlascloud.ai,free,0
acc_ee5592b0fad4,2026-04-16T08:02:41Z,owner,true,(direct),CA,false,icloud.com,free,0
acc_56848de4b1f6,2026-02-26T10:22:16Z,agent,false,partner-directory,DE,false,hotmail.com,free,0
acc_65e39ff2d45f,2026-02-19T18:22:24Z,owner,true,(organic),US,false,glide-studio.com,starter,49
acc_4b06ea5e4ed1,2026-07-08T15:08:41Z,admin,false,(organic),NL,false,yahoo.com,free,0
acc_088014119760,2026-05-11T22:54:41Z,owner,true,q3-search,BR,false,lumenio.com,starter,49
acc_016ceb82216c,2026-07-09T16:35:45Z,agent,false,(direct),US,false,yahoo.com,free,0
acc_92b426a2ab34,2026-03-18T14:31:34Z,agent,false,partner-directory,BR,false,kestrel-cloud.net,free,0
acc_b9bea6a0a2ff,2026-07-05T14:26:18Z,agent,false,q3-search,IE,false,vertexsoftware.co.uk,free,0
acc_6a76331c1186,2026-04-13T14:17:12Z,admin,false,(organic),US,false,yahoo.com,free,0
acc_5c95fe2b5f63,2026-04-18T10:16:46Z,owner,true,(organic),ES,false,marlow-works.co,free,0
acc_dc9402418498,2026-06-22T20:04:46Z,agent,false,(organic),CA,false,hotmail.com,free,0
acc_80e9e1548797,2026-03-31T02:02:23Z,owner,true,(organic),GB,false,cedar-co.nl,team,149
acc_c7f59534a815,2026-04-10T20:10:32Z,owner,true,docs,SG,false,juno-cloud.de,free,0
acc_129be09e528f,2026-07-22T07:18:20Z,owner,true,(direct),SE,false,orbit-hq.de,free,0
acc_0ae7c9a2441b,2026-05-27T19:00:36Z,agent,false,(organic),CA,false,veranosystems.com,free,0
acc_1c32ee9c76fa,2026-03-20T09:28:21Z,agent,false,(direct),NL,false,forgeio.net,free,0
acc_60e1cf913cf1,2026-07-24T14:53:32Z,admin,false,(organic),ES,false,northworks.io,free,0
acc_e71a3b8a2a44,2026-03-08T11:39:58Z,owner,true,(organic),IN,false,icloud.com,free,0
acc_556b1be7a1ae,2026-05-18T10:03:40Z,admin,false,partner-directory,PL,false,harbortech.de,free,0
acc_ebd34ec5df7e,2026-03-24T08:32:50Z,admin,false,(organic),US,false,bright-labs.ai,free,0
acc_2a5f32d5b913,2026-05-09T15:26:46Z,agent,false,partner-directory,CA,false,icloud.com,free,0
acc_c1757e8867a3,2026-07-26T07:09:06Z,agent,false,partner-directory,US,false,pilot-digital.com,free,0
acc_937a6e63563a,2026-05-28T15:27:18Z,owner,true,partner-directory,IE,false,icloud.com,free,0
acc_addf32c35e08,2026-02-04T15:06:32Z,agent,false,partner-directory,US,false,north-hq.net,free,0
acc_ec3ba859091b,2026-05-07T10:20:07Z,admin,false,(direct),GB,false,marlow-tech.com,free,0
acc_c6cfc4187cc7,2026-06-29T18:16:10Z,agent,false,(organic),US,false,icloud.com,free,0
acc_0529fc8ea9c1,2026-05-06T15:36:57Z,admin,false,(organic),US,false,ridgepartners.net,free,0
acc_371ebe3ee03f,2026-05-23T12:59:28Z,owner,true,(organic),IN,false,lumen-group.com,business,399
acc_8d9148f8d858,2026-05-24T12:49:58Z,agent,false,(organic),NL,false,harbortech.nl,free,0
acc_7d7cb56abcd8,2026-04-02T12:54:10Z,agent,false,q3-search,US,false,gmail.com,free,0
acc_25c3234c4133,2026-03-05T18:54:46Z,agent,false,q3-search,DE,false,pier-hq.com,free,0
acc_3426e441619a,2026-04-16T08:30:22Z,admin,false,(organic),US,false,alpinesoftware.net,free,0
acc_2c0b054a9f0c,2026-07-15T15:23:54Z,owner,true,docs,GB,false,basil-group.net,free,0
acc_0ba46657265d,2026-02-19T21:24:52Z,owner,true,q3-search,GB,false,gmail.com,free,0
acc_d9b4b7f35191,2026-03-29T14:04:09Z,agent,false,(organic),AU,false,copper-cloud.co.uk,free,0
acc_f20e3b610b6b,2026-03-28T05:02:53Z,agent,false,(organic),IN,false,gmail.com,free,0
acc_b70668a7f169,2026-05-08T14:20:41Z,owner,true,(organic),IN,false,kestrelsolutions.com,free,0
acc_f16769607e9d,2026-05-28T09:17:36Z,admin,false,docs,US,false,solaceapp.ai,starter,49
acc_e04c077bb43f,2026-07-01T17:24:19Z,agent,false,(organic),CA,false,basilpartners.co,free,0
acc_ac45c682df26,2026-06-18T08:57:49Z,admin,false,(organic),US,false,harbor-group.co.uk,free,0
acc_82b7bc464ef0,2026-03-11T09:50:11Z,admin,false,docs,GB,false,yahoo.com,free,0
acc_e81ba53ea870,2026-06-03T18:28:03Z,agent,false,(direct),NL,false,cedarapp.com,free,0
acc_485d181bf54a,2026-07-14T00:55:06Z,owner,true,(organic),US,false,nimbusapp.net,free,0
acc_cff2e86d57dc,2026-03-05T11:11:38Z,agent,false,(direct),DE,false,solacetech.net,free,0
acc_05a3e0c1f111,2026-03-07T13:57:15Z,admin,false,partner-directory,PL,false,outlook.com,free,0
acc_3ec3d260c028,2026-03-20T17:56:04Z,admin,false,q3-search,ES,false,orbitgroup.com,free,0
acc_bd6f07a86ee2,2026-05-17T20:12:25Z,owner,true,(organic),FR,false,hotmail.com,free,0
acc_68c32fd0dbff,2026-05-06T22:05:01Z,admin,false,(direct),ES,false,icloud.com,free,0
acc_6d98e0ebcf7a,2026-06-07T10:13:37Z,owner,true,(direct),BR,false,verano-hq.com,free,0
acc_28dadcba5a3b,2026-03-26T11:22:37Z,agent,false,(organic),GB,false,cedar-hq.com,free,0
acc_cef24f567456,2026-03-29T13:28:47Z,agent,false,partner-directory,GB,false,basilhq.co,free,0
acc_ce70138c0577,2026-02-21T03:30:16Z,agent,false,q3-search,US,false,ridge-studio.io,free,0
acc_6dc2c78cf79e,2026-05-28T13:46:51Z,agent,false,(organic),DE,false,outlook.com,free,0
acc_382e2bef3dd2,2026-03-03T06:36:45Z,owner,true,(organic),GB,false,verano-tech.net,free,0
acc_cbff6620aaef,2026-04-09T14:55:48Z,agent,false,q3-search,ES,false,outlook.com,free,0
acc_446eb15dfa7b,2026-02-16T20:51:12Z,agent,false,(organic),US,false,proton.me,free,0
acc_cdf7efe53770,2026-05-12T19:05:22Z,agent,false,(organic),US,false,proton.me,free,0
acc_2ab9520926c6,2026-06-12T14:22:53Z,agent,false,(organic),DE,false,yahoo.com,free,0
acc_95e8110a81db,2026-03-08T20:23:09Z,owner,true,partner-directory,AU,false,northlabs.de,free,0
acc_959c996cb4ea,2026-03-06T08:25:49Z,agent,false,q3-search,US,false,outlook.com,free,0
acc_d29b8a5f46a4,2026-06-05T09:03:02Z,agent,false,docs,PL,false,hotmail.com,free,0
acc_7e6244744504,2026-07-23T00:53:54Z,admin,false,(organic),NL,false,kestrel-co.com,free,0
acc_fe44b7d5beea,2026-02-04T20:09:20Z,agent,false,q3-search,GB,false,tempotech.com,free,0
acc_50709ee310c8,2026-03-13T10:09:44Z,agent,false,(direct),GB,false,lumenworks.co.uk,free,0
acc_212396d378ea,2026-03-16T11:46:00Z,agent,false,q3-search,US,false,glide-studio.co.uk,free,0
acc_8c7f197f5400,2026-06-02T14:45:56Z,owner,true,(organic),ES,false,bright-cloud.com,team,149
acc_50a34217f9b7,2026-05-18T16:52:31Z,agent,false,docs,US,false,vertex-app.nl,free,0
acc_3f75f0485753,2026-06-07T15:58:59Z,owner,true,partner-directory,US,false,northworks.co,team,149
acc_0b00986f957b,2026-06-22T12:43:35Z,agent,false,q3-search,NL,false,ridgetech.net,free,0
acc_eae3d0cf77c3,2026-05-19T11:24:59Z,agent,false,docs,IN,false,lumen-hq.nl,free,0
acc_ce4abeaf25ad,2026-05-11T15:59:55Z,agent,false,(organic),US,false,bright-works.com,free,0
acc_af6e00a02a85,2026-02-15T06:12:22Z,agent,false,(direct),US,false,onyxco.com,free,0
acc_751b0a197caf,2026-03-23T08:43:43Z,owner,true,(direct),US,false,proton.me,free,0
acc_926e30823a1d,2026-05-08T17:04:54Z,admin,false,partner-directory,US,false,meridian-cloud.co,free,0
acc_f6ef84b0fcb4,2026-03-27T07:56:47Z,owner,true,docs,PL,false,hotmail.com,free,0
acc_6084a5334ff4,2026-05-09T17:50:59Z,agent,false,(organic),GB,false,lumencloud.net,free,0
acc_3dfc5d9fa000,2026-04-10T14:46:13Z,agent,false,q3-search,NL,false,quillpartners.com,free,0
acc_5cf20eb93e60,2026-05-08T18:16:49Z,admin,false,docs,PL,false,hotmail.com,free,0
acc_e7b6342bc9c5,2026-04-25T15:39:22Z,owner,true,q3-search,US,false,kestrel-tech.com,free,0
acc_2da5288aa7c5,2026-07-19T09:02:59Z,agent,false,partner-directory,US,false,yahoo.com,free,0
acc_e54ea72bdde9,2026-07-10T09:36:58Z,admin,false,(organic),BR,false,solace-app.ai,free,0
acc_7b37028d4f85,2026-06-17T07:20:19Z,agent,false,q3-search,SE,false,tempoworks.com,free,0
acc_7b5d7937fd86,2026-06-05T17:44:30Z,owner,true,partner-directory,BR,false,tandem-partners.com,free,0
acc_63846128ae0d,2026-03-29T17:33:53Z,owner,true,(organic),BR,false,vertexio.co.uk,free,0
acc_a0dea211f838,2026-04-13T10:57:06Z,admin,false,q3-search,US,false,junocloud.io,free,0
acc_3147110d3135,2026-03-12T14:01:59Z,agent,false,partner-directory,US,false,junosoftware.io,free,0
acc_af9a58945534,2026-07-12T08:46:26Z,agent,false,q3-search,NL,false,yahoo.com,free,0
acc_9ccefb16613d,2026-07-29T06:51:38Z,owner,true,(organic),US,false,stackapp.nl,free,0
acc_f648d36c4c36,2026-02-09T11:47:03Z,owner,true,docs,US,false,atlasdigital.com,free,0
acc_52992c2ceed0,2026-04-08T06:59:59Z,agent,false,q3-search,GB,false,tandem-software.co.uk,free,0
acc_e72985e84618,2026-03-05T16:42:05Z,agent,false,partner-directory,US,false,gmail.com,free,0
acc_a83d93390b9a,2026-03-15T15:18:58Z,agent,false,q3-search,IE,false,marlowpartners.co.uk,free,0
acc_019c0db4d2c0,2026-06-11T07:35:33Z,agent,false,(direct),US,false,quill-app.com,free,0
acc_d4f835f0fb44,2026-05-04T13:14:00Z,owner,true,partner-directory,US,false,summithq.com,free,0
acc_3d801444768e,2026-02-24T13:47:10Z,owner,true,(organic),DE,false,proton.me,starter,49
acc_9328f9c1d94d,2026-03-23T11:52:03Z,agent,false,partner-directory,GB,false,hotmail.com,free,0
acc_6d73a1f56f74,2026-05-21T20:52:16Z,owner,true,partner-directory,DE,false,gmail.com,free,0
acc_56bf6410e667,2026-03-26T15:27:33Z,agent,false,q3-search,IE,false,glideco.co,free,0
acc_148e78ac429b,2026-03-01T22:16:43Z,owner,true,(direct),ES,false,pier-io.co.uk,free,0
acc_8ee19f5a497e,2026-06-08T10:33:02Z,agent,false,(organic),US,false,pier-tech.co.uk,free,0
acc_47c12145619f,2026-04-26T16:34:12Z,owner,true,docs,ES,false,hotmail.com,free,0
acc_1ce5cf4c0e39,2026-07-04T13:15:31Z,owner,true,q3-search,DE,false,harbor-digital.nl,free,0
acc_9c5d0328bf0e,2026-05-02T16:33:59Z,owner,true,(organic),CA,false,tempotech.net,free,0
acc_0f463bab0d9a,2026-02-18T14:44:23Z,agent,false,partner-directory,PL,false,atlas-labs.de,free,0
acc_e60178fdef74,2026-06-12T23:41:36Z,agent,false,q3-search,US,false,hotmail.com,free,0
acc_b380d049a937,2026-04-25T23:54:10Z,agent,false,(direct),US,false,latticeworks.net,free,0
acc_a3bd85245cb8,2026-07-07T16:57:38Z,agent,false,q3-search,US,false,veranocloud.co.uk,free,0
acc_b1ba8e6576ae,2026-03-20T13:42:40Z,agent,false,(organic),SG,false,tempotech.net,free,0
acc_fbb891931d79,2026-06-30T15:58:50Z,admin,false,docs,US,false,orbitsolutions.nl,free,0
acc_0dc3662429c0,2026-04-24T15:21:37Z,agent,false,(organic),CA,false,outlook.com,free,0
acc_67ffc8a67c15,2026-02-09T08:18:47Z,agent,false,(organic),IN,false,gmail.com,free,0
acc_3131ecf4aa66,2026-06-20T09:16:41Z,agent,false,(direct),DE,false,stackgroup.de,free,0
acc_83529df32f96,2026-05-10T07:53:17Z,agent,false,docs,ES,false,alpinestudio.io,free,0
acc_19ec897757e8,2026-06-30T15:08:17Z,agent,false,(organic),US,false,coppersoftware.net,free,0
acc_6b8d7cdac649,2026-03-22T08:55:28Z,agent,false,(organic),IN,false,proton.me,free,0
acc_fc9d9de2b4e5,2026-02-11T06:39:46Z,owner,true,partner-directory,IE,false,quill-solutions.com,free,0
acc_6549926cd870,2026-03-08T11:05:03Z,agent,false,(direct),DE,false,ridgeapp.nl,free,0
acc_c534b470404f,2026-07-27T22:19:34Z,owner,true,docs,US,false,forge-io.ai,free,0
acc_d35da3a1dac6,2026-05-17T15:05:38Z,owner,true,(direct),FR,false,verano-software.co,free,0
acc_1b4d691f9bcc,2026-03-02T22:21:48Z,agent,false,q3-search,GB,false,forge-works.co.uk,free,0
acc_2d7a49adf1f2,2026-07-15T12:05:24Z,agent,false,(direct),NL,false,nimbusapp.net,free,0
acc_bae845424f23,2026-03-26T16:05:58Z,agent,false,q3-search,BR,false,tempoco.com,free,0
acc_67d5e9108a3a,2026-06-12T02:50:15Z,agent,false,q3-search,DE,false,proton.me,free,0
acc_477d4e7653e6,2026-02-18T17:48:38Z,agent,false,q3-search,US,false,icloud.com,free,0
acc_adb51bb15062,2026-04-13T14:05:58Z,owner,true,(organic),NL,false,summitworks.de,free,0
acc_1821c76de1e5,2026-07-28T11:30:30Z,admin,false,(direct),US,false,outlook.com,free,0
acc_77961db2ffea,2026-02-28T11:25:32Z,agent,false,(organic),DE,false,proton.me,free,0
acc_0a58a02dc7c4,2026-05-07T10:37:09Z,agent,false,(organic),AU,false,nimbuspartners.ai,free,0
acc_0b5e8c550c35,2026-02-14T14:41:14Z,agent,false,(direct),US,false,onyx-co.co,free,0
acc_fe4d4c7cbb81,2026-02-07T00:45:16Z,owner,true,(organic),US,false,harbor-studio.com,free,0
acc_b07f25aae3f4,2026-03-21T13:40:52Z,agent,false,partner-directory,US,false,tandem-app.co,free,0
acc_66ff486fa3fa,2026-06-15T08:03:04Z,owner,true,(direct),US,false,meridiansolutions.ai,starter,49
acc_d6f213974427,2026-05-31T09:29:10Z,agent,false,partner-directory,SG,false,pier-group.net,free,0
acc_8e227747766b,2026-05-15T16:16:10Z,owner,true,docs,SE,false,nimbusstudio.com,free,0
acc_c4a7bbdc778a,2026-02-09T16:19:38Z,owner,true,docs,AU,false,outlook.com,free,0
acc_10a5fd1fbe13,2026-02-16T19:37:46Z,agent,false,(organic),DE,false,outlook.com,free,0
acc_091e520b8f13,2026-02-14T09:16:24Z,owner,true,q3-search,IN,false,onyxpartners.com,free,0
acc_049aba21435e,2026-03-31T16:09:02Z,admin,false,(organic),IN,false,basillabs.nl,free,0
acc_54805b28bcba,2026-07-30T11:55:55Z,owner,true,docs,US,false,basil-systems.com,free,0
acc_f3b1ee510291,2026-05-15T13:52:10Z,owner,true,(organic),US,false,hotmail.com,free,0
acc_caf6485072d6,2026-06-01T13:17:00Z,agent,false,(direct),IE,false,stackhq.co,free,0
acc_71a61bf79f7e,2026-06-20T14:46:48Z,agent,false,(organic),GB,false,alpine-io.co,free,0
acc_742e40e36942,2026-07-02T15:36:42Z,agent,false,(direct),DE,false,nimbus-labs.de,free,0
acc_6fd61846c201,2026-02-15T07:57:47Z,admin,false,partner-directory,US,false,harborworks.io,free,0
acc_ce5dfd684664,2026-03-04T19:02:18Z,agent,false,q3-search,CA,false,tandemsoftware.co,free,0
acc_3ea00d37a128,2026-04-06T20:51:38Z,admin,false,(organic),US,false,hotmail.com,free,0
acc_33e513f7444c,2026-04-26T02:49:34Z,admin,false,docs,CA,false,harborsystems.com,free,0
acc_707031538119,2026-07-13T08:31:52Z,owner,true,partner-directory,IE,false,latticehq.com,free,0
acc_1f6e115107b9,2026-03-14T16:50:28Z,admin,false,docs,GB,false,nimbus-digital.nl,free,0
acc_cba4a3264613,2026-07-13T09:47:29Z,agent,false,(organic),US,false,atlasdigital.de,free,0
acc_581ab3f7d009,2026-07-12T18:52:23Z,agent,false,(direct),GB,false,gmail.com,free,0
acc_75204c733562,2026-05-12T20:00:42Z,admin,false,(direct),NL,false,gmail.com,free,0
acc_ebf4a94378fc,2026-03-18T15:21:42Z,agent,false,(organic),US,false,atlastech.co,free,0
acc_f2e48b9bb6a7,2026-06-11T10:15:01Z,agent,false,docs,GB,false,hotmail.com,free,0
acc_edecf61c23d8,2026-06-10T08:48:59Z,agent,false,(direct),NL,false,hotmail.com,free,0
acc_218e51c1d534,2026-05-08T11:03:50Z,admin,false,(organic),CA,false,outlook.com,free,0
acc_8c2d0c6d5512,2026-06-13T14:30:20Z,admin,false,partner-directory,IN,false,meridiantech.com,free,0
acc_66c7fc14617c,2026-03-07T15:47:11Z,agent,false,q3-search,US,false,coppergroup.com,free,0
acc_e51f8427cc69,2026-02-18T18:59:50Z,admin,false,(organic),US,false,proton.me,free,0
acc_3f7b2678a96a,2026-03-27T14:08:30Z,agent,false,q3-search,GB,false,proton.me,free,0
acc_08bd111c20a0,2026-03-17T20:00:41Z,owner,true,docs,PL,false,proton.me,starter,49
acc_03f8599032f7,2026-03-16T19:20:40Z,owner,true,(direct),US,false,tandem-hq.com,free,0
acc_4a1fc1ce6abc,2026-06-12T16:33:50Z,agent,false,(direct),US,false,quillgroup.co,free,0
acc_fca7624d8887,2026-04-03T21:24:53Z,owner,true,docs,IN,false,marlowlabs.io,free,0
acc_f682f84a489c,2026-06-02T17:43:48Z,owner,true,docs,IN,false,tempocloud.com,free,0
acc_b1e3042342a1,2026-02-01T19:04:32Z,agent,false,q3-search,NL,false,gmail.com,free,0
acc_70783c2c5da1,2026-06-29T14:08:40Z,agent,false,docs,GB,false,lumenio.net,free,0
acc_0aa05b5deea6,2026-02-09T16:03:53Z,agent,false,(organic),US,false,yahoo.com,free,0
acc_4fd0cc6d696c,2026-05-27T08:14:20Z,owner,true,docs,FR,false,ridge-partners.ai,starter,49
acc_141aceab9373,2026-04-04T22:36:36Z,agent,false,docs,SE,false,cedar-digital.ai,free,0
acc_dfcdcb3a16c9,2026-04-14T05:39:56Z,admin,false,partner-directory,PL,false,icloud.com,free,0
acc_dea5d1956eac,2026-03-20T12:42:38Z,owner,true,docs,DE,false,onyxdigital.com,free,0
acc_d6d447a2ec9c,2026-04-29T11:09:03Z,owner,true,(organic),AU,false,gmail.com,free,0
acc_caa4ef24da6c,2026-02-10T22:51:59Z,owner,true,q3-search,NL,false,stacksystems.co,free,0
acc_5f064567becb,2026-06-27T17:20:44Z,agent,false,(organic),US,false,forge-cloud.de,free,0
acc_267cce970eac,2026-04-15T17:19:12Z,admin,false,(organic),DE,false,summit-tech.com,free,0
acc_ee17a98ee2f5,2026-05-20T11:13:13Z,admin,false,docs,US,false,proton.me,free,0
acc_7e07c04428f9,2026-03-31T15:39:16Z,owner,true,docs,NL,false,gmail.com,business,399
acc_899d94909602,2026-02-06T18:07:57Z,agent,false,(direct),CA,false,tempoco.com,free,0
acc_a11bccc2ed21,2026-04-12T20:28:10Z,agent,false,(direct),GB,false,quill-io.co,free,0
acc_534ece878813,2026-07-14T12:41:43Z,owner,true,partner-directory,US,false,junolabs.io,free,0
acc_33ba6d2a3b79,2026-05-26T08:50:13Z,agent,false,(organic),US,false,tandemsoftware.nl,free,0
acc_0e0530e750ce,2026-05-16T21:20:43Z,admin,false,(direct),US,false,northsolutions.io,free,0
acc_ebc084af1d1d,2026-02-17T20:12:38Z,agent,false,q3-search,US,false,temposystems.co.uk,free,0
acc_2ee4059b639e,2026-04-22T16:16:27Z,owner,true,docs,US,false,orbit-works.io,free,0
acc_85b66c54bc26,2026-04-11T12:31:27Z,agent,false,partner-directory,NL,false,onyxsoftware.ai,free,0
acc_d3726575395b,2026-03-02T15:59:28Z,admin,false,(organic),BR,false,lumen-hq.nl,free,0
acc_3f99234bd368,2026-06-09T09:27:13Z,admin,false,(organic),CA,false,lumenhq.nl,free,0
acc_a27c4b3e2a89,2026-06-16T09:56:18Z,agent,false,(organic),SE,false,onyx-works.com,free,0
acc_8f98bfecfc29,2026-07-05T00:11:56Z,admin,false,q3-search,DE,false,marlowpartners.com,free,0
acc_53a6e69d01b0,2026-07-24T08:07:53Z,owner,true,(organic),IN,false,atlassoftware.com,free,0
acc_e09635bc165e,2026-06-07T14:30:13Z,owner,true,q3-search,BR,false,outlook.com,free,0
acc_167243a29820,2026-07-21T22:00:19Z,agent,false,partner-directory,US,false,gmail.com,free,0
acc_25330fd5f8f9,2026-05-10T17:59:32Z,owner,true,(organic),GB,false,basil-systems.com,team,149
acc_2b0ab49e3e45,2026-05-17T16:31:34Z,agent,false,(organic),PL,false,basilsystems.co,free,0
acc_26f3aa7da416,2026-02-19T21:27:47Z,agent,false,(organic),DE,false,pierio.ai,free,0
acc_1aef5e84b75b,2026-03-06T16:19:23Z,agent,false,q3-search,NL,false,gmail.com,free,0
acc_c7af506b4cc1,2026-05-17T09:25:58Z,owner,true,docs,DE,false,copper-labs.com,free,0
acc_4a64a3f06363,2026-05-10T12:31:50Z,owner,true,docs,AU,false,bright-app.co.uk,starter,49
acc_f14cfdb7e833,2026-04-09T20:58:47Z,admin,false,(organic),FR,false,junoworks.io,starter,49
acc_7a0c76cb90ae,2026-06-09T23:42:51Z,admin,false,q3-search,NL,false,northco.com,free,0
acc_d56fd7901522,2026-06-23T21:18:32Z,agent,false,partner-directory,CA,false,gmail.com,free,0
acc_577da1ddd22c,2026-07-23T09:05:38Z,owner,true,docs,US,false,summit-app.ai,free,0
acc_3901d22f57d9,2026-04-07T14:17:52Z,agent,false,(direct),US,false,copper-labs.de,free,0
acc_bd78b3821ad7,2026-04-20T17:19:14Z,agent,false,(organic),DE,false,glidedigital.com,free,0
acc_5c3003e64202,2026-05-24T13:12:40Z,admin,false,(direct),CA,false,quill-solutions.com,free,0
acc_42cf71e14fe8,2026-03-11T12:15:55Z,owner,true,docs,IN,false,icloud.com,starter,49
acc_702ce1e02656,2026-02-22T08:31:58Z,admin,false,partner-directory,US,false,hotmail.com,free,0
acc_1e00b88b6988,2026-07-20T12:11:22Z,admin,false,q3-search,ES,false,solacetech.net,free,0
acc_a2359836cae0,2026-05-08T12:13:31Z,agent,false,(organic),SG,false,kestrel-works.net,free,0
acc_6db3bddbf15d,2026-06-18T18:26:25Z,admin,false,partner-directory,AU,false,hotmail.com,free,0
acc_5704bc93f589,2026-03-28T12:18:20Z,owner,true,docs,DE,false,bright-tech.com,free,0
acc_b11b5d95087b,2026-07-04T19:27:48Z,admin,false,partner-directory,CA,false,outlook.com,free,0
acc_aaefe8b6d341,2026-07-10T15:30:51Z,agent,false,(direct),NL,false,tempolabs.nl,free,0
acc_eed4b903cec9,2026-07-16T02:37:40Z,agent,false,q3-search,SG,false,junosoftware.nl,free,0
acc_507a52ba9a49,2026-03-21T18:26:40Z,agent,false,(organic),DE,false,kestrel-co.com,free,0
acc_d8e7a62084e4,2026-04-12T10:28:58Z,agent,false,partner-directory,IN,false,yahoo.com,free,0
acc_77d0b18bdb3d,2026-07-24T09:58:00Z,admin,false,q3-search,AU,false,proton.me,free,0
acc_0c7e74c98f99,2026-03-31T07:29:52Z,owner,true,(organic),BR,false,tandem-group.co.uk,team,149
acc_f8d38dd1b973,2026-04-05T17:28:54Z,agent,false,(organic),ES,false,pilot-group.co,free,0
acc_1584602138fe,2026-07-06T12:31:05Z,owner,true,docs,IE,false,yahoo.com,free,0
acc_49fd53d14b1d,2026-07-05T08:34:48Z,agent,false,q3-search,US,false,pilotworks.com,free,0
acc_141c47f9d1d4,2026-03-14T17:06:34Z,owner,true,docs,NL,false,marlowco.com,free,0
acc_d0c8740a893e,2026-07-08T09:40:08Z,agent,false,(organic),GB,false,vertexsolutions.com,free,0
acc_93595b881bb6,2026-05-23T19:28:36Z,agent,false,(organic),US,false,harbor-works.io,free,0
acc_ec140775b9da,2026-03-18T16:56:50Z,admin,false,(direct),IN,false,glideco.co,free,0
acc_91f3ae563c43,2026-04-20T19:52:18Z,agent,false,(direct),IE,false,lumen-systems.net,free,0
acc_9edbe1182d0e,2026-05-21T09:08:29Z,owner,true,q3-search,PL,false,yahoo.com,free,0
acc_6549ff6bd3dc,2026-06-03T11:11:48Z,agent,false,(direct),US,false,pierhq.nl,free,0
acc_2b898c84a574,2026-02-21T07:21:57Z,agent,false,q3-search,FR,false,alpinesoftware.net,free,0
acc_e69999bb4abd,2026-07-19T16:40:01Z,agent,false,(organic),PL,false,yahoo.com,free,0
acc_bcd0a5ae8a89,2026-06-02T18:56:34Z,admin,false,(direct),GB,false,solacetech.com,free,0
acc_b8c28fd0ce0b,2026-07-13T09:21:45Z,admin,false,(organic),CA,false,lattice-works.com,free,0
acc_1bce87045da9,2026-05-08T17:50:03Z,owner,true,(organic),BR,false,junosystems.net,free,0
acc_c1bda7c236da,2026-02-16T11:49:51Z,admin,false,(direct),BR,false,yahoo.com,free,0
acc_17ff28c376d7,2026-06-02T18:19:04Z,agent,false,q3-search,IN,false,vertexio.co.uk,free,0
acc_72fe06d568d4,2026-05-12T09:56:00Z,owner,true,partner-directory,BR,false,proton.me,starter,49
acc_ac96136f4fe4,2026-04-08T16:27:49Z,admin,false,partner-directory,AU,false,latticelabs.com,free,0
acc_2040894f3ffd,2026-04-30T20:43:44Z,agent,false,(organic),IN,false,basil-partners.co.uk,free,0
acc_d730cf6a4210,2026-02-08T11:28:54Z,admin,false,(direct),DE,false,latticeapp.com,free,0
acc_fcc40844c8a9,2026-05-25T09:05:16Z,agent,false,docs,DE,false,vertex-studio.co.uk,free,0
acc_cf82b5994402,2026-04-28T11:12:38Z,agent,false,(direct),CA,false,atlasio.com,free,0
acc_9efea80dd7b1,2026-06-02T08:59:05Z,owner,true,docs,US,false,icloud.com,free,0
acc_3d61109ca0d5,2026-07-07T18:22:32Z,admin,false,docs,DE,false,orbit-co.de,free,0
acc_4322ada57fb3,2026-03-17T13:15:23Z,agent,false,q3-search,IN,false,coppergroup.io,free,0
acc_b35699209d5b,2026-06-27T08:23:32Z,agent,false,docs,ES,false,marlowtech.ai,free,0
acc_9500a5d89d34,2026-04-18T14:24:57Z,agent,false,q3-search,BR,false,harbor-partners.com,free,0
acc_2268eb372ef8,2026-04-03T14:17:19Z,agent,false,(organic),US,false,vertex-works.com,free,0
acc_5dadfb1d97cc,2026-06-12T09:40:38Z,agent,false,(organic),GB,false,pilotlabs.co,free,0
acc_29ce98936d19,2026-05-22T16:02:33Z,admin,false,(direct),BR,false,vertex-solutions.co,free,0
acc_6c2920760308,2026-07-14T12:09:07Z,admin,false,docs,US,false,veranocloud.co.uk,free,0
acc_d0f82a4d2bad,2026-04-17T12:51:55Z,owner,true,docs,CA,false,orbit-cloud.net,free,0
acc_16ef12506301,2026-04-05T06:48:50Z,owner,true,(organic),US,false,marlow-solutions.ai,starter,49
acc_ba402c48ec4f,2026-06-03T19:13:02Z,admin,false,docs,AU,false,gmail.com,free,0
acc_ee8521dbd530,2026-02-05T14:39:30Z,admin,false,(direct),ES,false,meridian-solutions.nl,free,0
acc_76417ab54134,2026-03-29T10:17:02Z,owner,true,(direct),BR,false,basilsolutions.co,starter,49
acc_c92127eea490,2026-02-25T09:28:55Z,agent,false,(organic),NL,false,quill-labs.co.uk,free,0
acc_ebb711023145,2026-05-26T07:35:25Z,agent,false,q3-search,US,false,hotmail.com,free,0
acc_db7866644d34,2026-06-29T16:31:31Z,owner,true,q3-search,CA,false,pilotapp.io,starter,49
acc_65ffb9e7a9c0,2026-04-25T09:31:39Z,owner,true,docs,US,false,lumencloud.co,free,0
acc_10c4709e8b59,2026-03-29T17:30:48Z,admin,false,docs,SE,false,coppergroup.com,free,0
acc_965c6e854b6f,2026-07-21T16:43:46Z,agent,false,q3-search,NL,false,ridge-app.io,free,0
acc_fdbe3f507ef0,2026-03-02T10:12:22Z,agent,false,q3-search,GB,false,verano-hq.net,free,0
acc_45ec53e422c6,2026-03-18T10:38:12Z,admin,false,q3-search,IN,false,coppercloud.io,free,0
acc_4ad34b47af4a,2026-05-19T13:41:27Z,agent,false,(direct),PL,false,atlastech.de,free,0
acc_65c4bca63738,2026-04-24T07:15:53Z,agent,false,(organic),PL,false,lumencloud.com,free,0
acc_44828667e029,2026-06-25T15:15:59Z,admin,false,(organic),DE,false,nimbussoftware.de,free,0
acc_e27e2f3394bd,2026-04-28T11:23:16Z,owner,true,docs,FR,false,icloud.com,free,0
acc_d64bc57644e0,2026-06-25T10:44:53Z,owner,true,partner-directory,GB,false,proton.me,free,0
acc_03efd19a9ce4,2026-02-03T20:44:39Z,agent,false,(direct),IN,false,icloud.com,free,0
acc_b7c925b98930,2026-03-30T07:50:57Z,admin,false,(direct),BR,false,gmail.com,free,0
acc_571d2339c9b6,2026-04-04T06:31:46Z,owner,true,(direct),DE,false,pier-io.co.uk,starter,49
acc_6b5691a9d90b,2026-07-03T16:39:41Z,agent,false,q3-search,US,false,meridianpartners.com,free,0
acc_4f9f947a267d,2026-03-05T16:57:50Z,owner,true,partner-directory,IN,false,pilotgroup.com,free,0
acc_f8dbb9716937,2026-03-07T15:56:25Z,agent,false,(organic),AU,false,lumen-studio.de,free,0
acc_5df18db20d35,2026-04-27T16:07:24Z,agent,false,q3-search,CA,false,yahoo.com,team,149
acc_0bd4f7fbd42c,2026-06-17T09:17:06Z,owner,true,(direct),GB,false,icloud.com,team,149
acc_72bfbe17f6f9,2026-03-17T05:45:23Z,owner,true,docs,US,false,cedar-group.com,free,0
acc_4194ff007ba5,2026-03-25T21:25:19Z,agent,false,(organic),US,false,proton.me,free,0
acc_c13928fde7ec,2026-04-29T08:24:35Z,agent,false,q3-search,NL,false,cedarhq.com,free,0
acc_a2f18191d0db,2026-06-09T14:40:48Z,owner,true,docs,GB,false,pier-partners.net,free,0
acc_ca126f77a8c5,2026-04-01T23:59:28Z,agent,false,partner-directory,CA,false,harborstudio.com,free,0
acc_b09701e3d9f6,2026-07-23T15:36:49Z,agent,false,q3-search,SG,false,orbit-tech.net,free,0
acc_e03e4e08409d,2026-07-15T11:28:27Z,admin,false,(direct),BR,false,veranosoftware.ai,free,0
acc_61bc92835def,2026-02-25T19:59:13Z,admin,false,partner-directory,CA,false,basil-software.com,free,0
acc_81af3694050c,2026-04-28T10:28:32Z,agent,false,(direct),US,false,latticegroup.co,free,0
acc_b53d85d93768,2026-04-11T10:26:55Z,agent,false,partner-directory,DE,false,tempodigital.com,free,0
acc_7116c84407c3,2026-06-04T00:29:20Z,agent,false,q3-search,SG,false,junodigital.com,free,0
acc_fcb636c2925b,2026-05-03T15:38:47Z,owner,true,q3-search,US,false,quill-software.ai,free,0
acc_0650c75a85ce,2026-05-30T19:30:00Z,agent,false,(organic),US,false,nimbus-labs.com,free,0
acc_a30ffd6e78c4,2026-03-21T08:19:23Z,owner,true,docs,FR,false,lumen-hq.com,team,149
acc_ce71c08fd060,2026-05-13T02:07:26Z,admin,false,(organic),AU,false,hotmail.com,free,0
acc_b025a85eac61,2026-02-16T12:33:09Z,owner,true,docs,AU,false,hotmail.com,free,0
acc_1961d9e79b21,2026-07-01T20:11:46Z,admin,false,(organic),US,false,glidedigital.net,free,0
acc_a40344fb2d06,2026-02-21T03:14:25Z,agent,false,(direct),IN,false,forgeio.net,free,0
acc_7b0899813b6d,2026-05-21T19:27:04Z,agent,false,q3-search,DE,false,copperworks.de,free,0
acc_eebce33318b8,2026-05-20T15:29:26Z,admin,false,docs,BR,false,hotmail.com,free,0
acc_65c1cad48c2a,2026-05-25T17:06:47Z,owner,true,partner-directory,DE,false,nimbus-software.co.uk,free,0
acc_8fb2502be3fc,2026-03-18T02:58:06Z,admin,false,q3-search,DE,false,marlow-io.io,free,0
acc_3195786c33f4,2026-04-13T23:03:01Z,agent,false,(organic),US,false,proton.me,free,0
acc_672a528e6110,2026-04-21T23:06:20Z,admin,false,docs,PL,false,gmail.com,free,0
acc_8ce847655034,2026-04-25T10:26:35Z,agent,false,q3-search,US,false,alpineworks.co.uk,free,0
acc_c51c30cd135d,2026-04-25T11:03:23Z,owner,true,partner-directory,SE,false,proton.me,free,0
acc_1dd09b0349c4,2026-05-18T14:08:37Z,owner,true,(organic),GB,false,ridgesolutions.nl,free,0
acc_4774d4863f8e,2026-04-03T23:02:16Z,owner,true,q3-search,US,false,alpinesystems.ai,free,0
acc_0a6422074ced,2026-05-24T11:17:43Z,agent,false,(direct),GB,false,atlassoftware.com,free,0
acc_6041ec8e2814,2026-02-08T11:22:29Z,agent,false,(organic),ES,false,proton.me,free,0
acc_fe1110871965,2026-04-09T02:39:27Z,admin,false,(direct),PL,false,northstudio.com,free,0
acc_5e6e803f1720,2026-03-06T00:51:06Z,agent,false,(direct),US,false,hotmail.com,free,0
acc_93c526ac4260,2026-02-11T09:56:15Z,agent,false,q3-search,IN,false,tandemlabs.co,free,0
acc_4bcb107ff999,2026-04-19T15:37:08Z,agent,false,q3-search,DE,false,solace-io.com,free,0
acc_6f1c33c46b71,2026-06-30T16:07:48Z,owner,true,docs,US,false,gmail.com,free,0
acc_87eae464ecdd,2026-05-21T20:45:32Z,admin,false,(organic),PL,false,coppergroup.io,free,0
acc_24ab0010a67e,2026-06-08T17:00:07Z,agent,false,(organic),DE,false,outlook.com,free,0
acc_cb608bf3a611,2026-06-22T16:06:36Z,owner,true,docs,PL,false,pilotsoftware.co,free,0
acc_d1b6895743d8,2026-03-29T12:27:55Z,agent,false,partner-directory,IN,false,pilotdigital.com,free,0
acc_3015e6e3b4f7,2026-06-09T16:25:50Z,agent,false,(organic),CA,false,harborgroup.co.uk,free,0
acc_1f0808e2980e,2026-06-28T14:44:58Z,agent,false,q3-search,AU,false,hotmail.com,free,0
acc_e3982747baf5,2026-07-17T10:17:16Z,agent,false,partner-directory,NL,false,ridge-group.nl,free,0
acc_aa315a14dbb3,2026-04-02T08:52:16Z,owner,true,q3-search,CA,false,tempocloud.com,free,0
acc_299ad150fe8d,2026-07-27T02:36:39Z,owner,true,docs,DE,false,junoio.com,free,0
acc_067212fff962,2026-02-24T13:24:49Z,agent,false,q3-search,IN,false,stack-group.io,free,0
acc_f6f636855e8b,2026-03-20T03:46:47Z,owner,true,partner-directory,NL,false,harborsoftware.net,free,0
acc_894e2d78bd90,2026-05-23T08:19:33Z,agent,false,q3-search,IE,false,yahoo.com,free,0
acc_d696ce7417e0,2026-06-12T18:15:44Z,admin,false,partner-directory,CA,false,verano-group.com,free,0
acc_cece418a749b,2026-07-20T15:09:07Z,owner,true,partner-directory,NL,false,outlook.com,free,0
acc_ba8ebb57f7c7,2026-03-07T17:08:34Z,admin,false,(organic),US,false,outlook.com,free,0
acc_51456e54a2de,2026-06-10T20:12:20Z,agent,false,q3-search,US,false,meridianapp.net,free,0
acc_b0277819332c,2026-05-15T09:41:04Z,admin,false,partner-directory,CA,false,tempocloud.com,team,149
acc_f4be52d5eeba,2026-06-22T07:43:08Z,agent,false,q3-search,US,false,tempo-solutions.de,free,0
acc_9f83ea6f93bb,2026-07-24T14:55:29Z,admin,false,(organic),IN,false,quill-works.nl,free,0
acc_f191dbc3b9c3,2026-02-20T12:05:47Z,admin,false,docs,BR,false,bright-tech.com,free,0
acc_029e7467a4e4,2026-03-25T18:47:59Z,agent,false,(direct),NL,false,icloud.com,free,0
acc_6e30e1ba39e4,2026-05-11T17:23:34Z,agent,false,docs,US,false,onyx-group.co.uk,free,0
acc_bc6e76a6b721,2026-04-22T11:41:48Z,agent,false,(organic),US,false,marlowgroup.ai,team,149
acc_b3ea5a6c05d7,2026-06-19T19:53:48Z,agent,false,(organic),IN,false,vertexworks.co,free,0
acc_0947384d5bde,2026-07-07T10:54:47Z,owner,true,(organic),AU,false,lumenpartners.com,free,0
acc_7f755eca7ef7,2026-06-05T13:26:49Z,agent,false,(organic),FR,false,veranosoftware.co,free,0
acc_5b90816a428c,2026-07-16T12:04:14Z,agent,false,(organic),US,false,pierio.ai,free,0
acc_31171273f303,2026-03-28T07:09:52Z,owner,true,(organic),AU,false,lumenco.net,starter,49
acc_92a018e58144,2026-05-15T13:43:16Z,owner,true,docs,CA,false,yahoo.com,free,0
acc_437fc856af89,2026-06-05T16:03:37Z,admin,false,(direct),GB,false,marlowpartners.com,free,0
acc_81198ea6ec53,2026-05-17T16:17:03Z,owner,true,(organic),NL,false,outlook.com,free,0
acc_46f39019b179,2026-05-30T11:01:35Z,agent,false,partner-directory,ES,false,basil-group.de,free,0
acc_d0bfd5da3cb4,2026-04-27T15:53:10Z,admin,false,(direct),IN,false,quillsoftware.com,free,0
acc_0f0f36d8addc,2026-05-19T06:04:58Z,owner,true,partner-directory,IN,false,latticeapp.co,free,0
acc_a01a8bf90161,2026-05-14T10:22:27Z,agent,false,docs,ES,false,ridge-io.ai,free,0
acc_9fde77a1bd06,2026-06-07T10:44:36Z,agent,false,q3-search,AU,false,gmail.com,free,0
acc_05a34db66cc9,2026-05-10T07:04:13Z,admin,false,(organic),IN,false,stackco.com,free,0
acc_1afe82ea76ea,2026-02-25T10:47:33Z,agent,false,(organic),DE,false,lumentech.co.uk,free,0
acc_8f83a0eb4613,2026-03-11T18:30:13Z,agent,false,q3-search,NL,false,onyx-hq.com,free,0
acc_49fe359ac4eb,2026-03-29T09:56:57Z,owner,true,(organic),IN,false,summit-co.ai,free,0
acc_69e58f375280,2026-02-23T11:51:26Z,admin,false,(organic),SE,false,solaceapp.ai,free,0
acc_5f1180ba5018,2026-03-14T19:18:56Z,admin,false,(organic),PL,false,tempoapp.co,free,0
acc_e29b53d5a2a6,2026-07-23T14:55:08Z,owner,true,docs,ES,false,gmail.com,free,0
acc_5c5461593799,2026-02-23T22:14:22Z,owner,true,partner-directory,BR,false,vertex-partners.com,free,0
acc_e80a268da096,2026-07-10T12:30:59Z,agent,false,(organic),CA,false,proton.me,free,0
acc_0194acfe5c1f,2026-03-21T12:31:14Z,admin,false,docs,US,false,kestrelworks.de,free,0
acc_9ae49a65307d,2026-02-21T23:44:20Z,owner,true,q3-search,US,false,cedar-digital.ai,business,399
acc_3dfc5ecde1c8,2026-05-03T10:36:06Z,owner,true,q3-search,SE,false,yahoo.com,free,0
acc_b89f3a7f00c8,2026-06-02T08:19:44Z,admin,false,docs,GB,false,yahoo.com,free,0
acc_1169a627f088,2026-03-05T13:05:37Z,admin,false,docs,GB,false,veranoworks.net,free,0
acc_f46bf3b412cd,2026-07-14T16:53:04Z,owner,true,(direct),DE,false,lattice-cloud.co,free,0
acc_80c0638d7422,2026-06-23T11:07:24Z,owner,true,(organic),PL,false,ridgeapp.nl,free,0
acc_260dc4310b77,2026-04-15T06:52:40Z,admin,false,(direct),US,false,marlowsoftware.de,free,0
acc_0af7ed6873ff,2026-05-23T18:07:47Z,agent,false,q3-search,GB,false,harborco.com,free,0
acc_62a4b4a29bae,2026-07-08T20:24:06Z,agent,false,(organic),IN,false,marlowpartners.com,free,0
acc_a36a0641e20d,2026-03-15T17:54:21Z,admin,false,(organic),FR,false,juno-tech.co,free,0
acc_56db63f37f45,2026-03-25T05:24:26Z,agent,false,(organic),ES,false,tandem-partners.net,free,0
acc_c090c16391df,2026-06-28T02:37:48Z,agent,false,q3-search,BR,false,alpinehq.nl,free,0
acc_0b1522fa7dc9,2026-03-22T19:05:28Z,agent,false,docs,US,false,solacestudio.net,free,0
acc_5b501af56ed2,2026-05-06T13:39:35Z,admin,false,(organic),GB,false,kestrel-works.ai,team,149
acc_e4f7ddc55ace,2026-02-13T09:46:51Z,agent,false,(organic),US,false,lumencloud.co,free,0
acc_b58abe791eae,2026-02-15T20:17:24Z,agent,false,q3-search,GB,false,gmail.com,free,0
acc_18dcf6ce3e55,2026-05-04T16:11:57Z,admin,false,partner-directory,CA,false,yahoo.com,starter,49
acc_1527865db061,2026-07-26T10:39:52Z,agent,false,(organic),GB,false,pilot-co.com,free,0
acc_a99e6992d34d,2026-06-04T11:27:58Z,agent,false,partner-directory,AU,false,hotmail.com,free,0
acc_88b00f2839fb,2026-03-13T14:55:21Z,owner,true,docs,US,false,atlaspartners.nl,free,0
acc_641810e6d17f,2026-07-02T12:09:44Z,admin,false,(direct),IN,false,hotmail.com,free,0
acc_2df2e8cbb0ba,2026-05-16T15:53:10Z,owner,true,docs,FR,false,outlook.com,free,0
acc_819a775cddd4,2026-06-13T20:09:56Z,owner,true,(organic),FR,false,icloud.com,free,0
acc_a40f9c36ab0a,2026-07-06T18:29:06Z,agent,false,q3-search,US,false,marlow-tech.com,free,0
acc_926693e3b2c4,2026-03-20T11:27:20Z,agent,false,(direct),US,false,proton.me,free,0
acc_4e2c9a42f31a,2026-05-17T15:59:14Z,agent,false,(direct),IN,false,tandemsoftware.nl,free,0
acc_f3e2cb64af5a,2026-07-14T10:17:01Z,owner,true,q3-search,DE,false,proton.me,free,0
acc_d19287b5f69c,2026-07-07T15:35:35Z,agent,false,q3-search,SE,false,proton.me,free,0
acc_cbb1d8290cfb,2026-02-12T13:56:53Z,owner,true,q3-search,NL,false,outlook.com,free,0
acc_974ff94e361f,2026-03-27T22:34:32Z,admin,false,docs,GB,false,solace-solutions.com,free,0
acc_16ea045edcb9,2026-06-01T17:22:47Z,agent,false,docs,GB,false,kestrel-tech.com,free,0
acc_7578458c8859,2026-04-30T20:01:32Z,admin,false,(organic),US,false,lattice-studio.co.uk,free,0
acc_0ec085ea4b28,2026-06-06T13:45:03Z,agent,false,q3-search,DE,false,lumen-app.com,free,0
acc_0d2ca21e4398,2026-04-19T17:54:45Z,owner,true,docs,IN,false,harbor-digital.nl,free,0
acc_9571a8615436,2026-05-07T13:51:24Z,agent,false,(organic),IN,false,atlasstudio.co,free,0
acc_58e1b5bbbedc,2026-07-23T19:33:18Z,admin,false,q3-search,GB,false,hotmail.com,free,0
acc_3adb344a5ac1,2026-07-03T08:05:58Z,agent,false,q3-search,SG,false,marlow-digital.nl,free,0
acc_af0b27fa7ed9,2026-03-24T17:03:36Z,owner,true,(direct),CA,false,harborsystems.net,free,0
acc_788029ee73b5,2026-06-20T22:38:58Z,admin,false,(organic),US,false,meridianapp.net,free,0
acc_265784b88928,2026-02-06T21:14:18Z,admin,false,docs,US,false,proton.me,free,0
acc_7f1e5a71e4c2,2026-05-15T13:00:26Z,owner,true,docs,AU,false,hotmail.com,free,0
acc_c8771f45b4dc,2026-05-19T08:11:43Z,admin,false,(direct),CA,false,marlowgroup.ai,free,0
acc_a547be0719b1,2026-03-31T12:44:42Z,agent,false,q3-search,DE,false,atlas-systems.com,free,0
acc_fed930b1f26f,2026-06-28T16:23:07Z,agent,false,q3-search,NL,false,brightdigital.com,free,0
acc_28afe0792b34,2026-06-12T20:14:21Z,owner,true,(direct),US,false,cedarhq.ai,free,0
acc_066789ea7eb5,2026-05-24T10:04:48Z,owner,true,(organic),US,false,brightio.de,free,0
acc_4acc3798c465,2026-03-26T07:16:42Z,agent,false,(organic),NL,false,lumencloud.com,free,0
acc_71e6f6795510,2026-07-08T17:47:08Z,agent,false,q3-search,DE,false,pilot-co.com,free,0
acc_4dee62cc7ac8,2026-07-06T19:47:12Z,owner,true,(organic),SG,false,alpine-partners.co.uk,free,0
acc_05983ef54fe7,2026-03-18T18:12:26Z,agent,false,docs,US,false,icloud.com,free,0
acc_c952be200d45,2026-02-25T19:26:38Z,agent,false,partner-directory,US,false,meridian-tech.de,free,0
acc_08c4eb83d416,2026-07-04T19:13:11Z,owner,true,(organic),BR,false,basil-group.de,free,0
acc_ce69bc026557,2026-02-22T06:16:38Z,agent,false,(direct),DE,false,tempoapp.net,free,0
acc_50b31d9d7f95,2026-02-20T13:12:14Z,admin,false,(organic),GB,false,basil-works.nl,free,0
acc_4579ff168ff1,2026-02-07T07:28:16Z,agent,false,(organic),DE,false,basil-studio.co,free,0
acc_c8d2ba93f23d,2026-05-26T23:56:09Z,agent,false,(organic),US,false,bright-co.com,free,0
acc_044895cc06cc,2026-02-10T16:32:26Z,agent,false,q3-search,DE,false,cedartech.com,free,0
acc_9045512cb71d,2026-07-30T03:47:42Z,owner,true,(direct),NL,false,veranoapp.ai,free,0
acc_80c87eae400f,2026-07-12T18:56:27Z,agent,false,(direct),US,false,marlow-solutions.ai,free,0
acc_0d08dfbbd7e1,2026-04-12T11:50:47Z,owner,true,(direct),BR,false,copper-works.com,free,0
acc_fccb665c5f1b,2026-06-01T08:03:52Z,admin,false,q3-search,AU,false,summitsolutions.nl,free,0
acc_defa93275b7d,2026-06-29T11:41:51Z,agent,false,q3-search,FR,false,vertexgroup.co,free,0
acc_c9d9dacca7fb,2026-07-27T23:18:43Z,owner,true,partner-directory,CA,false,stackgroup.de,free,0
acc_1b40dbc62b7a,2026-03-20T13:57:06Z,owner,true,(direct),US,false,harborsolutions.net,free,0
acc_18707d74c77b,2026-02-17T14:01:16Z,owner,true,docs,DE,false,ridgesolutions.com,free,0
acc_ac362114f367,2026-07-05T09:21:34Z,agent,false,(organic),NL,false,coppersoftware.net,free,0
acc_bd392190a2fd,2026-05-09T17:14:29Z,agent,false,q3-search,ES,false,copperlabs.net,free,0
acc_2c590caec512,2026-05-20T16:59:05Z,owner,true,(organic),FR,false,cedario.co.uk,free,0
acc_153cada297bb,2026-02-25T17:19:40Z,owner,true,q3-search,US,false,forge-labs.co.uk,free,0
acc_c2ef6b449b06,2026-07-24T07:55:44Z,owner,true,docs,DE,false,outlook.com,free,0
acc_eb805430bcb8,2026-04-24T10:40:40Z,owner,true,docs,SE,false,copper-tech.co,starter,49
acc_061654e9e8f6,2026-06-17T11:03:14Z,agent,false,partner-directory,GB,false,icloud.com,free,0
acc_b73b3ee6310a,2026-07-22T11:40:27Z,owner,true,partner-directory,CA,false,nimbus-labs.de,free,0
acc_4e07bc894c85,2026-05-08T09:58:48Z,owner,true,q3-search,US,false,lattice-labs.io,free,0
acc_238ec5ddd445,2026-07-02T10:28:58Z,agent,false,(direct),ES,false,icloud.com,free,0
acc_097d82d19ad3,2026-07-11T09:22:42Z,agent,false,(direct),AU,false,proton.me,free,0
acc_bfd24f8349e4,2026-06-08T08:01:18Z,agent,false,(organic),CA,false,northsolutions.net,free,0
acc_c7523f22f87e,2026-03-21T15:41:52Z,agent,false,(organic),GB,false,tempo-software.net,free,0
acc_833dc5e7728f,2026-04-04T14:15:48Z,agent,false,q3-search,CA,false,proton.me,free,0
acc_84bfa89ec0c7,2026-02-25T07:19:00Z,admin,false,(direct),AU,false,alpinecloud.net,free,0
acc_2489d21dd7b6,2026-05-06T14:02:10Z,agent,false,(direct),DE,false,solaceapp.io,free,0
acc_dc12418717fa,2026-03-09T12:54:03Z,agent,false,(organic),GB,false,nimbus-io.ai,free,0
acc_4ebbf3c190b7,2026-03-25T23:14:01Z,owner,true,q3-search,DE,false,latticeapp.co,free,0
acc_90767bfdefbe,2026-02-24T08:33:28Z,agent,false,q3-search,US,false,hotmail.com,free,0
acc_f09bd6e4b5d7,2026-04-08T09:51:20Z,agent,false,partner-directory,IN,false,gmail.com,free,0
acc_22740c9c0aec,2026-05-01T16:35:54Z,agent,false,q3-search,GB,false,lumenstudio.net,business,399
acc_dddcda450c2a,2026-06-02T09:53:41Z,owner,true,partner-directory,US,false,proton.me,free,0
acc_08f92d1d9013,2026-05-12T12:27:19Z,owner,true,docs,GB,false,nimbussoftware.de,free,0
acc_0331c7994ea9,2026-03-18T10:37:47Z,agent,false,q3-search,CA,false,cedarapp.co.uk,free,0
acc_62674c9fd9e7,2026-03-15T07:05:43Z,admin,false,(direct),GB,false,pier-tech.co.uk,free,0
acc_0a6020e6da44,2026-05-06T19:59:20Z,agent,false,q3-search,US,false,proton.me,free,0
acc_2fc908f227bf,2026-03-05T09:30:24Z,agent,false,(organic),IN,false,cedarapp.co.uk,free,0
acc_cda15133c232,2026-03-17T09:29:55Z,owner,true,docs,IN,false,ridge-group.nl,free,0
acc_74e7a7945874,2026-06-12T18:04:58Z,agent,false,(organic),GB,false,tandem-software.com,free,0
acc_c39a8a498b78,2026-03-29T17:53:47Z,owner,true,partner-directory,PL,false,gmail.com,free,0
acc_33a8ad75ce6f,2026-04-15T15:57:59Z,admin,false,q3-search,FR,false,coppergroup.net,free,0
acc_fb98a6e6d17c,2026-04-04T18:19:03Z,agent,false,q3-search,BR,false,quillgroup.io,free,0
acc_cff05b83bc2f,2026-03-09T08:49:02Z,admin,false,docs,GB,false,atlas-app.io,free,0
acc_ddc5a030c362,2026-07-29T13:46:58Z,owner,true,docs,US,false,copper-works.com,free,0
acc_3330de22f491,2026-06-02T08:01:42Z,agent,false,(organic),US,false,pilot-works.co.uk,free,0
acc_dd356c4be5b2,2026-06-08T15:39:39Z,agent,false,q3-search,AU,false,junodigital.com,free,0
acc_af11787e65a1,2026-07-17T17:59:37Z,admin,false,partner-directory,US,false,gmail.com,free,0
acc_c80de9db21b6,2026-02-03T08:59:18Z,agent,false,q3-search,CA,false,outlook.com,free,0
acc_f0748c5f31d6,2026-02-16T15:26:19Z,owner,true,docs,US,false,hotmail.com,free,0
acc_48227d28e456,2026-06-03T10:03:36Z,admin,false,(organic),US,false,proton.me,free,0
acc_2f644c199181,2026-06-19T12:21:33Z,admin,false,(organic),US,false,pilotsolutions.ai,business,399
acc_8ed2a6dd517d,2026-03-11T14:47:23Z,owner,true,(organic),AU,false,atlaslabs.de,free,0
acc_e3b2ab8944e2,2026-07-01T14:46:03Z,owner,true,docs,US,false,northsolutions.io,starter,49
acc_0f38d61fc80b,2026-05-10T08:14:09Z,owner,true,docs,SG,false,outlook.com,starter,49
acc_2b8d33103e63,2026-06-18T16:38:13Z,admin,false,(organic),US,false,juno-io.co,free,0
acc_d4a4f7ac40c9,2026-05-24T17:38:35Z,agent,false,q3-search,US,false,pilotsoftware.com,free,0
acc_591a52c6575c,2026-02-17T11:46:27Z,agent,false,q3-search,GB,false,hotmail.com,free,0
acc_af416e129c91,2026-06-21T11:47:39Z,admin,false,q3-search,US,false,ridgedigital.io,free,0
acc_94163f5608f5,2026-03-16T08:39:15Z,owner,true,docs,DE,false,northstudio.com,free,0
acc_cd089530d625,2026-02-23T08:01:51Z,owner,true,q3-search,PL,false,cedarapp.nl,free,0
acc_c3cfcb381584,2026-07-01T15:58:18Z,admin,false,partner-directory,IN,false,onyx-cloud.com,free,0
acc_cfb32beb6aa6,2026-03-29T11:28:56Z,owner,true,(organic),US,false,lattice-systems.com,free,0
acc_5045fa940fbc,2026-02-03T08:44:50Z,owner,true,docs,US,false,icloud.com,free,0
acc_27a9a0327d0e,2026-03-02T12:03:27Z,agent,false,docs,CA,false,juno-io.co,free,0
acc_70b3595a9a18,2026-07-21T17:50:17Z,admin,false,(organic),US,false,vertexcloud.co.uk,free,0
acc_b9ea2cf254e2,2026-07-15T15:33:14Z,owner,true,q3-search,CA,false,marlow-co.com,free,0
acc_0863f834ae56,2026-03-13T15:14:37Z,owner,true,(organic),ES,false,outlook.com,free,0
acc_5f4aa3b681ca,2026-06-10T18:00:27Z,admin,false,(direct),IN,false,ridge-labs.com,free,0
acc_515836c87ecb,2026-02-27T13:47:35Z,owner,true,docs,NL,false,piercloud.co.uk,free,0
acc_db3a01b5aeed,2026-07-28T08:37:01Z,agent,false,(organic),CA,false,alpineworks.net,free,0
acc_42ad9a1db579,2026-06-21T05:53:22Z,owner,true,(organic),IE,false,latticeworks.net,starter,49
acc_d9c1136acc4c,2026-03-20T16:48:40Z,owner,true,partner-directory,DE,false,marlowhq.ai,team,149
acc_97102da33a11,2026-05-18T13:45:58Z,agent,false,(organic),IN,false,alpinetech.nl,free,0
acc_8c9132424bde,2026-06-01T21:20:40Z,agent,false,(organic),DE,false,proton.me,free,0
acc_3f9a8ae9525d,2026-05-22T10:07:58Z,owner,true,docs,CA,false,lumentech.co.uk,starter,49
acc_8ca4f256406f,2026-07-17T11:54:42Z,agent,false,(direct),US,false,tandem-software.com,free,0
acc_2ff6418f03ab,2026-07-16T16:59:43Z,agent,false,(organic),GB,false,summitsoftware.io,free,0
acc_b3e08fb16a94,2026-07-21T08:08:15Z,owner,true,(direct),PL,false,orbitlabs.com,free,0
acc_62aa649600a8,2026-06-27T08:07:03Z,agent,false,(organic),US,false,yahoo.com,free,0
acc_948a6a505dac,2026-05-30T11:45:35Z,agent,false,docs,DE,false,lumen-group.com,free,0
acc_02f06415a8b0,2026-07-24T09:47:14Z,agent,false,(organic),AU,false,bright-group.nl,free,0
acc_67cef6771c4c,2026-02-20T14:52:21Z,admin,false,(organic),SG,false,veranocloud.co.uk,free,0
acc_e47a29a880e6,2026-04-19T19:22:57Z,admin,false,(organic),US,false,marlow-systems.io,free,0
acc_ee4e637c48fb,2026-03-14T22:23:26Z,owner,true,(organic),IN,false,meridian-cloud.co,free,0
acc_260f6b5332f9,2026-07-26T07:41:17Z,agent,false,docs,NL,false,ridgeapp.nl,free,0
acc_b8700abe24e9,2026-02-24T22:59:03Z,owner,true,q3-search,ES,false,northapp.com,free,0
acc_86421ca28d04,2026-04-21T17:49:15Z,agent,false,q3-search,GB,false,lumen-app.com,free,0
acc_f4c3b81f1986,2026-03-25T07:36:26Z,agent,false,partner-directory,IN,false,meridianpartners.com,free,0
acc_14b8d9493fc0,2026-05-20T10:08:23Z,agent,false,q3-search,US,false,tandemworks.ai,free,0
acc_ab57ecf82ad8,2026-07-10T16:05:03Z,agent,false,q3-search,NL,false,proton.me,free,0
acc_c49d22829de9,2026-06-25T18:18:12Z,admin,false,(organic),AU,false,gmail.com,free,0
acc_1ebefcda7c76,2026-07-31T13:37:45Z,agent,false,(direct),AU,false,pierio.ai,free,0
acc_46cb9a8410c7,2026-07-12T11:58:02Z,admin,false,(organic),US,false,icloud.com,free,0
acc_ea8b8ed120d4,2026-02-26T15:25:03Z,owner,true,docs,US,false,yahoo.com,free,0
acc_3be04720d906,2026-02-27T08:49:54Z,agent,false,q3-search,IN,false,junotech.com,free,0
acc_b8f96652f620,2026-03-16T15:15:19Z,agent,false,partner-directory,GB,false,bright-group.co,free,0
acc_e64f975321aa,2026-03-25T16:44:56Z,agent,false,(organic),NL,false,solaceapp.co.uk,free,0
acc_7472fc0de632,2026-05-11T10:18:48Z,owner,true,(organic),PL,false,lumen-io.ai,free,0
acc_15943ac9cffa,2026-04-09T17:37:06Z,agent,false,(organic),SE,false,vertexsoftware.io,free,0
acc_b15393904afb,2026-06-19T08:33:26Z,agent,false,partner-directory,DE,false,ridge-labs.co,free,0
acc_bd1e013da382,2026-03-02T11:22:26Z,admin,false,q3-search,ES,false,cedar-studio.ai,free,0
acc_d472c73d4a1b,2026-06-06T16:25:32Z,agent,false,(direct),US,false,outlook.com,free,0
acc_07f9ec56dd7b,2026-03-06T12:32:56Z,owner,true,q3-search,IN,false,hotmail.com,free,0
acc_3ecc4bf4eb48,2026-05-31T13:15:30Z,agent,false,(organic),SE,false,yahoo.com,free,0
acc_b44f43e4d191,2026-07-24T14:34:03Z,agent,false,(organic),US,false,yahoo.com,free,0
acc_243a70005395,2026-04-15T19:03:49Z,owner,true,(organic),US,false,icloud.com,free,0
acc_919c32783643,2026-02-08T06:18:08Z,agent,false,(organic),IE,false,juno-tech.co,free,0
acc_8f2572c411ab,2026-06-16T16:57:23Z,agent,false,q3-search,DE,false,kestrelworks.com,free,0
acc_165b0c4b1ecb,2026-07-30T20:11:40Z,agent,false,(direct),ES,false,northtech.nl,free,0
acc_6e4c6a71d4c4,2026-06-13T08:54:26Z,agent,false,q3-search,BR,false,outlook.com,free,0
acc_8ad165ed9087,2026-07-10T21:11:09Z,owner,true,(organic),NL,false,proton.me,business,399
acc_ef1fff6dc24a,2026-05-23T07:42:51Z,agent,false,partner-directory,AU,false,hotmail.com,free,0
acc_89b0536331e4,2026-07-15T17:05:16Z,agent,false,q3-search,US,false,alpinehq.nl,free,0
acc_8c9e0fba2a60,2026-07-02T12:50:46Z,admin,false,q3-search,US,false,quillpartners.de,free,0
acc_bba41d37a264,2026-04-06T20:40:23Z,owner,true,(organic),ES,false,alpine-cloud.nl,free,0
acc_985142053ce0,2026-06-11T09:01:43Z,agent,false,(organic),GB,false,hotmail.com,free,0
acc_b5579df2cd3e,2026-06-25T09:41:03Z,owner,true,docs,IN,false,glide-partners.ai,free,0
acc_b990d5884925,2026-02-02T11:59:49Z,agent,false,q3-search,AU,false,ridgetech.net,free,0
acc_fb1b5f1da1e8,2026-03-30T15:35:30Z,agent,false,q3-search,CA,false,tempo-hq.de,free,0
acc_bdc392fbb840,2026-07-17T20:20:19Z,agent,false,(organic),AU,false,ridgeworks.de,free,0
acc_221c4ad55737,2026-03-10T22:58:28Z,owner,true,(organic),NL,false,pilothq.co.uk,free,0
acc_d4f1fbd64417,2026-06-18T16:38:26Z,agent,false,q3-search,GB,false,hotmail.com,free,0
acc_df8db47635fd,2026-07-14T12:10:51Z,agent,false,(organic),DE,false,northsoftware.com,free,0
acc_9b8aef0d9221,2026-07-21T18:52:07Z,agent,false,q3-search,IN,false,ridgedigital.io,free,0
acc_c01d388c3b74,2026-06-30T08:05:27Z,owner,true,(direct),NL,false,tandemsystems.co.uk,free,0
acc_1f652726e5b9,2026-02-24T14:35:06Z,admin,false,(organic),DE,false,summit-hq.nl,free,0
acc_9e3d093567a5,2026-03-21T15:47:23Z,owner,true,(organic),ES,false,outlook.com,free,0
acc_f79d81fa0ee1,2026-02-27T15:57:41Z,agent,false,(organic),US,false,atlas-digital.com,free,0
acc_ad06ac118e7c,2026-07-09T22:01:57Z,agent,false,(direct),US,false,gmail.com,free,0
acc_d55b08c420a9,2026-06-26T10:08:46Z,admin,false,(organic),BR,false,brightio.ai,free,0
acc_e3ad9b25f866,2026-07-22T01:58:27Z,owner,true,(organic),US,false,yahoo.com,free,0
acc_9dbef2429e2c,2026-07-30T09:48:35Z,admin,false,(organic),CA,false,gmail.com,free,0
acc_0a4ae70dfcb0,2026-03-27T11:24:20Z,owner,true,(organic),CA,false,icloud.com,team,149
acc_c179a218c098,2026-04-03T18:16:00Z,owner,true,docs,ES,false,glide-group.io,free,0
acc_d7ecc62d93f8,2026-03-12T16:49:56Z,admin,false,docs,GB,false,atlascloud.ai,free,0
acc_b97ac696f61f,2026-06-30T09:19:03Z,agent,false,(organic),US,false,tempo-labs.co.uk,free,0
acc_4716c8e3de4a,2026-07-19T20:29:09Z,admin,false,docs,DE,false,alpine-software.co.uk,free,0
acc_fd11187d282d,2026-06-26T13:26:16Z,owner,true,q3-search,DE,false,summit-digital.io,free,0
acc_b133a5b2faa7,2026-04-28T15:47:29Z,agent,false,(organic),NL,false,marlowhq.ai,free,0
acc_5fe4b174d871,2026-07-09T12:03:28Z,owner,true,(organic),NL,false,bright-group.com,free,0
acc_55c8e81e5038,2026-03-18T17:07:26Z,owner,true,q3-search,GB,false,lattice-cloud.co,free,0
acc_b4bec6943d1b,2026-06-24T15:04:17Z,owner,true,(organic),IE,false,lattice-works.co,free,0
acc_110b1da70d31,2026-03-02T09:45:26Z,owner,true,(direct),IE,false,outlook.com,free,0
acc_d8cc4216ff06,2026-02-21T07:36:52Z,admin,false,q3-search,BR,false,juno-studio.de,free,0
acc_277da8067478,2026-06-27T11:02:17Z,admin,false,(direct),AU,false,summit-systems.com,free,0
acc_7fc2b7512354,2026-07-11T15:11:53Z,owner,true,(direct),AU,false,tempotech.io,free,0
acc_84f74935d08d,2026-02-04T19:05:53Z,admin,false,(organic),CA,false,summit-app.co.uk,free,0
acc_3dc022f605eb,2026-03-30T18:28:01Z,admin,false,(organic),IN,false,lattice-works.co,free,0
acc_fb9f0a08dd67,2026-02-14T19:27:44Z,owner,true,(direct),ES,false,kestrel-co.com,free,0
acc_ad4cd5667a8c,2026-07-11T17:08:09Z,admin,false,partner-directory,ES,false,icloud.com,free,0
acc_f9841165bed0,2026-07-29T11:07:12Z,admin,false,partner-directory,CA,false,latticestudio.de,free,0
acc_b897aed92f21,2026-03-26T15:41:16Z,admin,false,(organic),DE,false,kestrelsoftware.com,free,0
acc_e8ad09ccf758,2026-04-04T12:05:54Z,admin,false,q3-search,CA,false,tandem-works.co,free,0
acc_e6545edf6029,2026-02-27T08:12:37Z,admin,false,q3-search,SG,false,veranosoftware.com,free,0
acc_f07b78f3e1cc,2026-06-24T09:32:42Z,admin,false,partner-directory,GB,false,outlook.com,free,0
acc_fd9e9baf79d0,2026-03-19T09:24:12Z,agent,false,(organic),IN,false,piergroup.io,free,0
acc_276fdcee2991,2026-05-30T08:13:31Z,agent,false,(organic),US,false,ridgetech.co.uk,free,0
acc_6da5ac504100,2026-05-31T14:46:26Z,agent,false,(direct),US,false,meridian-labs.com,free,0
acc_708a76299b34,2026-06-07T15:18:48Z,owner,true,(organic),DE,false,forgeio.co.uk,team,149
acc_6b071b654339,2026-04-27T11:24:00Z,owner,true,(organic),US,false,harbor-group.co.uk,free,0
acc_b5fed2ad338a,2026-02-11T20:45:30Z,admin,false,q3-search,US,false,northlabs.de,free,0
acc_4d0764a57f1f,2026-07-04T11:23:02Z,admin,false,(direct),US,false,summitworks.ai,free,0
acc_8db73dc9ffdc,2026-07-12T13:32:49Z,agent,false,q3-search,GB,false,basilapp.net,free,0
acc_ee49357623c8,2026-06-09T14:49:08Z,admin,false,(organic),FR,false,atlasco.com,free,0
acc_eb48230006e3,2026-06-02T16:35:47Z,admin,false,(organic),ES,false,icloud.com,free,0
acc_32b56fa50f6c,2026-07-30T03:48:32Z,owner,true,(direct),US,false,atlasco.com,free,0
acc_6ae36b21fc64,2026-04-14T15:58:00Z,agent,false,(organic),US,false,summitsolutions.co,free,0
acc_d714e674b67f,2026-05-18T09:17:23Z,owner,true,docs,IN,false,alpinesoftware.net,free,0
acc_1a79eb6ac548,2026-05-03T16:44:25Z,agent,false,partner-directory,GB,false,latticeapp.com,free,0
acc_fc7517a50c5b,2026-07-01T22:52:11Z,agent,false,docs,US,false,yahoo.com,free,0
acc_2578d432710e,2026-03-10T14:04:50Z,admin,false,q3-search,SE,false,onyx-hq.com,free,0
acc_25629ad8ac40,2026-07-09T19:33:34Z,agent,false,(organic),US,false,orbitlabs.com,free,0
acc_ab99901d59e1,2026-02-15T09:12:37Z,owner,true,q3-search,NL,false,nimbuspartners.ai,free,0
acc_595fe3432749,2026-07-14T08:48:53Z,agent,false,(organic),US,false,glidegroup.net,free,0
acc_29a5a8de9898,2026-07-16T16:01:09Z,admin,false,(organic),DE,false,hotmail.com,free,0
acc_01eac417520e,2026-02-27T07:24:43Z,owner,true,partner-directory,DE,false,cedarapp.com,free,0
acc_70ca8c8a7ce9,2026-07-30T12:58:29Z,agent,false,q3-search,SG,false,lumen-systems.nl,free,0
acc_af7e5190e159,2026-07-11T15:16:47Z,agent,false,q3-search,DE,false,marlow-io.io,free,0
acc_f8c88066d5a0,2026-07-12T19:49:01Z,owner,true,partner-directory,US,false,kestrelhq.co.uk,starter,49
acc_fc6c37a0b26b,2026-04-24T08:15:52Z,admin,false,docs,US,false,alpine-studio.de,free,0
acc_dba98f4efbc0,2026-05-07T11:18:22Z,owner,true,q3-search,US,false,gmail.com,free,0
acc_6585bc13a0ef,2026-06-19T13:54:16Z,owner,true,(organic),DE,false,forge-group.com,free,0
acc_a4dc059bd879,2026-04-06T07:00:33Z,agent,false,q3-search,GB,false,north-tech.net,free,0
acc_092b16d0f5d6,2026-03-04T09:42:47Z,admin,false,(direct),GB,false,forge-cloud.com,free,0
acc_5a253816691b,2026-07-16T02:43:59Z,owner,true,partner-directory,GB,false,yahoo.com,free,0
acc_19a083051981,2026-07-09T18:09:53Z,agent,false,q3-search,DE,false,tandemio.ai,free,0
acc_52546f3ef929,2026-03-02T21:03:49Z,agent,false,q3-search,DE,false,proton.me,free,0
acc_77d68a2dc879,2026-02-27T20:56:02Z,agent,false,q3-search,IN,false,summitsolutions.nl,free,0
acc_0bbe7d41f149,2026-06-11T01:38:35Z,agent,false,(direct),SE,false,outlook.com,free,0
acc_883960a6d51c,2026-07-22T19:59:52Z,agent,false,(organic),US,false,copper-tech.com,free,0
acc_b8859fbcd29e,2026-03-02T15:43:19Z,owner,true,(direct),IE,false,gmail.com,free,0
acc_6a39e5e517d3,2026-06-05T06:10:47Z,owner,true,partner-directory,CA,false,hotmail.com,free,0
acc_838a98f9d50e,2026-04-28T11:07:24Z,admin,false,partner-directory,GB,false,ridgegroup.io,free,0
acc_93acc0e51348,2026-07-30T09:40:19Z,admin,false,docs,US,false,basilsoftware.com,free,0
acc_f00f7e3c103e,2026-05-23T14:27:28Z,agent,false,partner-directory,AU,false,hotmail.com,free,0
acc_938894a90e33,2026-02-25T01:25:14Z,admin,false,(organic),DE,false,yahoo.com,free,0
acc_95931b414686,2026-07-01T21:16:20Z,admin,false,(organic),IN,false,tandemio.ai,free,0
acc_000e3c90442f,2026-05-31T14:37:18Z,agent,false,(direct),US,false,alpine-cloud.co.uk,free,0
acc_32b4384de225,2026-04-30T09:26:28Z,agent,false,(organic),IN,false,pilot-works.co.uk,free,0
acc_bddfd20c296d,2026-02-08T17:45:02Z,owner,true,q3-search,US,false,hotmail.com,free,0
acc_eb22c033b674,2026-06-30T09:02:55Z,agent,false,(organic),US,false,nimbusgroup.io,free,0
acc_a681627a75e0,2026-06-07T08:41:33Z,admin,false,partner-directory,NL,false,outlook.com,free,0
acc_7adb9580f2d2,2026-06-22T14:54:22Z,agent,false,(organic),CA,false,onyx-software.com,free,0
acc_1e4211e1c1e8,2026-06-17T08:23:33Z,agent,false,partner-directory,IN,false,alpinelabs.com,free,0
acc_43565168ed39,2026-02-22T12:51:40Z,agent,false,q3-search,US,false,summit-solutions.com,free,0
acc_d942ad725052,2026-06-22T20:06:28Z,owner,true,(organic),NL,false,basil-co.co,free,0
acc_945c308366ca,2026-04-24T15:47:22Z,agent,false,(direct),FR,false,stack-cloud.co,free,0
acc_cb452796bd64,2026-02-16T09:36:20Z,owner,true,docs,US,false,cedarco.net,free,0
acc_71d3d27bf11b,2026-06-28T16:10:07Z,agent,false,(organic),US,false,vertexsoftware.io,free,0
acc_baddee44f491,2026-06-09T16:44:16Z,agent,false,q3-search,DE,false,outlook.com,free,0
acc_67193ec78f68,2026-05-07T10:23:13Z,agent,false,partner-directory,GB,false,basillabs.nl,free,0
acc_2cde6d96a540,2026-07-18T19:36:04Z,admin,false,(organic),US,false,marlowgroup.de,free,0
acc_b733d0e634e7,2026-04-03T07:09:44Z,owner,true,docs,US,false,alpinelabs.com,free,0
acc_7e8d19fe0594,2026-06-16T18:51:01Z,agent,false,(organic),DE,false,vertexstudio.de,free,0
acc_36f69569e232,2026-02-20T14:22:34Z,owner,true,docs,DE,false,atlasco.com,free,0
acc_485fc8cc688c,2026-03-31T13:39:45Z,owner,true,(organic),BR,false,summitio.net,free,0
acc_41778030320d,2026-05-18T10:45:20Z,owner,true,docs,IN,false,yahoo.com,free,0
acc_ab11bf2702fe,2026-07-30T14:53:38Z,admin,false,(organic),CA,false,copper-tech.com,free,0
acc_33f13800a88d,2026-06-08T13:01:14Z,agent,false,q3-search,US,false,onyx-works.io,free,0
acc_e8f2f4429ca6,2026-07-15T16:42:32Z,admin,false,docs,US,false,glidedigital.com,free,0
acc_e6f2e5fa674c,2026-02-13T22:37:04Z,admin,false,(organic),BR,false,juno-tech.ai,free,0
acc_8ada8f31ce7a,2026-07-13T12:52:48Z,agent,false,(direct),US,false,meridiantech.co,free,0
acc_32c930115089,2026-07-03T22:38:15Z,admin,false,(organic),BR,false,lumensoftware.com,free,0
acc_a65b792bc216,2026-02-03T12:02:15Z,agent,false,docs,GB,false,meridianapp.net,free,0
acc_f302407c9c6b,2026-03-06T20:36:31Z,owner,true,partner-directory,BR,false,hotmail.com,free,0
acc_a9fb2eee2c49,2026-05-17T11:24:52Z,owner,true,docs,CA,false,proton.me,free,0
acc_9c8ad6c64f8e,2026-06-06T10:33:43Z,owner,true,docs,US,false,verano-software.nl,free,0
acc_f574c39cf57b,2026-06-25T10:57:33Z,agent,false,q3-search,DE,false,solacedigital.nl,free,0
acc_43d5ce023fef,2026-03-20T18:40:55Z,agent,false,(direct),US,false,copper-cloud.de,free,0
acc_fad7cbb71dbb,2026-07-25T09:13:51Z,owner,true,docs,IN,false,tempo-digital.nl,free,0
acc_1693d183f53c,2026-07-07T18:01:02Z,owner,true,docs,GB,false,alpinehq.com,free,0
acc_cb2ba1940c09,2026-02-20T19:49:19Z,admin,false,(organic),GB,false,meridiancloud.de,free,0
acc_d2d914e93912,2026-04-03T08:44:51Z,admin,false,(organic),GB,false,lumentech.nl,free,0
acc_634679b6c7a7,2026-05-20T17:07:21Z,admin,false,(organic),BR,false,lumen-hq.com,free,0
acc_4cfdc6a01742,2026-02-11T10:02:39Z,agent,false,q3-search,DE,false,gmail.com,free,0
acc_e385186da0fa,2026-07-10T18:43:18Z,agent,false,(organic),FR,false,yahoo.com,free,0
acc_8806ffd8db9a,2026-04-11T09:07:07Z,agent,false,partner-directory,NL,false,onyx-labs.com,free,0
acc_7086242d7eae,2026-07-12T23:45:27Z,agent,false,q3-search,NL,false,forge-group.io,free,0
acc_ee7575a1a648,2026-03-05T10:45:26Z,agent,false,(organic),IN,false,gmail.com,free,0
acc_ed3fa893206c,2026-05-26T14:32:39Z,agent,false,(organic),US,false,outlook.com,free,0
acc_b7ffb5b0cc6c,2026-03-10T13:44:46Z,owner,true,(organic),NL,false,outlook.com,free,0
acc_6385c25254a7,2026-02-24T07:57:42Z,admin,false,(organic),BR,false,lumengroup.io,free,0
acc_8ba565140be0,2026-04-10T11:07:28Z,owner,true,partner-directory,GB,false,kestrelsystems.com,free,0
acc_a2e8acb65d01,2026-04-25T17:00:12Z,agent,false,(direct),US,false,forge-co.com,free,0
acc_f04c5199a80b,2026-05-23T05:44:32Z,admin,false,docs,US,false,proton.me,free,0
acc_a0cca43a649b,2026-02-13T13:50:07Z,agent,false,(organic),US,false,piersystems.de,free,0
acc_6db48a8ff560,2026-07-16T05:01:54Z,admin,false,(direct),US,false,outlook.com,free,0
acc_f14bba19828c,2026-07-15T15:38:20Z,agent,false,(direct),US,false,icloud.com,free,0
acc_37acab041ed0,2026-07-19T16:16:54Z,owner,true,(organic),IE,false,kestrel-works.net,free,0
acc_63bf04dd3b88,2026-06-17T17:00:21Z,agent,false,q3-search,US,false,yahoo.com,free,0
acc_66d639932b25,2026-07-07T10:04:50Z,agent,false,partner-directory,CA,false,coppersoftware.net,free,0
acc_156ce7e189bd,2026-07-01T11:47:32Z,owner,true,docs,CA,false,yahoo.com,free,0
acc_0e38ef0287c2,2026-07-18T11:01:05Z,admin,false,docs,US,false,gmail.com,free,0
acc_c2206a36e799,2026-06-16T06:20:01Z,owner,true,docs,GB,false,yahoo.com,free,0
acc_e2dde84b9695,2026-02-21T13:19:22Z,admin,false,(direct),ES,false,glideworks.nl,free,0
acc_e1e22bfb25cf,2026-04-18T16:42:28Z,owner,true,(organic),US,false,gmail.com,free,0
acc_cc1e6a3292d8,2026-03-29T11:27:03Z,agent,false,partner-directory,IN,false,alpinesystems.com,free,0
acc_77665133edc7,2026-07-15T08:35:38Z,admin,false,q3-search,CA,false,stacksystems.ai,free,0
acc_56a0e2727266,2026-02-14T16:00:08Z,owner,true,partner-directory,GB,false,veranoio.co.uk,free,0
acc_fe35708d9535,2026-07-14T13:47:01Z,agent,false,(organic),AU,false,gmail.com,free,0
acc_1bd6b0fd3bbd,2026-02-07T21:20:27Z,agent,false,(organic),PL,false,copperlabs.net,free,0
acc_e2de6cfb8a1f,2026-07-08T21:04:14Z,agent,false,q3-search,FR,false,glide-systems.ai,free,0
acc_087805677ba1,2026-03-14T06:56:15Z,admin,false,(organic),PL,false,kestrel-app.co,free,0
acc_5a327f72d103,2026-07-22T19:26:34Z,agent,false,docs,ES,false,juno-partners.co.uk,free,0
acc_14408e9b12bb,2026-07-05T08:11:40Z,owner,true,partner-directory,DE,false,gmail.com,free,0
acc_93e9ec62c9ae,2026-06-05T19:48:08Z,owner,true,partner-directory,BR,false,glidehq.co,free,0
acc_366bbb6ed219,2026-04-09T15:08:34Z,admin,false,q3-search,IN,false,atlasdigital.de,free,0
acc_662ae6e72b0b,2026-07-05T16:51:36Z,owner,true,(organic),SG,false,onyxco.co,free,0
acc_cb00752f8b3c,2026-06-17T18:24:30Z,admin,false,(organic),PL,false,junocloud.nl,free,0
acc_9bacde58805f,2026-05-15T14:41:24Z,agent,false,q3-search,NL,false,latticegroup.co,free,0
acc_d94174c1162c,2026-07-24T12:04:06Z,agent,false,(direct),ES,false,quill-works.nl,free,0
acc_8f919585dcef,2026-07-05T14:07:14Z,owner,true,(organic),AU,false,ridgetech.net,free,0
acc_0a9ca3e1056a,2026-04-13T09:43:57Z,owner,true,(organic),NL,false,hotmail.com,free,0
acc_4f9a764c482d,2026-07-02T12:00:50Z,admin,false,q3-search,US,false,kestrel-tech.com,free,0
acc_78d674ba2856,2026-02-11T15:16:58Z,agent,false,q3-search,IN,false,yahoo.com,free,0
acc_3b50268ca928,2026-05-22T15:12:03Z,owner,true,docs,CA,false,hotmail.com,free,0
acc_f7dc82525ffa,2026-07-20T14:07:00Z,agent,false,(organic),US,false,icloud.com,free,0
acc_e83e6a47ec1d,2026-05-12T15:56:02Z,owner,true,(direct),NL,true,helply.io,free,0
acc_4288183d8216,2026-05-13T03:03:42Z,owner,true,(direct),US,true,helply-demo.com,free,0
acc_6c8b85fd47a5,2026-06-04T10:13:54Z,owner,true,(direct),NL,true,helply-demo.com,free,0
acc_06cd1acca75c,2026-02-21T15:48:28Z,owner,true,(direct),US,true,helply.io,free,0
acc_dccb021a4b82,2026-05-17T19:10:56Z,owner,true,(direct),NL,true,helply.io,free,0
acc_b065ccc1dca8,2026-07-10T16:02:11Z,owner,true,(direct),NL,true,helply-demo.com,free,0
acc_331596edeb1c,2026-06-07T21:55:46Z,owner,true,(direct),US,true,helply-demo.com,free,0
acc_06be76c8f9de,2026-04-13T10:44:21Z,owner,true,(direct),US,true,helply.io,free,0
acc_39efdca69edc,2026-05-12T09:26:57Z,owner,true,(direct),US,true,helply.io,free,0
acc_9a5959601cad,2026-06-25T21:39:14Z,owner,true,(direct),US,true,helply.io,free,0
acc_4bbfde335868,2026-06-30T20:00:02Z,owner,true,(direct),NL,true,helply-demo.com,free,0
acc_b3fc91234d5b,2026-05-30T08:08:11Z,owner,true,(direct),US,true,helply.io,free,0
acc_fe4f16e3742b,2026-06-12T20:39:19Z,owner,true,(direct),US,true,helply-demo.com,free,0
acc_7436f6bbef33,2026-03-31T00:02:04Z,owner,true,(direct),US,true,helply.io,free,0
acc_14f1b5089476,2026-02-17T22:02:19Z,owner,true,(direct),NL,true,helply.io,free,0
acc_7473aa243f72,2026-07-24T22:24:27Z,owner,true,(direct),NL,true,helply.io,free,0
acc_a75e4320e786,2026-03-25T11:34:44Z,owner,true,(direct),NL,true,helply-demo.com,free,0
acc_93d8d75cd0e2,2026-03-03T08:44:30Z,owner,true,(direct),NL,true,helply-demo.com,free,0
acc_28e2779f0449,2026-02-13T07:32:08Z,owner,true,(direct),US,true,helply.io,free,0
acc_4f728628c67c,2026-05-25T09:20:58Z,owner,true,(direct),NL,true,helply-demo.com,free,0
acc_e97281d9d3b6,2026-04-04T09:13:45Z,owner,true,(direct),NL,true,helply.io,free,0
acc_f1cff6f8f0b3,2026-05-29T06:54:09Z,owner,true,(direct),US,true,helply.io,free,0
acc_2bfa38607c21,2026-07-15T16:00:13Z,owner,true,(direct),NL,true,helply.io,free,0
acc_62cd8d4dd0e6,2026-05-17T06:20:33Z,owner,true,(direct),NL,true,helply.io,free,0
acc_9c460a58af7c,2026-07-02T08:43:59Z,owner,true,(direct),US,true,helply.io,free,0
acc_86d77c07609e,2026-04-19T14:38:24Z,owner,true,(direct),NL,true,helply.io,free,0
acc_c46994bd57b7,2026-07-26T10:06:28Z,owner,true,(direct),NL,true,helply.io,free,0
acc_1e87f185226c,2026-03-11T06:57:44Z,owner,true,(direct),NL,true,helply.io,free,0
acc_ed57e2b24e0f,2026-03-23T13:50:17Z,owner,true,(direct),NL,true,helply.io,free,0
acc_cb73d2b7d2c6,2026-07-19T00:35:31Z,owner,true,(direct),US,true,helply.io,free,0
acc_022c489ddd08,2026-05-01T08:33:15Z,owner,true,(direct),US,true,helply.io,free,0
acc_4bf2e4f47379,2026-03-09T12:29:45Z,owner,true,(direct),NL,true,helply.io,free,0
acc_bedc5e138729,2026-07-03T16:24:29Z,owner,true,(direct),US,true,helply.io,free,0
acc_40d1636557b4,2026-03-13T07:31:32Z,owner,true,(direct),US,true,helply.io,free,0
acc_1d52c2fa6da3,2026-03-03T18:40:00Z,owner,true,(direct),US,true,helply-demo.com,free,0
acc_e38ea96514b6,2026-02-03T18:12:54Z,owner,true,(direct),NL,true,helply.io,free,0
acc_5f67ef93a067,2026-04-14T10:42:45Z,owner,true,(direct),US,true,helply-demo.com,free,0
acc_37913db83b20,2026-07-11T16:57:15Z,owner,true,(direct),US,true,helply-demo.com,free,0
acc_3abd40b56ff5,2026-03-08T11:00:24Z,owner,true,(direct),NL,true,helply.io,free,0
acc_81604399650b,2026-06-27T13:04:06Z,owner,true,(direct),NL,true,helply.io,free,0
acc_2db18f19e56d,2026-05-12T12:33:10Z,owner,true,(direct),NL,true,helply-demo.com,free,0
acc_1927cb33c39b,2026-06-28T08:49:27Z,owner,true,(direct),NL,true,helply.io,free,0
acc_6e91b9e04bc1,2026-02-22T14:00:44Z,owner,true,(direct),NL,true,helply.io,free,0
acc_8804ddcdc719,2026-04-06T08:25:54Z,owner,true,(direct),NL,true,helply.io,free,0
acc_442c7fa356bb,2026-07-08T07:08:31Z,owner,true,(direct),NL,true,helply.io,free,0
acc_43407a39b0c4,2026-02-24T15:33:50Z,owner,true,(direct),NL,true,helply.io,free,0
acc_27fb2e63844e,2026-03-10T11:16:39Z,owner,true,(direct),US,true,helply.io,free,0
acc_35a9e12d2b2b,2026-04-11T13:01:49Z,owner,true,(direct),US,true,helply.io,free,0
acc_cf77e0b82c12,2026-04-19T12:40:09Z,owner,true,(direct),US,true,helply.io,free,0
acc_12cdd5326154,2026-06-15T23:47:11Z,owner,true,(direct),NL,true,helply.io,free,0
acc_6c79a3725b5d,2026-07-15T13:25:14Z,owner,true,(direct),US,true,helply.io,free,0
acc_ea4af89e0e50,2026-07-11T15:45:39Z,owner,true,(direct),US,true,helply.io,free,0
acc_563a9716d10f,2026-03-23T13:59:22Z,owner,true,(direct),NL,true,helply.io,free,0
acc_ee9318dc76a7,2026-06-28T14:17:12Z,owner,true,(direct),US,true,helply.io,free,0
acc_ed26c21eb50f,2026-07-24T18:30:06Z,owner,true,(direct),NL,true,helply-demo.com,free,0
acc_bb79edc9c95a,2026-05-05T15:18:17Z,owner,true,(direct),US,true,helply-demo.com,free,0
acc_f98a655e0f36,2026-05-23T08:38:14Z,owner,true,(direct),US,true,helply-demo.com,free,0
acc_8848bfe5e125,2026-06-08T14:24:14Z,owner,true,(direct),NL,true,helply.io,free,0
acc_819495ab8f2b,2026-05-19T21:14:02Z,owner,true,(direct),NL,true,helply-demo.com,free,0
acc_e658483181a5,2026-04-30T16:10:48Z,owner,true,(direct),US,true,helply.io,free,0
acc_ced825889884,2026-04-25T20:49:27Z,owner,true,(direct),NL,true,helply-demo.com,free,0
acc_3f1c1c1a0ef1,2026-02-15T07:12:07Z,owner,true,(direct),US,true,helply.io,free,0
acc_5464bc43286d,2026-05-23T13:55:17Z,owner,true,(direct),US,true,helply-demo.com,free,0
acc_50a76eff09c6,2026-04-13T13:41:13Z,owner,true,(direct),US,true,helply.io,free,0
acc_471421f66590,2026-07-19T16:47:54Z,owner,true,(direct),NL,true,helply.io,free,0
acc_e59530cc4ae4,2026-06-19T07:23:42Z,owner,true,(direct),US,true,helply.io,free,0
acc_25d5e47bfdda,2026-05-12T09:02:02Z,owner,true,(direct),US,true,helply.io,free,0
acc_7d6b31091f86,2026-04-20T16:16:07Z,owner,true,(direct),US,true,helply.io,free,0
acc_502ed500c0af,2026-04-25T09:01:11Z,owner,true,(direct),NL,true,helply-demo.com,free,0
acc_840eb772f306,2026-05-31T19:36:20Z,owner,true,(direct),NL,true,helply.io,free,0
acc_20c571bbb518,2026-07-21T16:24:30Z,owner,true,(direct),US,true,helply-demo.com,free,0
acc_4e5585d56be0,2026-06-22T06:24:51Z,owner,true,(direct),NL,true,helply.io,free,0
acc_a329ba1db7f5,2026-03-24T08:57:26Z,owner,true,(direct),US,true,helply.io,free,0
acc_aad5bc83ef45,2026-03-19T12:16:53Z,owner,true,(direct),US,true,helply.io,free,0
acc_52c26ac5650f,2026-04-04T14:46:59Z,owner,true,(direct),US,true,helply-demo.com,free,0
acc_b44141a781ea,2026-06-24T00:36:14Z,owner,true,(direct),NL,true,helply.io,free,0
acc_3026a1311c6f,2026-07-04T11:27:23Z,owner,true,(direct),US,true,helply-demo.com,free,0
acc_5258fa1c0ad1,2026-05-09T11:17:56Z,owner,true,(direct),US,true,helply.io,free,0
acc_6c54258e79a8,2026-06-28T08:37:58Z,owner,true,(direct),NL,true,helply.io,free,0
acc_d71569b6a8c7,2026-04-04T19:29:49Z,owner,true,(direct),NL,true,helply-demo.com,free,0
acc_6001a730366a,2026-07-17T16:42:46Z,owner,true,(direct),NL,true,helply.io,free,0
acc_2d44a2d8e1de,2026-02-02T17:12:57Z,owner,true,(direct),US,true,helply.io,free,0
acc_7e57ba8c9c78,2026-07-24T20:49:27Z,owner,true,(direct),NL,true,helply-demo.com,free,0
acc_4539e3ca4f17,2026-03-15T12:26:39Z,owner,true,(direct),NL,true,helply.io,free,0
acc_a0d7fc6f4f3e,2026-04-10T22:26:09Z,owner,true,(direct),US,true,helply.io,free,0
acc_4f6742526c19,2026-06-24T12:56:45Z,owner,true,(direct),NL,true,helply.io,free,0
acc_e74c2606e9c2,2026-03-21T12:28:47Z,owner,true,(direct),NL,true,helply.io,free,0
acc_f071d2437b54,2026-02-08T07:22:04Z,owner,true,(direct),NL,true,helply-demo.com,free,0
acc_146fcb6c6993,2026-03-04T10:43:12Z,owner,true,(direct),US,true,helply.io,free,0
acc_85a380d5d548,2026-04-04T13:33:07Z,owner,true,(direct),US,true,helply-demo.com,free,0
acc_5e977f684d96,2026-06-25T17:01:08Z,owner,true,(direct),NL,true,helply-demo.com,free,0
acc_749dff977fa5,2026-06-21T18:33:19Z,owner,true,(direct),US,true,helply.io,free,0
acc_928153816d88,2026-07-05T13:13:44Z,owner,true,(direct),NL,true,helply.io,free,0
acc_a7add6a72fb8,2026-06-05T10:51:15Z,owner,true,(direct),NL,true,helply.io,free,0
acc_2bc32d66ece8,2026-02-06T10:21:43Z,owner,true,(direct),US,true,helply-demo.com,free,0
acc_8b44a5534195,2026-02-07T19:48:50Z,owner,true,(direct),NL,true,helply.io,free,0
acc_22d5fef02abc,2026-04-07T21:12:43Z,owner,true,(direct),NL,true,helply-demo.com,free,0
acc_0d3f03acf8dd,2026-04-11T00:34:49Z,owner,true,(direct),NL,true,helply-demo.com,free,0
acc_86de5264cf7a,2026-04-03T10:05:15Z,owner,true,(direct),NL,true,helply.io,free,0
acc_944c5a48d9a1,2026-04-04T15:28:31Z,owner,true,(direct),NL,true,helply-demo.com,free,0
acc_0b9e40f0b4d1,2026-07-02T08:27:37Z,owner,true,(direct),US,true,helply-demo.com,free,0
acc_f28635c2792b,2026-06-14T15:39:55Z,owner,true,(direct),NL,true,helply.io,free,0
acc_48b6c1ac8409,2026-07-14T12:42:03Z,owner,true,(direct),NL,true,helply.io,free,0
acc_1d3f78148a9f,2026-07-30T10:50:38Z,owner,true,(direct),US,true,helply-demo.com,free,0
acc_d15440f2d654,2026-07-18T07:13:18Z,owner,true,(direct),NL,true,helply.io,free,0
acc_2300309e7fcf,2026-03-01T18:06:14Z,owner,true,(direct),NL,true,helply-demo.com,free,0
acc_ca815b232e41,2026-06-18T09:25:39Z,owner,true,(direct),NL,true,helply.io,free,0
acc_e5890977f4d8,2026-03-09T09:21:18Z,owner,true,(direct),US,true,helply.io,free,0
acc_2a6b00ceffcd,2026-05-01T15:28:57Z,owner,true,(direct),US,true,helply.io,free,0
acc_9dbccbfbb009,2026-03-31T17:35:07Z,owner,true,(direct),NL,true,helply-demo.com,free,0
acc_e9858010ec44,2026-06-03T12:40:18Z,owner,true,(direct),NL,true,helply-demo.com,free,0
acc_25632018b5b4,2026-07-26T05:16:48Z,owner,true,(direct),NL,true,helply-demo.com,free,0
acc_d71e5c128238,2026-06-27T19:58:43Z,owner,true,(direct),NL,true,helply-demo.com,free,0
acc_f68bec7bcffe,2026-07-10T08:37:50Z,owner,true,(direct),US,true,helply-demo.com,free,0
acc_d6527beab947,2026-07-25T13:39:32Z,owner,true,(direct),US,true,helply.io,free,0
acc_9d15b270f264,2026-02-18T15:10:52Z,owner,true,(direct),NL,true,helply.io,free,0
acc_323b413f5aed,2026-03-26T12:22:21Z,owner,true,(direct),US,true,helply-demo.com,free,0
acc_043f18158f9a,2026-06-02T16:44:29Z,owner,true,(direct),NL,true,helply.io,free,0
acc_c47418dd89fa,2026-07-11T11:14:03Z,owner,true,(direct),NL,true,helply-demo.com,free,0
acc_af43aa2a3f49,2026-06-18T11:43:20Z,owner,true,(direct),US,true,helply-demo.com,free,0
acc_7266bd4be8d5,2026-03-27T15:59:17Z,owner,true,(direct),US,true,helply.io,free,0
acc_75f1b0f71250,2026-07-24T23:33:32Z,owner,true,(direct),US,true,helply-demo.com,free,0
acc_beb58b813472,2026-07-04T09:26:48Z,owner,true,(direct),US,true,helply-demo.com,free,0
acc_e79ec8ff5aa7,2026-07-10T15:12:32Z,owner,true,(direct),US,true,helply.io,free,0
acc_29133cbf9988,2026-07-11T14:40:09Z,owner,true,(direct),US,true,helply-demo.com,free,0
acc_09cb23797a6d,2026-05-07T15:54:55Z,owner,true,(direct),NL,true,helply.io,free,0
acc_b4715b54e0b3,2026-02-10T12:45:38Z,owner,true,(direct),US,true,helply-demo.com,free,0
acc_981d56e8e713,2026-05-29T12:39:08Z,owner,true,(direct),NL,true,helply.io,free,0
acc_9e9027857f59,2026-05-07T11:31:38Z,owner,true,(direct),NL,true,helply.io,free,0
acc_cef7cc203bfb,2026-06-09T08:07:45Z,owner,true,(direct),US,true,helply.io,free,0
acc_ef18a98fcf81,2026-03-27T14:50:01Z,owner,true,(direct),US,true,helply-demo.com,free,0
acc_86f179a6cb82,2026-03-15T15:22:41Z,owner,true,(direct),US,true,helply-demo.com,free,0
acc_0e5052f29f81,2026-03-29T12:56:30Z,owner,true,(direct),NL,true,helply.io,free,0
acc_f1ce25a774a3,2026-04-16T18:51:14Z,owner,true,(direct),US,true,helply-demo.com,free,0
acc_faf02302a3f8,2026-06-20T18:43:40Z,owner,true,(direct),NL,true,helply.io,free,0
acc_09a7ded5c7f2,2026-07-25T13:47:38Z,owner,true,(direct),NL,true,helply.io,free,0
acc_26c20b190156,2026-03-07T14:26:33Z,owner,true,(direct),US,true,helply.io,free,0
acc_1c39efedeec8,2026-04-14T13:07:17Z,owner,true,(direct),US,true,helply-demo.com,free,0
acc_efbc8300aab9,2026-06-26T10:58:02Z,owner,true,(direct),US,true,helply-demo.com,free,0
acc_ae778123bf58,2026-07-25T01:43:34Z,owner,true,(direct),US,true,helply.io,free,0
acc_3f7e9c8933cf,2026-03-30T15:55:54Z,owner,true,(direct),NL,true,helply-demo.com,free,0
acc_e665582b66a4,2026-07-23T10:57:48Z,owner,true,(direct),US,true,helply.io,free,0
acc_4b2eda497758,2026-03-22T09:35:34Z,owner,true,(direct),US,true,helply.io,free,0
acc_65ddda3a9ecf,2026-07-18T11:04:47Z,owner,true,(direct),US,true,helply.io,free,0
acc_fc8c2780b6b4,2026-07-19T19:13:09Z,owner,true,(direct),US,true,helply.io,free,0
acc_78150eace27d,2026-04-20T11:29:10Z,owner,true,(direct),NL,true,helply.io,free,0
acc_860432bfab68,2026-05-21T08:34:23Z,owner,true,(direct),NL,true,helply.io,free,0
acc_91d398a6e0e5,2026-04-08T09:48:44Z,owner,true,(direct),NL,true,helply.io,free,0
acc_00b5a0dca538,2026-06-11T15:40:42Z,owner,true,(direct),NL,true,helply.io,free,0
acc_de815d549180,2026-07-08T10:07:39Z,owner,true,(direct),US,true,helply.io,free,0
acc_81c812cbddd2,2026-05-24T09:14:36Z,owner,true,(direct),NL,true,helply.io,free,0
acc_0c1ac278b848,2026-03-18T17:12:14Z,owner,true,(direct),US,true,helply.io,free,0
acc_8b578f39eaf1,2026-06-27T14:51:19Z,owner,true,(direct),US,true,helply.io,free,0
acc_8d9fbfe39345,2026-05-18T11:45:03Z,owner,true,(direct),US,true,helply-demo.com,free,0
acc_451a9962cf11,2026-05-27T17:52:36Z,owner,true,(direct),NL,true,helply.io,free,0
acc_67d09bbd9470,2026-03-02T15:48:11Z,owner,true,(direct),NL,true,helply.io,free,0
acc_c07ddc19e3d2,2026-02-05T06:04:23Z,owner,true,(direct),US,true,helply-demo.com,free,0
acc_172e6f15f9d8,2026-05-12T16:18:02Z,owner,true,(direct),US,true,helply.io,free,0
acc_1bbc926f748c,2026-03-17T16:22:18Z,owner,true,(direct),US,true,helply.io,free,0
acc_6457e9f1f9bb,2026-06-15T20:04:53Z,owner,true,(direct),US,true,helply.io,free,0
acc_78a2b79932b3,2026-03-13T07:25:21Z,owner,true,(direct),US,true,helply.io,free,0
acc_7e362b3658d7,2026-07-13T14:12:39Z,owner,true,(direct),NL,true,helply.io,free,0
acc_7620a9d5f00a,2026-05-05T17:30:18Z,owner,true,(direct),US,true,helply.io,free,0
acc_8add4d46f792,2026-03-20T15:25:30Z,owner,true,(direct),NL,true,helply.io,free,0
acc_cf93ec916e77,2026-02-26T08:01:20Z,owner,true,(direct),NL,true,helply.io,free,0
acc_951e3ca4f778,2026-06-11T13:30:57Z,owner,true,(direct),US,true,helply-demo.com,free,0
acc_b93e9b714910,2026-03-23T11:28:49Z,owner,true,(direct),US,true,helply.io,free,0
acc_0e1d7fdc9e3f,2026-02-07T12:19:53Z,owner,true,(direct),US,true,helply.io,free,0
acc_9963974b78d5,2026-05-20T21:17:51Z,owner,true,(direct),NL,true,helply-demo.com,free,0
acc_d09452b3a43e,2026-02-09T15:02:01Z,owner,true,(direct),US,true,helply.io,free,0
acc_38225f770b2c,2026-07-31T09:20:38Z,owner,true,(direct),US,true,helply.io,free,0
acc_a9269628d3d3,2026-06-01T23:40:55Z,owner,true,(direct),NL,true,helply-demo.com,free,0
acc_6e1bcbd6326a,2026-04-17T20:31:37Z,owner,true,(direct),NL,true,helply.io,free,0
acc_7463d57fe0f1,2026-06-10T08:13:03Z,owner,true,(direct),US,true,helply.io,free,0
acc_d86221e8f6ab,2026-05-29T09:29:32Z,owner,true,(direct),US,true,helply.io,free,0
acc_a43a3acd3cd0,2026-04-03T13:03:09Z,owner,true,(direct),US,true,helply.io,free,0
acc_a82ce811758f,2026-03-28T23:24:51Z,owner,true,(direct),US,true,helply.io,free,0
acc_dafb4d2b50f4,2026-02-04T08:36:48Z,owner,true,(direct),US,true,helply.io,free,0
acc_a1873cf1ebfe,2026-04-16T16:51:07Z,owner,true,(direct),US,true,helply.io,free,0
acc_9c593dc4d50d,2026-02-09T18:17:22Z,owner,true,(direct),US,true,helply.io,free,0
acc_21e793c7537d,2026-05-10T16:58:26Z,owner,true,(direct),NL,true,helply.io,free,0
acc_de8d953f6927,2026-02-10T19:39:00Z,owner,true,(direct),US,true,helply.io,free,0
acc_733b4cce056f,2026-05-24T18:06:00Z,owner,true,(direct),NL,true,helply.io,free,0
acc_8c2fa7be228f,2026-06-05T17:27:31Z,owner,true,(direct),US,true,helply.io,free,0
acc_cd111cbc3c17,2026-05-19T17:52:33Z,owner,true,(direct),NL,true,helply-demo.com,free,0
acc_622dde466cdc,2026-02-05T07:46:28Z,owner,true,(direct),NL,true,helply.io,free,0
acc_4100b85ccc08,2026-04-01T20:26:07Z,owner,true,(direct),NL,true,helply.io,free,0
acc_db1d2af16d6a,2026-06-17T17:50:46Z,owner,true,(direct),NL,true,helply.io,free,0
acc_86adf0b166c2,2026-06-15T21:32:43Z,owner,true,(direct),US,true,helply.io,free,0
acc_468bf273f628,2026-02-13T12:22:50Z,owner,true,(direct),US,true,helply.io,free,0
acc_ba86d109ae37,2026-04-05T12:45:09Z,owner,true,(direct),NL,true,helply.io,free,0
acc_69c89bc06629,2026-06-28T08:18:29Z,owner,true,(direct),NL,true,helply-demo.com,free,0
acc_9ea6bd738a4b,2026-04-09T13:02:21Z,owner,true,(direct),US,true,helply.io,free,0
acc_f118f2f6e5d1,2026-06-15T00:20:43Z,owner,true,(direct),US,true,helply.io,free,0
acc_fe58a9998f3a,2026-07-17T12:24:04Z,owner,true,(direct),NL,true,helply-demo.com,free,0
acc_99330ffa2d81,2026-03-16T15:59:00Z,owner,true,(direct),US,true,helply.io,free,0
acc_7cda8bcd788b,2026-03-24T08:12:32Z,agent,false,(direct),DE,false,tempmail.io,free,0
acc_5f5861f0fbbe,2026-04-14T12:22:11Z,agent,false,(direct),SG,false,mailinator.com,free,0
acc_f4b8792da6d4,2026-05-07T22:07:38Z,agent,false,(direct),US,false,mailinator.com,free,0
acc_fc5d1dde0871,2026-06-30T23:41:05Z,agent,false,(direct),SG,false,guerrillamail.com,free,0
acc_4d25281be0ff,2026-07-31T08:08:54Z,agent,false,(direct),SG,false,guerrillamail.com,free,0
acc_2bd8ba910f99,2026-07-15T14:39:17Z,agent,false,(direct),IE,false,tempmail.io,free,0
acc_88aac7a8b35a,2026-06-08T11:54:11Z,agent,false,(direct),SG,false,guerrillamail.com,free,0
acc_bd769fb9219c,2026-07-25T16:13:36Z,agent,false,(direct),IE,false,guerrillamail.com,free,0
acc_ed61c8154b7d,2026-06-07T19:53:48Z,agent,false,(direct),SG,false,guerrillamail.com,free,0
acc_d59e8719346a,2026-03-01T12:48:33Z,agent,false,(direct),IE,false,guerrillamail.com,free,0
acc_586dc468fd6b,2026-07-24T17:51:42Z,agent,false,(direct),DE,false,guerrillamail.com,free,0
acc_9eeae6bccac3,2026-06-16T20:09:51Z,agent,false,(direct),NL,false,tempmail.io,free,0
acc_917f5a501609,2026-05-30T09:01:00Z,agent,false,(direct),SG,false,tempmail.io,free,0
acc_22e330a291cf,2026-05-15T14:00:51Z,agent,false,(direct),NL,false,tempmail.io,free,0
acc_57639c433994,2026-06-18T12:59:55Z,agent,false,(direct),DE,false,mailinator.com,free,0
acc_8ae440445ced,2026-05-31T09:33:54Z,agent,false,(direct),IE,false,tempmail.io,free,0
acc_cb22ff344680,2026-06-08T20:18:00Z,agent,false,(direct),US,false,tempmail.io,free,0
acc_0293ae4883d1,2026-06-12T14:55:17Z,agent,false,(direct),SG,false,mailinator.com,free,0
acc_793535f283bc,2026-05-26T13:05:46Z,agent,false,(direct),IE,false,mailinator.com,free,0
acc_3d5537d753f7,2026-07-31T11:56:31Z,agent,false,(direct),US,false,guerrillamail.com,free,0
acc_b5846f468b23,2026-07-06T15:34:35Z,agent,false,(direct),DE,false,tempmail.io,free,0
acc_e8cd44559e65,2026-05-31T12:12:06Z,agent,false,(direct),DE,false,guerrillamail.com,free,0
acc_733545ae86c9,2026-07-12T11:14:51Z,agent,false,(direct),IE,false,guerrillamail.com,free,0
acc_b37a559220eb,2026-07-04T13:27:48Z,agent,false,(direct),SG,false,mailinator.com,free,0
acc_ac7df2c62141,2026-05-27T18:47:55Z,agent,false,(direct),SG,false,tempmail.io,free,0
acc_0cd383d8db21,2026-07-13T11:38:55Z,agent,false,(direct),US,false,guerrillamail.com,free,0
acc_ea68994696d9,2026-06-05T05:22:45Z,agent,false,(direct),NL,false,guerrillamail.com,free,0
acc_3e467346e3c5,2026-07-04T08:12:24Z,agent,false,(direct),DE,false,mailinator.com,free,0
acc_12c23f041799,2026-07-16T09:12:48Z,agent,false,(direct),IE,false,tempmail.io,free,0
acc_88293496a4a1,2026-02-22T22:29:34Z,agent,false,(direct),SG,false,guerrillamail.com,free,0
acc_2aae4cb38b44,2026-07-26T09:33:49Z,agent,false,(direct),IE,false,tempmail.io,free,0
acc_fea0dc2a6b18,2026-07-29T12:07:59Z,agent,false,(direct),IE,false,guerrillamail.com,free,0
acc_efe3c8806233,2026-07-06T05:48:39Z,agent,false,(direct),NL,false,tempmail.io,free,0
acc_2acabc5d91f3,2026-05-22T10:45:57Z,agent,false,(direct),SG,false,tempmail.io,free,0
acc_e407201629f5,2026-03-23T16:43:20Z,agent,false,(direct),DE,false,tempmail.io,free,0
acc_e0153bad7dcb,2026-06-15T19:08:07Z,agent,false,(direct),NL,false,guerrillamail.com,free,0
acc_b27dc8625e90,2026-06-10T11:58:28Z,agent,false,(direct),SG,false,tempmail.io,free,0
acc_2ce49d3bc1bb,2026-07-29T06:14:33Z,agent,false,(direct),NL,false,tempmail.io,free,0
acc_ec67157fa3b7,2026-06-12T18:33:19Z,agent,false,(direct),SG,false,tempmail.io,free,0
acc_6ad4dba7692d,2026-06-10T18:19:21Z,agent,false,(direct),NL,false,mailinator.com,free,0
acc_9eb79cd9a83f,2026-07-28T04:50:55Z,agent,false,(direct),DE,false,tempmail.io,free,0
acc_dc050bb93130,2026-05-27T06:25:51Z,agent,false,(direct),NL,false,guerrillamail.com,free,0
acc_f3f53af37e00,2026-07-15T16:38:22Z,agent,false,(direct),US,false,tempmail.io,free,0
acc_69308c7042f4,2026-05-11T14:47:40Z,agent,false,(direct),DE,false,mailinator.com,free,0
acc_920a82ac122d,2026-06-26T19:01:11Z,agent,false,(direct),IE,false,tempmail.io,free,0
acc_5b5e490ed738,2026-07-15T08:41:06Z,agent,false,(direct),IE,false,guerrillamail.com,free,0
acc_8e078efa60f2,2026-05-24T13:33:07Z,agent,false,(direct),NL,false,tempmail.io,free,0
acc_301dfc479f00,2026-07-20T15:28:42Z,agent,false,(direct),IE,false,guerrillamail.com,free,0
acc_03b5b0317301,2026-07-29T13:37:28Z,agent,false,(direct),DE,false,guerrillamail.com,free,0
acc_f2fd58268b53,2026-06-02T14:49:50Z,agent,false,(direct),US,false,mailinator.com,free,0
acc_c7ba91a6ba99,2026-02-27T23:59:26Z,agent,false,(direct),NL,false,tempmail.io,free,0
acc_712611306b67,2026-05-14T17:44:43Z,agent,false,(direct),US,false,tempmail.io,free,0
acc_400bec0fcb4f,2026-06-12T19:22:42Z,agent,false,(direct),SG,false,mailinator.com,free,0
acc_e133c7e81c3b,2026-07-31T10:20:46Z,agent,false,(direct),DE,false,guerrillamail.com,free,0
acc_d13c86f18a48,2026-06-25T10:45:31Z,agent,false,(direct),US,false,guerrillamail.com,free,0
acc_c85391209a14,2026-07-04T15:22:54Z,agent,false,(direct),IE,false,tempmail.io,free,0
acc_355fc4c1fef5,2026-06-19T14:45:19Z,agent,false,(direct),US,false,mailinator.com,free,0
acc_ac23cc22fa8d,2026-05-19T11:09:50Z,agent,false,(direct),IE,false,mailinator.com,free,0
acc_15db60fa87ac,2026-05-19T11:52:07Z,agent,false,(direct),SG,false,mailinator.com,free,0
acc_625a954c8245,2026-06-05T14:52:49Z,agent,false,(direct),SG,false,mailinator.com,free,0
acc_bdfe8601c404,2026-05-21T10:51:47Z,agent,false,(direct),SG,false,guerrillamail.com,free,0
acc_6bf19b528887,2026-07-11T15:25:26Z,agent,false,(direct),DE,false,mailinator.com,free,0
acc_60580746a285,2026-05-23T18:48:34Z,agent,false,(direct),DE,false,tempmail.io,free,0
acc_014be4668b3f,2026-06-29T09:11:02Z,agent,false,(direct),SG,false,guerrillamail.com,free,0
acc_db06e9f75109,2026-05-28T16:02:51Z,agent,false,(direct),SG,false,tempmail.io,free,0
acc_25c3fd55e232,2026-04-30T19:28:32Z,agent,false,(direct),SG,false,mailinator.com,free,0
acc_421f23896661,2026-05-05T12:49:37Z,agent,false,(direct),NL,false,guerrillamail.com,free,0
acc_1388841f9d78,2026-06-06T13:22:27Z,agent,false,(direct),DE,false,mailinator.com,free,0
acc_8c9f3e105d04,2026-06-09T13:41:22Z,agent,false,(direct),SG,false,tempmail.io,free,0
acc_69b620bb4813,2026-05-19T07:27:54Z,agent,false,(direct),IE,false,tempmail.io,free,0
acc_9ac12c70e13d,2026-04-21T19:08:17Z,agent,false,(direct),DE,false,tempmail.io,free,0
acc_48c4617d988a,2026-05-01T15:11:39Z,agent,false,(direct),US,false,tempmail.io,free,0
acc_1508c94f2883,2026-07-09T15:27:36Z,agent,false,(direct),DE,false,mailinator.com,free,0
acc_ffe8a343218d,2026-07-23T10:01:45Z,agent,false,(direct),SG,false,tempmail.io,free,0
acc_302f2e500aa6,2026-06-02T10:56:00Z,agent,false,(direct),NL,false,mailinator.com,free,0
acc_045e11b96045,2026-05-19T16:22:02Z,agent,false,(direct),IE,false,tempmail.io,free,0
acc_c08e69cf47b7,2026-03-07T08:16:20Z,agent,false,(direct),SG,false,tempmail.io,free,0
acc_da817b767d2f,2026-05-22T22:04:09Z,agent,false,(direct),US,false,guerrillamail.com,free,0
acc_2e1f6f4c538b,2026-03-07T07:01:25Z,agent,false,(direct),SG,false,mailinator.com,free,0
acc_3793df248a17,2026-06-14T17:57:44Z,agent,false,(direct),DE,false,mailinator.com,free,0
acc_a9c5b642b99f,2026-05-01T16:06:28Z,agent,false,(direct),SG,false,tempmail.io,free,0
acc_009bbb7ab4ca,2026-04-13T07:37:14Z,agent,false,(direct),SG,false,mailinator.com,free,0
acc_eafb28a15b8c,2026-03-11T12:36:30Z,agent,false,(direct),US,false,guerrillamail.com,free,0
acc_fc165dc84038,2026-06-05T07:47:30Z,agent,false,(direct),SG,false,tempmail.io,free,0
acc_3c6b17707d34,2026-07-12T11:25:53Z,agent,false,(direct),IE,false,tempmail.io,free,0
acc_776f750f6f62,2026-05-30T11:25:37Z,agent,false,(direct),NL,false,tempmail.io,free,0
acc_52cec12cff21,2026-05-13T13:39:31Z,agent,false,(direct),US,false,guerrillamail.com,free,0
acc_262651eaadb6,2026-07-13T13:29:16Z,agent,false,(direct),SG,false,mailinator.com,free,0
acc_b1e757ddf019,2026-06-04T08:39:56Z,agent,false,(direct),US,false,tempmail.io,free,0
acc_a933f5b1cab6,2026-06-04T17:56:31Z,agent,false,(direct),DE,false,tempmail.io,free,0
acc_985efe9cd704,2026-04-09T11:28:38Z,agent,false,(direct),SG,false,mailinator.com,free,0
acc_f51e6f8dba73,2026-06-19T11:29:17Z,agent,false,(direct),SG,false,guerrillamail.com,free,0
acc_5fcdb0e83f72,2026-07-20T08:37:21Z,agent,false,(direct),NL,false,tempmail.io,free,0
acc_202893e9041d,2026-07-03T08:00:45Z,agent,false,(direct),DE,false,guerrillamail.com,free,0
acc_bb26599116a0,2026-03-08T07:23:09Z,agent,false,(direct),US,false,mailinator.com,free,0
acc_36e7e1a35bf2,2026-04-18T22:10:11Z,agent,false,(direct),DE,false,guerrillamail.com,free,0
acc_1b3605a46ea7,2026-05-10T20:03:36Z,agent,false,(direct),US,false,tempmail.io,free,0
acc_eb297af5fa15,2026-06-01T16:04:35Z,agent,false,(direct),US,false,tempmail.io,free,0
acc_5ace8390db3c,2026-05-27T09:26:26Z,agent,false,(direct),SG,false,tempmail.io,free,0
acc_6b23f0efac08,2026-06-17T22:01:43Z,agent,false,(direct),DE,false,mailinator.com,free,0
acc_5be7fd52870c,2026-05-19T12:52:12Z,agent,false,(direct),IE,false,guerrillamail.com,free,0
acc_3e1f86c952fc,2026-07-17T15:56:24Z,agent,false,(direct),US,false,mailinator.com,free,0
acc_d20f54bf7b55,2026-06-15T06:46:31Z,agent,false,(direct),IE,false,mailinator.com,free,0
acc_e298841759f2,2026-02-04T14:29:08Z,agent,false,(direct),US,false,mailinator.com,free,0
acc_4e3dba193373,2026-05-15T21:09:29Z,agent,false,(direct),US,false,guerrillamail.com,free,0
acc_a4f47f1d90d5,2026-06-25T17:28:45Z,agent,false,(direct),DE,false,mailinator.com,free,0
acc_bf026da56f63,2026-06-25T13:37:33Z,agent,false,(direct),NL,false,mailinator.com,free,0
acc_5679ec057b5a,2026-06-14T22:56:05Z,agent,false,(direct),US,false,guerrillamail.com,free,0
acc_ab176c94a6fc,2026-03-07T15:37:17Z,agent,false,(direct),SG,false,mailinator.com,free,0
acc_bbed80c20bba,2026-05-23T14:31:59Z,agent,false,(direct),NL,false,mailinator.com,free,0
acc_b7d52dea83ea,2026-06-21T10:15:42Z,agent,false,(direct),SG,false,mailinator.com,free,0
acc_4c1496d708e6,2026-02-10T07:59:26Z,agent,false,(direct),US,false,mailinator.com,free,0
acc_aa1a77f55c70,2026-06-25T13:27:13Z,agent,false,(direct),US,false,mailinator.com,free,0
acc_82f87b905b1e,2026-05-06T16:11:24Z,agent,false,(direct),DE,false,tempmail.io,free,0
acc_06d186fd35f5,2026-05-08T07:48:10Z,agent,false,(direct),DE,false,tempmail.io,free,0
acc_3566ea1bfb22,2026-07-04T12:57:59Z,agent,false,(direct),US,false,tempmail.io,free,0
acc_520335b8f71f,2026-07-01T14:12:31Z,agent,false,(direct),US,false,tempmail.io,free,0
acc_bb2faded476d,2026-07-08T15:39:58Z,agent,false,(direct),IE,false,guerrillamail.com,free,0
acc_9016e1b97154,2026-06-04T17:30:40Z,agent,false,(direct),DE,false,mailinator.com,free,0
acc_86e287b19b93,2026-04-21T12:31:18Z,agent,false,(direct),US,false,guerrillamail.com,free,0
acc_86a1122f5b15,2026-07-11T17:30:58Z,agent,false,(direct),US,false,tempmail.io,free,0
acc_3b8b5de8aff7,2026-02-13T21:35:23Z,agent,false,(direct),SG,false,tempmail.io,free,0
acc_23a65ef0b997,2026-07-23T13:55:36Z,agent,false,(direct),DE,false,tempmail.io,free,0
acc_c5ea77588c70,2026-05-10T15:42:58Z,agent,false,(direct),NL,false,guerrillamail.com,free,0
acc_3d4ea4946232,2026-06-03T19:00:55Z,agent,false,(direct),SG,false,mailinator.com,free,0
acc_aa01a3a2b752,2026-05-15T22:10:29Z,agent,false,(direct),SG,false,guerrillamail.com,free,0
acc_9eef905e577b,2026-05-31T14:05:27Z,agent,false,(direct),US,false,guerrillamail.com,free,0
acc_0fae8a246c0d,2026-05-13T14:36:07Z,agent,false,(direct),DE,false,tempmail.io,free,0
acc_2e78522dcfe1,2026-02-14T17:32:24Z,agent,false,(direct),NL,false,tempmail.io,free,0
acc_b74207ef7899,2026-07-07T21:11:15Z,agent,false,(direct),US,false,tempmail.io,free,0
acc_17df18d5146f,2026-05-13T18:25:22Z,agent,false,(direct),SG,false,guerrillamail.com,free,0
acc_b207313105c1,2026-06-18T07:20:43Z,agent,false,(direct),US,false,guerrillamail.com,free,0
acc_215605478b85,2026-07-04T18:34:00Z,agent,false,(direct),US,false,mailinator.com,free,0
acc_f7eeb00d03b1,2026-02-02T14:23:52Z,agent,false,(direct),SG,false,tempmail.io,free,0
acc_05f035ca03aa,2026-05-10T19:54:59Z,agent,false,(direct),IE,false,guerrillamail.com,free,0
acc_9e24f47eea17,2026-06-29T09:12:51Z,agent,false,(direct),NL,false,tempmail.io,free,0
acc_3c945abca8b4,2026-06-11T14:35:37Z,agent,false,(direct),DE,false,mailinator.com,free,0
acc_e8809cf406ea,2026-06-22T19:51:59Z,agent,false,(direct),US,false,tempmail.io,free,0
acc_7f65e49e844f,2026-06-21T00:58:33Z,agent,false,(direct),DE,false,mailinator.com,free,0
acc_2ed6a338d235,2026-06-14T10:28:00Z,agent,false,(direct),DE,false,tempmail.io,free,0
acc_7133d41b6a96,2026-06-18T14:13:47Z,agent,false,(direct),NL,false,mailinator.com,free,0
acc_a29891a979d0,2026-05-24T01:56:33Z,agent,false,(direct),SG,false,guerrillamail.com,free,0
acc_4025a8c4bebf,2026-07-02T19:35:33Z,agent,false,(direct),NL,false,guerrillamail.com,free,0
acc_d7b6737064b4,2026-06-23T16:56:35Z,agent,false,(direct),IE,false,tempmail.io,free,0
acc_35d699997209,2026-07-01T15:03:14Z,agent,false,(direct),DE,false,guerrillamail.com,free,0
acc_e0588d64cfc6,2026-07-22T09:29:39Z,agent,false,(direct),IE,false,mailinator.com,free,0
acc_dff2276abae7,2026-07-18T22:15:41Z,agent,false,(direct),DE,false,tempmail.io,free,0
acc_f3465d72e801,2026-05-30T17:29:04Z,agent,false,(direct),DE,false,guerrillamail.com,free,0
acc_1691a42307eb,2026-06-16T21:44:03Z,agent,false,(direct),DE,false,mailinator.com,free,0
acc_a3a1d8ea4804,2026-05-02T11:08:48Z,agent,false,(direct),SG,false,mailinator.com,free,0
acc_ab0b53f3cba5,2026-07-08T16:43:13Z,agent,false,(direct),DE,false,tempmail.io,free,0
acc_a1bf2a003873,2026-06-14T14:29:44Z,agent,false,(direct),DE,false,tempmail.io,free,0
acc_a29b8e21aeaf,2026-07-26T14:45:54Z,agent,false,(direct),IE,false,tempmail.io,free,0
acc_ecf5304fea1b,2026-06-07T14:25:50Z,agent,false,(direct),SG,false,guerrillamail.com,free,0
acc_72aebb1db038,2026-07-25T08:23:13Z,agent,false,(direct),IE,false,tempmail.io,free,0
acc_a527fd03d60a,2026-07-04T10:15:27Z,agent,false,(direct),IE,false,tempmail.io,free,0
acc_a971d2e23877,2026-06-16T16:10:55Z,agent,false,(direct),SG,false,guerrillamail.com,free,0
acc_4f9ff4b8a8fd,2026-06-28T14:00:02Z,agent,false,(direct),NL,false,mailinator.com,free,0
acc_5b9c39384c42,2026-05-16T08:06:10Z,agent,false,(direct),SG,false,mailinator.com,free,0
acc_8caf948de300,2026-07-16T17:26:23Z,agent,false,(direct),DE,false,tempmail.io,free,0
acc_98d4f00a5902,2026-07-10T11:56:33Z,agent,false,(direct),IE,false,tempmail.io,free,0
acc_ff31bf65555f,2026-06-16T20:28:03Z,agent,false,(direct),SG,false,guerrillamail.com,free,0
acc_5cc50466c3a3,2026-07-26T08:50:53Z,agent,false,(direct),US,false,guerrillamail.com,free,0
acc_07f11cc4a29a,2026-05-06T15:33:33Z,agent,false,(direct),SG,false,mailinator.com,free,0
acc_81e6b743140d,2026-06-13T07:20:08Z,agent,false,(direct),US,false,guerrillamail.com,free,0
acc_d9f88582ee80,2026-06-24T08:00:40Z,agent,false,(direct),US,false,guerrillamail.com,free,0
acc_dfb16a30ed45,2026-06-21T19:37:55Z,agent,false,(direct),DE,false,guerrillamail.com,free,0
acc_b1f60e51658a,2026-07-20T08:51:26Z,agent,false,(direct),SG,false,tempmail.io,free,0
acc_b82242242a6a,2026-07-08T08:48:13Z,agent,false,(direct),NL,false,guerrillamail.com,free,0
acc_82b42f4a5987,2026-06-23T15:02:18Z,agent,false,(direct),SG,false,tempmail.io,free,0
acc_f2003defa6ca,2026-03-18T03:16:46Z,agent,false,(direct),NL,false,tempmail.io,free,0
acc_45ef54027d61,2026-05-08T19:49:45Z,agent,false,(direct),US,false,tempmail.io,free,0
acc_f89ec0a5b652,2026-06-05T18:41:40Z,agent,false,(direct),NL,false,mailinator.com,free,0
acc_2db102a54598,2026-07-11T09:46:57Z,agent,false,(direct),SG,false,tempmail.io,free,0
acc_ff6b6244b11c,2026-07-27T15:47:32Z,agent,false,(direct),SG,false,mailinator.com,free,0
acc_436e10e2e099,2026-04-24T11:43:04Z,agent,false,(direct),IE,false,guerrillamail.com,free,0
acc_ea594fc9ce3f,2026-07-20T21:03:58Z,agent,false,(direct),NL,false,tempmail.io,free,0
acc_97a7ab8b629f,2026-07-27T03:10:31Z,agent,false,(direct),DE,false,guerrillamail.com,free,0
acc_b1fa1b85104f,2026-02-03T10:08:42Z,agent,false,(direct),SG,false,tempmail.io,free,0
acc_b4430a58775e,2026-07-08T15:06:43Z,agent,false,(direct),NL,false,tempmail.io,free,0
acc_90782717ef79,2026-05-19T18:29:12Z,agent,false,(direct),IE,false,mailinator.com,free,0
acc_b06091a48bf3,2026-07-31T21:15:25Z,agent,false,(direct),NL,false,guerrillamail.com,free,0
acc_66b2c46d3949,2026-04-16T09:32:26Z,agent,false,(direct),DE,false,mailinator.com,free,0
acc_466cb741ee3a,2026-07-02T09:09:42Z,agent,false,(direct),NL,false,guerrillamail.com,free,0
acc_055c4000caaf,2026-04-01T16:01:58Z,agent,false,(direct),DE,false,tempmail.io,free,0
acc_0e6827bf32db,2026-07-29T06:34:32Z,agent,false,(direct),IE,false,guerrillamail.com,free,0
acc_6c5cc514e79e,2026-04-19T15:51:29Z,agent,false,(direct),NL,false,mailinator.com,free,0
acc_8e7939cc41e3,2026-03-25T20:35:24Z,agent,false,(direct),US,false,tempmail.io,free,0
acc_add9cef15d5c,2026-07-05T07:50:22Z,agent,false,(direct),SG,false,tempmail.io,free,0
acc_3441968feebb,2026-04-26T16:47:13Z,agent,false,(direct),US,false,mailinator.com,free,0
acc_6ab368b44216,2026-06-21T08:42:20Z,agent,false,(direct),NL,false,guerrillamail.com,free,0
acc_3acc4ba482ca,2026-06-02T12:15:11Z,agent,false,(direct),NL,false,mailinator.com,free,0
acc_0a37a7f95861,2026-05-20T14:18:45Z,agent,false,(direct),US,false,mailinator.com,free,0
acc_cf7ef851a4e8,2026-06-20T20:20:56Z,agent,false,(direct),NL,false,tempmail.io,free,0
acc_564e66d5f508,2026-07-11T06:20:30Z,agent,false,(direct),SG,false,mailinator.com,free,0
acc_10467f7c9563,2026-07-29T21:45:20Z,agent,false,(direct),IE,false,tempmail.io,free,0
acc_5d23b079293d,2026-05-10T15:34:32Z,agent,false,(direct),DE,false,mailinator.com,free,0
acc_dd94ae6994e3,2026-06-22T08:12:18Z,agent,false,(direct),DE,false,guerrillamail.com,free,0
acc_43abf0a64e20,2026-07-03T15:42:42Z,agent,false,(direct),SG,false,tempmail.io,free,0
acc_9f4d1394b224,2026-05-23T13:22:52Z,agent,false,(direct),SG,false,tempmail.io,free,0
acc_d96597cd16f8,2026-07-31T11:38:07Z,agent,false,(direct),SG,false,tempmail.io,free,0
acc_cd3c20a7186b,2026-02-16T10:51:48Z,agent,false,(direct),IE,false,tempmail.io,free,0
acc_af233629183c,2026-05-30T13:34:26Z,agent,false,(direct),DE,false,guerrillamail.com,free,0
acc_69ad24406284,2026-06-09T19:49:45Z,agent,false,(direct),IE,false,guerrillamail.com,free,0
acc_ef47b07ce1b6,2026-03-18T22:28:02Z,agent,false,(direct),SG,false,tempmail.io,free,0
acc_d0c75fb129ad,2026-07-07T17:34:52Z,agent,false,(direct),IE,false,guerrillamail.com,free,0
acc_ebb1744967d3,2026-07-10T07:59:44Z,agent,false,(direct),US,false,guerrillamail.com,free,0
acc_5e3d9919c59f,2026-07-18T11:26:55Z,agent,false,(direct),US,false,mailinator.com,free,0
acc_883261716002,2026-05-14T13:14:34Z,agent,false,(direct),DE,false,guerrillamail.com,free,0
acc_9aec1489361c,2026-05-12T12:06:53Z,agent,false,(direct),NL,false,tempmail.io,free,0
acc_0b929f536c5c,2026-05-04T18:33:24Z,agent,false,(direct),IE,false,guerrillamail.com,free,0
acc_d236313d2908,2026-07-21T11:26:47Z,agent,false,(direct),US,false,tempmail.io,free,0
acc_7d61a69f25fa,2026-05-08T11:59:39Z,agent,false,(direct),SG,false,tempmail.io,free,0
acc_8a294e6ee0f7,2026-03-24T11:22:59Z,agent,false,(direct),NL,false,mailinator.com,free,0
acc_fd277fb98315,2026-06-12T18:33:39Z,agent,false,(direct),IE,false,guerrillamail.com,free,0
acc_8aa723d50a4b,2026-02-02T16:38:05Z,agent,false,(direct),SG,false,tempmail.io,free,0
acc_2632e8c5f84e,2026-05-19T09:27:09Z,agent,false,(direct),DE,false,guerrillamail.com,free,0
acc_4c95b07f42ef,2026-06-22T14:53:40Z,agent,false,(direct),IE,false,mailinator.com,free,0
acc_8718faaba384,2026-04-23T07:18:07Z,agent,false,(direct),US,false,guerrillamail.com,free,0
acc_9f2a9e241ba1,2026-03-08T13:29:41Z,agent,false,(direct),NL,false,mailinator.com,free,0
acc_8f385ebc18d9,2026-05-06T15:49:54Z,agent,false,(direct),US,false,mailinator.com,free,0
acc_0c8154af14dd,2026-07-29T20:32:33Z,agent,false,(direct),SG,false,tempmail.io,free,0
acc_b895ac559e5b,2026-06-17T12:16:35Z,agent,false,(direct),NL,false,tempmail.io,free,0
acc_10d1a7779be9,2026-06-30T21:28:26Z,agent,false,(direct),DE,false,guerrillamail.com,free,0
acc_31c8620ff093,2026-05-24T15:00:36Z,agent,false,(direct),NL,false,tempmail.io,free,0
acc_f2367e839f8d,2026-07-02T10:04:01Z,agent,false,(direct),DE,false,mailinator.com,free,0
acc_ce195636f639,2026-06-21T10:47:50Z,agent,false,(direct),NL,false,guerrillamail.com,free,0
acc_8e3eefa7e78f,2026-06-06T12:49:39Z,agent,false,(direct),US,false,tempmail.io,free,0
acc_5291874f8cd2,2026-04-30T17:43:59Z,agent,false,(direct),DE,false,guerrillamail.com,free,0
acc_b204b82aef9c,2026-07-21T13:24:52Z,agent,false,(direct),US,false,mailinator.com,free,0
acc_1932d0c3ecd6,2026-07-03T22:33:15Z,agent,false,(direct),US,false,guerrillamail.com,free,0
acc_aa5aa994b445,2026-06-05T09:46:06Z,agent,false,(direct),US,false,guerrillamail.com,free,0
acc_76bf13704930,2026-03-08T11:27:07Z,agent,false,(direct),US,false,guerrillamail.com,free,0
acc_9601bea18deb,2026-04-03T13:24:57Z,agent,false,(direct),SG,false,mailinator.com,free,0
acc_5389c49afa27,2026-07-18T19:13:29Z,agent,false,(direct),NL,false,guerrillamail.com,free,0
acc_bea91753da99,2026-04-14T18:43:18Z,agent,false,(direct),IE,false,guerrillamail.com,free,0
acc_99c6e4b5f24b,2026-06-04T07:25:50Z,agent,false,(direct),IE,false,guerrillamail.com,free,0
acc_d6e0ec7cf0a1,2026-05-01T08:47:18Z,agent,false,(direct),US,false,guerrillamail.com,free,0
acc_c3aacead8dc0,2026-05-14T20:30:50Z,agent,false,(direct),SG,false,mailinator.com,free,0
acc_26b1011b3a2a,2026-06-02T21:20:33Z,agent,false,(direct),NL,false,mailinator.com,free,0
acc_3b38e780c0d0,2026-06-25T21:18:09Z,agent,false,(direct),SG,false,mailinator.com,free,0
acc_e27735b6f0cb,2026-05-16T12:20:15Z,agent,false,(direct),NL,false,guerrillamail.com,free,0
acc_1870b4971ad0,2026-06-22T13:51:25Z,agent,false,(direct),US,false,guerrillamail.com,free,0
acc_4cebc7fd45bd,2026-07-27T10:13:33Z,agent,false,(direct),IE,false,tempmail.io,free,0
acc_b9f56298a700,2026-06-05T13:49:43Z,agent,false,(direct),NL,false,mailinator.com,free,0
acc_b53399dd659e,2026-03-18T15:51:48Z,agent,false,(direct),SG,false,guerrillamail.com,free,0
acc_970c71aa7c17,2026-07-22T10:37:04Z,agent,false,(direct),US,false,mailinator.com,free,0
acc_3ac2f52fb7b3,2026-07-20T15:51:37Z,agent,false,(direct),SG,false,mailinator.com,free,0
acc_020c37a12e38,2026-07-21T10:52:17Z,agent,false,(direct),SG,false,mailinator.com,free,0
acc_8a57401b570d,2026-07-04T10:21:32Z,agent,false,(direct),US,false,mailinator.com,free,0
acc_d5fc9fe08bee,2026-04-23T18:33:24Z,agent,false,(direct),US,false,guerrillamail.com,free,0
acc_e89219850645,2026-06-23T23:56:55Z,agent,false,(direct),SG,false,mailinator.com,free,0
acc_786a0e7eefae,2026-06-01T06:34:37Z,agent,false,(direct),DE,false,guerrillamail.com,free,0
acc_6beec3ae7c8d,2026-07-31T01:05:21Z,agent,false,(direct),US,false,tempmail.io,free,0
acc_3e46c2d1f8c8,2026-06-12T09:21:00Z,agent,false,(direct),IE,false,tempmail.io,free,0
acc_35b705e38132,2026-05-13T12:58:11Z,agent,false,(direct),DE,false,guerrillamail.com,free,0
acc_0dddbc63a966,2026-07-19T13:17:36Z,agent,false,(direct),US,false,tempmail.io,free,0
acc_ac8bb6a8a3f0,2026-07-22T17:04:04Z,agent,false,(direct),DE,false,tempmail.io,free,0
acc_feaa4ca88748,2026-06-14T08:12:02Z,agent,false,(direct),SG,false,tempmail.io,free,0
acc_e176f3ccdbbd,2026-04-25T10:32:29Z,agent,false,(direct),IE,false,mailinator.com,free,0
acc_e058125f423c,2026-05-21T14:36:43Z,agent,false,(direct),US,false,tempmail.io,free,0
acc_787f55f1486a,2026-04-12T09:14:33Z,agent,false,(direct),SG,false,guerrillamail.com,free,0
acc_9187d3a0ce6e,2026-05-08T01:04:31Z,agent,false,(direct),DE,false,guerrillamail.com,free,0
acc_5280717828a5,2026-04-03T10:45:27Z,agent,false,(direct),IE,false,tempmail.io,free,0
acc_44a4bded873e,2026-06-19T14:19:57Z,agent,false,(direct),SG,false,guerrillamail.com,free,0
acc_cf5ac5d738b1,2026-06-11T07:40:56Z,agent,false,(direct),DE,false,tempmail.io,free,0
acc_d15df290e852,2026-02-27T06:44:23Z,agent,false,(direct),SG,false,mailinator.com,free,0
acc_6340885d727d,2026-05-25T06:31:29Z,agent,false,(direct),US,false,mailinator.com,free,0
acc_2de48e815523,2026-05-29T12:45:43Z,agent,false,(direct),US,false,guerrillamail.com,free,0
acc_7516e8e5dbc0,2026-06-30T21:23:29Z,agent,false,(direct),IE,false,tempmail.io,free,0
acc_3a1ac6c2349a,2026-06-18T15:03:17Z,agent,false,(direct),NL,false,mailinator.com,free,0
acc_2096a735596f,2026-06-13T09:42:53Z,agent,false,(direct),US,false,tempmail.io,free,0
acc_575e6ba2fc80,2026-05-14T15:10:16Z,agent,false,(direct),DE,false,mailinator.com,free,0
acc_e450c9fe8b6e,2026-06-21T18:29:58Z,agent,false,(direct),SG,false,guerrillamail.com,free,0
acc_bf7310f5661d,2026-05-01T15:46:50Z,agent,false,(direct),NL,false,mailinator.com,free,0
acc_8923c69fffab,2026-04-08T12:37:42Z,agent,false,(direct),IE,false,guerrillamail.com,free,0
acc_d8f5f239bc4d,2026-06-26T08:21:18Z,agent,false,(direct),IE,false,mailinator.com,free,0
acc_8004733e23ef,2026-07-23T18:05:10Z,agent,false,(direct),IE,false,mailinator.com,free,0
acc_8611a6e4567b,2026-06-05T06:21:09Z,agent,false,(direct),NL,false,guerrillamail.com,free,0
acc_cc67823079d3,2026-05-21T14:42:03Z,agent,false,(direct),US,false,mailinator.com,free,0
acc_63f39c5c437d,2026-05-18T22:52:47Z,agent,false,(direct),DE,false,mailinator.com,free,0
acc_3f73a19c9e2f,2026-03-14T07:01:57Z,agent,false,(direct),SG,false,guerrillamail.com,free,0
acc_85fbd3e0e24c,2026-06-13T15:10:50Z,agent,false,(direct),US,false,guerrillamail.com,free,0
acc_5d4c0799e792,2026-05-20T11:00:45Z,agent,false,(direct),IE,false,mailinator.com,free,0
acc_ec3f3992a742,2026-05-12T20:22:07Z,agent,false,(direct),IE,false,mailinator.com,free,0
acc_00d83cdc3a5c,2026-03-26T10:50:32Z,agent,false,(direct),US,false,guerrillamail.com,free,0
acc_ed3cf495b826,2026-07-15T13:30:25Z,agent,false,(direct),NL,false,mailinator.com,free,0
acc_7b453645c87d,2026-05-05T16:24:04Z,agent,false,(direct),IE,false,tempmail.io,free,0
acc_a20d68dd1463,2026-07-29T18:44:51Z,agent,false,(direct),IE,false,guerrillamail.com,free,0
acc_739f30e81f50,2026-05-01T11:56:32Z,agent,false,(direct),DE,false,mailinator.com,free,0
acc_374f7689ca78,2026-07-09T09:03:22Z,agent,false,(direct),US,false,mailinator.com,free,0
acc_ed1d239f42e7,2026-05-08T10:01:42Z,agent,false,(direct),DE,false,guerrillamail.com,free,0
acc_3da78976472d,2026-06-24T14:52:07Z,agent,false,(direct),SG,false,guerrillamail.com,free,0
acc_a41305b0cc66,2026-03-31T12:12:57Z,agent,false,(direct),NL,false,tempmail.io,free,0
acc_b3d108b1cd21,2026-05-30T15:55:56Z,agent,false,(direct),IE,false,guerrillamail.com,free,0
acc_e26c5fb195e2,2026-07-17T18:43:44Z,agent,false,(direct),US,false,tempmail.io,free,0
acc_2cbbfa89ec4f,2026-05-25T07:16:26Z,agent,false,(direct),SG,false,tempmail.io,free,0
acc_b74d53b78fd0,2026-07-17T10:28:37Z,agent,false,(direct),SG,false,tempmail.io,free,0
acc_fc195203c658,2026-05-26T11:49:22Z,agent,false,(direct),NL,false,mailinator.com,free,0
acc_6052805caab2,2026-06-07T21:43:20Z,agent,false,(direct),US,false,guerrillamail.com,free,0
acc_82265c0d2bcc,2026-05-29T10:58:36Z,agent,false,(direct),DE,false,guerrillamail.com,free,0
acc_c77776755fcc,2026-07-12T12:40:19Z,agent,false,(direct),US,false,tempmail.io,free,0
acc_4928617e26e5,2026-05-18T10:53:06Z,agent,false,(direct),SG,false,tempmail.io,free,0
acc_962d952d681b,2026-02-27T16:19:03Z,agent,false,(direct),SG,false,guerrillamail.com,free,0
acc_592befeb8c4e,2026-07-17T19:05:44Z,agent,false,(direct),DE,false,mailinator.com,free,0
acc_488d04ec99f5,2026-07-04T06:56:13Z,agent,false,(direct),US,false,tempmail.io,free,0
acc_42267708f277,2026-06-08T23:45:38Z,agent,false,(direct),NL,false,guerrillamail.com,free,0
acc_55cee025e13c,2026-07-06T09:32:28Z,agent,false,(direct),SG,false,tempmail.io,free,0
acc_11a785fff557,2026-05-06T16:27:42Z,agent,false,(direct),IE,false,tempmail.io,free,0
acc_d583e6503bad,2026-02-23T17:42:22Z,agent,false,(direct),SG,false,guerrillamail.com,free,0
acc_e48dbef40d7c,2026-06-18T15:38:24Z,agent,false,(direct),IE,false,guerrillamail.com,free,0
acc_8dcfbca501e0,2026-04-12T15:55:39Z,agent,false,(direct),SG,false,mailinator.com,free,0
acc_58687d6ed52b,2026-07-16T07:26:17Z,agent,false,(direct),DE,false,mailinator.com,free,0
acc_0f358d539d08,2026-06-19T12:12:24Z,agent,false,(direct),SG,false,tempmail.io,free,0
acc_91367548744a,2026-04-17T13:43:40Z,agent,false,(direct),US,false,tempmail.io,free,0
acc_ee442b68886b,2026-04-20T10:33:15Z,agent,false,(direct),NL,false,mailinator.com,free,0
acc_52094d01456f,2026-04-01T22:15:10Z,agent,false,(direct),DE,false,tempmail.io,free,0
acc_7e17b10a8d34,2026-07-19T16:22:57Z,agent,false,(direct),IE,false,guerrillamail.com,free,0
acc_fa3e88c9bce6,2026-07-08T16:54:30Z,agent,false,(direct),NL,false,tempmail.io,free,0
acc_2aa0b0a13987,2026-07-01T10:45:45Z,agent,false,(direct),US,false,mailinator.com,free,0
acc_4d2a7230c510,2026-06-05T13:46:49Z,agent,false,(direct),DE,false,mailinator.com,free,0
acc_87c295281906,2026-06-12T09:50:30Z,agent,false,(direct),DE,false,tempmail.io,free,0
acc_0cb673df470d,2026-07-27T13:03:04Z,agent,false,(direct),IE,false,guerrillamail.com,free,0
acc_e4ba05bf8dc3,2026-06-02T20:42:51Z,agent,false,(direct),US,false,guerrillamail.com,free,0
acc_005ba0c7bc40,2026-04-06T15:06:44Z,agent,false,(direct),SG,false,guerrillamail.com,free,0
acc_8f43d099774d,2026-05-21T10:12:10Z,agent,false,(direct),SG,false,guerrillamail.com,free,0
acc_93f76316ba74,2026-04-16T15:08:00Z,agent,false,(direct),US,false,mailinator.com,free,0
acc_37be114d10b3,2026-07-03T16:36:08Z,agent,false,(direct),NL,false,mailinator.com,free,0
acc_a661990546b5,2026-02-26T17:59:39Z,agent,false,(direct),DE,false,mailinator.com,free,0
acc_2f9f8f73eaf4,2026-07-28T21:48:39Z,agent,false,(direct),US,false,mailinator.com,free,0
acc_0a8bfd520c88,2026-07-07T00:37:04Z,agent,false,(direct),NL,false,guerrillamail.com,free,0
acc_ba94202d098b,2026-05-31T12:58:21Z,agent,false,(direct),US,false,tempmail.io,free,0
acc_eb4d34a4fa7d,2026-05-14T15:33:44Z,agent,false,(direct),US,false,tempmail.io,free,0
acc_0826bc8f1cfa,2026-06-14T13:34:40Z,agent,false,(direct),DE,false,tempmail.io,free,0
acc_31154294f473,2026-06-14T13:38:33Z,agent,false,(direct),DE,false,mailinator.com,free,0
acc_c890e3d86448,2026-07-06T15:18:07Z,agent,false,(direct),IE,false,mailinator.com,free,0
acc_5d30c2ef9e05,2026-05-04T15:28:59Z,agent,false,(direct),NL,false,guerrillamail.com,free,0
acc_c97016d8e784,2026-02-17T07:12:59Z,agent,false,(direct),IE,false,mailinator.com,free,0
acc_fb4591699341,2026-07-01T16:24:17Z,agent,false,(direct),DE,false,mailinator.com,free,0
acc_c0ce680ce583,2026-06-12T12:09:09Z,agent,false,(direct),US,false,guerrillamail.com,free,0
acc_a051efb69545,2026-06-05T18:59:32Z,agent,false,(direct),DE,false,guerrillamail.com,free,0
acc_de80fe72606e,2026-07-02T20:15:45Z,agent,false,(direct),IE,false,tempmail.io,free,0
acc_2ec95e5bd607,2026-05-24T07:01:35Z,agent,false,(direct),IE,false,guerrillamail.com,free,0
acc_480a1c78e59f,2026-07-14T18:33:33Z,agent,false,(direct),DE,false,mailinator.com,free,0
acc_c73cd55e3f64,2026-05-11T11:28:51Z,agent,false,(direct),NL,false,tempmail.io,free,0
acc_56cfb73611f4,2026-05-13T12:27:58Z,agent,false,(direct),SG,false,tempmail.io,free,0
acc_ed5b346942d7,2026-04-06T19:47:55Z,agent,false,(direct),IE,false,tempmail.io,free,0
acc_6de90cbbb2c2,2026-07-15T08:02:40Z,agent,false,(direct),SG,false,tempmail.io,free,0
acc_3cfb6b3bf3dc,2026-07-12T10:43:37Z,agent,false,(direct),US,false,tempmail.io,free,0
acc_101d752008fa,2026-02-10T07:39:08Z,agent,false,(direct),SG,false,guerrillamail.com,free,0
acc_ee2f2ed3048a,2026-06-15T08:36:17Z,agent,false,(direct),NL,false,guerrillamail.com,free,0
acc_b06371343d7a,2026-07-02T11:19:06Z,agent,false,(direct),DE,false,guerrillamail.com,free,0
acc_57e4901ba548,2026-06-25T13:11:32Z,agent,false,(direct),DE,false,tempmail.io,free,0
acc_0bf28c9ceeee,2026-07-15T16:36:24Z,agent,false,(direct),SG,false,tempmail.io,free,0
acc_9c5b48db0176,2026-05-18T01:41:36Z,agent,false,(direct),DE,false,guerrillamail.com,free,0
acc_36748ed315a9,2026-03-01T13:41:19Z,agent,false,(direct),US,false,tempmail.io,free,0
acc_87aeb1fd79d3,2026-06-13T23:15:44Z,agent,false,(direct),NL,false,guerrillamail.com,free,0
acc_7893f734d5b1,2026-05-30T19:13:51Z,agent,false,(direct),NL,false,guerrillamail.com,free,0
acc_ba3b867858d3,2026-07-15T13:15:04Z,agent,false,(direct),SG,false,guerrillamail.com,free,0
acc_9f2cd2c051b9,2026-05-01T08:29:05Z,agent,false,(direct),US,false,mailinator.com,free,0
acc_64dd8318f9d2,2026-05-24T09:02:30Z,agent,false,(direct),NL,false,tempmail.io,free,0
acc_5d4c6c21af2f,2026-07-14T02:19:31Z,agent,false,(direct),SG,false,guerrillamail.com,free,0
acc_6223b866975c,2026-06-21T08:17:51Z,agent,false,(direct),US,false,mailinator.com,free,0
acc_0eb8389128cb,2026-07-27T17:41:51Z,agent,false,(direct),SG,false,guerrillamail.com,free,0
acc_4f5a8b6aff34,2026-06-15T20:50:20Z,agent,false,(direct),NL,false,tempmail.io,free,0
acc_088b6a069feb,2026-06-29T16:06:02Z,agent,false,(direct),NL,false,tempmail.io,free,0
acc_34b00307d23d,2026-06-01T10:50:57Z,agent,false,(direct),NL,false,guerrillamail.com,free,0
acc_cba571a598b4,2026-04-07T16:12:43Z,agent,false,(direct),IE,false,tempmail.io,free,0
acc_6be14ef00b1b,2026-07-10T22:25:44Z,agent,false,(direct),NL,false,mailinator.com,free,0
acc_d0db608fe219,2026-06-08T16:53:40Z,agent,false,(direct),IE,false,mailinator.com,free,0
acc_27de7373d2e4,2026-07-24T11:47:56Z,agent,false,(direct),DE,false,mailinator.com,free,0
acc_a520088ac2a3,2026-06-29T17:22:27Z,agent,false,(direct),SG,false,guerrillamail.com,free,0
acc_177373f6eaa7,2026-07-01T18:08:24Z,agent,false,(direct),IE,false,guerrillamail.com,free,0
acc_3db472302bb3,2026-05-18T14:32:28Z,agent,false,(direct),US,false,guerrillamail.com,free,0
acc_cb62c3f78374,2026-05-30T17:27:30Z,agent,false,(direct),US,false,mailinator.com,free,0
acc_7031ce89be63,2026-07-01T13:53:07Z,agent,false,(direct),IE,false,mailinator.com,free,0
acc_e47a051b4ee1,2026-06-01T07:50:36Z,agent,false,(direct),US,false,tempmail.io,free,0
acc_06a7d190f271,2026-04-13T23:48:18Z,agent,false,(direct),NL,false,mailinator.com,free,0
acc_ddbc63454845,2026-05-07T15:23:59Z,agent,false,(direct),US,false,guerrillamail.com,free,0
acc_09d4644a2ea6,2026-05-22T23:59:07Z,agent,false,(direct),IE,false,guerrillamail.com,free,0
acc_2de2addce99c,2026-06-04T10:39:54Z,agent,false,(direct),NL,false,mailinator.com,free,0
acc_b1e0f92f4f9e,2026-05-11T05:51:55Z,agent,false,(direct),US,false,mailinator.com,free,0
acc_e0dd2d34ae1b,2026-02-06T09:17:29Z,agent,false,(direct),IE,false,mailinator.com,free,0
acc_e76ac51bcc83,2026-05-13T09:08:25Z,agent,false,(direct),DE,false,mailinator.com,free,0
acc_aa1274015aa1,2026-07-22T00:24:51Z,agent,false,(direct),SG,false,tempmail.io,free,0
acc_c7b7c68acb8b,2026-05-03T20:51:07Z,agent,false,(direct),SG,false,guerrillamail.com,free,0
acc_c9235ac34f58,2026-05-07T17:22:14Z,agent,false,(direct),IE,false,guerrillamail.com,free,0
acc_d373efbde486,2026-07-19T10:29:25Z,agent,false,(direct),SG,false,mailinator.com,free,0
acc_b10ded0420ee,2026-05-07T14:36:19Z,agent,false,(direct),NL,false,tempmail.io,free,0
acc_870984f9db4f,2026-07-12T09:19:33Z,agent,false,(direct),DE,false,tempmail.io,free,0
acc_cb714b680605,2026-05-14T10:52:14Z,agent,false,(direct),US,false,guerrillamail.com,free,0
acc_afdd829e2bd4,2026-04-30T15:51:21Z,agent,false,(direct),IE,false,tempmail.io,free,0
acc_e9b2d2d6118e,2026-05-15T03:35:12Z,agent,false,(direct),NL,false,mailinator.com,free,0
acc_29d1840758d7,2026-07-27T18:08:46Z,agent,false,(direct),US,false,tempmail.io,free,0
acc_d35b9b40be2b,2026-06-02T11:04:54Z,agent,false,(direct),IE,false,mailinator.com,free,0
acc_298421166108,2026-02-08T11:55:08Z,agent,false,(direct),SG,false,tempmail.io,free,0
acc_6d201cd13c6e,2026-03-20T14:15:53Z,agent,false,(direct),SG,false,mailinator.com,free,0
acc_1dfffd590a91,2026-05-26T08:10:32Z,agent,false,(direct),SG,false,guerrillamail.com,free,0
acc_adde934eaf00,2026-07-17T09:59:00Z,agent,false,(direct),US,false,tempmail.io,free,0
acc_6e6bf15ef7cb,2026-05-19T20:10:13Z,agent,false,(direct),DE,false,mailinator.com,free,0
acc_cb234b47c6f3,2026-05-02T14:42:14Z,agent,false,(direct),NL,false,mailinator.com,free,0
acc_59d0f71e3169,2026-05-14T18:08:43Z,agent,false,(direct),DE,false,tempmail.io,free,0
acc_1ccca2ab8ad5,2026-06-10T11:38:21Z,agent,false,(direct),IE,false,mailinator.com,free,0
acc_45a188e571a0,2026-07-22T17:40:05Z,agent,false,(direct),DE,false,tempmail.io,free,0
acc_cb7e486d9bbd,2026-07-30T12:21:15Z,agent,false,(direct),SG,false,tempmail.io,free,0
acc_f92b24cce68e,2026-06-16T08:14:23Z,agent,false,(direct),NL,false,guerrillamail.com,free,0
acc_bcc917615622,2026-04-19T12:33:33Z,agent,false,(direct),US,false,guerrillamail.com,free,0
acc_8576d9ecf670,2026-05-13T06:05:00Z,agent,false,(direct),DE,false,mailinator.com,free,0
acc_caa331265d47,2026-06-15T12:36:50Z,agent,false,(direct),DE,false,tempmail.io,free,0
acc_8079b9de8ebb,2026-06-09T18:47:30Z,agent,false,(direct),NL,false,mailinator.com,free,0
acc_a41bcd0eded1,2026-03-04T12:45:04Z,agent,false,(direct),DE,false,mailinator.com,free,0
acc_45b202a71fa2,2026-05-28T19:15:05Z,agent,false,(direct),NL,false,mailinator.com,free,0
acc_0110b47c2b1f,2026-02-02T14:01:35Z,agent,false,(direct),NL,false,mailinator.com,free,0
acc_a71ef66b6ce6,2026-05-09T18:32:34Z,agent,false,(direct),DE,false,guerrillamail.com,free,0
acc_0b4717a8fdcd,2026-07-05T09:40:37Z,agent,false,(direct),DE,false,mailinator.com,free,0
acc_746f705e8fcd,2026-06-20T09:43:14Z,agent,false,(direct),NL,false,mailinator.com,free,0
acc_26d949c33f62,2026-07-10T06:53:23Z,agent,false,(direct),DE,false,mailinator.com,free,0
acc_2cd802c347b7,2026-06-20T09:37:56Z,agent,false,(direct),SG,false,tempmail.io,free,0
acc_04298be2b340,2026-05-11T15:43:27Z,agent,false,(direct),NL,false,tempmail.io,free,0
acc_99e28d009473,2026-06-06T17:37:39Z,agent,false,(direct),DE,false,tempmail.io,free,0
acc_f969e5e8d85a,2026-06-13T18:14:42Z,agent,false,(direct),SG,false,tempmail.io,free,0
acc_94871efbe3f0,2026-04-12T04:52:23Z,agent,false,(direct),DE,false,guerrillamail.com,free,0
acc_eda55bad68ff,2026-05-28T02:38:19Z,agent,false,(direct),IE,false,guerrillamail.com,free,0
acc_bd70458c4afd,2026-06-15T16:21:50Z,agent,false,(direct),DE,false,tempmail.io,free,0
acc_8469d8afd5be,2026-06-11T15:47:03Z,agent,false,(direct),NL,false,guerrillamail.com,free,0
acc_cb8db3ffb673,2026-05-16T11:48:43Z,agent,false,(direct),SG,false,tempmail.io,free,0
acc_18951ccb405b,2026-05-17T11:31:05Z,agent,false,(direct),NL,false,tempmail.io,free,0
acc_06804970b6f9,2026-05-24T20:50:44Z,agent,false,(direct),SG,false,tempmail.io,free,0
acc_b68c0e0aeee0,2026-05-13T21:56:39Z,agent,false,(direct),IE,false,tempmail.io,free,0
acc_aaaf4e8ff380,2026-05-20T10:22:12Z,agent,false,(direct),NL,false,guerrillamail.com,free,0
acc_10c1ba015b7f,2026-05-21T14:45:33Z,agent,false,(direct),US,false,guerrillamail.com,free,0
acc_dc1a43d1ed90,2026-06-15T11:38:11Z,agent,false,(direct),DE,false,guerrillamail.com,free,0
acc_15d633bbbced,2026-04-29T05:22:44Z,agent,false,(direct),NL,false,guerrillamail.com,free,0
acc_ab1aded828d4,2026-05-10T16:36:15Z,agent,false,(direct),SG,false,mailinator.com,free,0
acc_e2b709690574,2026-05-31T08:59:29Z,agent,false,(direct),SG,false,mailinator.com,free,0
acc_2e28901381f7,2026-07-03T21:56:47Z,agent,false,(direct),IE,false,mailinator.com,free,0
acc_c9e8099bf6a4,2026-06-25T08:06:02Z,agent,false,(direct),DE,false,mailinator.com,free,0
acc_3251592be3ea,2026-06-02T09:20:09Z,agent,false,(direct),IE,false,guerrillamail.com,free,0
acc_fb7623abab5d,2026-06-23T17:09:45Z,agent,false,(direct),US,false,guerrillamail.com,free,0
acc_2ed2493326fd,2026-07-02T11:18:19Z,agent,false,(direct),IE,false,mailinator.com,free,0
acc_c86f062ddc4a,2026-03-25T09:18:22Z,agent,false,(direct),US,false,tempmail.io,free,0
acc_e81bf18b6cca,2026-06-09T19:56:41Z,agent,false,(direct),SG,false,mailinator.com,free,0
acc_b8c9c8ce3193,2026-07-31T01:35:11Z,agent,false,(direct),SG,false,guerrillamail.com,free,0
acc_4abbb4becb84,2026-06-09T10:48:24Z,agent,false,(direct),DE,false,tempmail.io,free,0
acc_01b155d33893,2026-07-04T06:38:46Z,agent,false,(direct),US,false,mailinator.com,free,0
acc_9a9ad2fc0736,2026-07-25T10:11:50Z,agent,false,(direct),US,false,guerrillamail.com,free,0
acc_524786a4a3da,2026-07-13T11:48:05Z,agent,false,(direct),SG,false,guerrillamail.com,free,0
acc_59056ab3acae,2026-07-19T14:53:45Z,agent,false,(direct),DE,false,guerrillamail.com,free,0
acc_08cef154dba8,2026-06-01T14:28:13Z,agent,false,(direct),SG,false,mailinator.com,free,0
acc_881026c8c5ee,2026-06-28T14:00:56Z,agent,false,(direct),IE,false,guerrillamail.com,free,0
acc_cdba7b18b8ff,2026-06-29T08:05:52Z,agent,false,(direct),IE,false,mailinator.com,free,0
acc_6fad8c56bced,2026-07-10T17:32:59Z,agent,false,(direct),DE,false,tempmail.io,free,0
acc_faf80d68c584,2026-07-20T18:04:07Z,agent,false,(direct),SG,false,tempmail.io,free,0
acc_b2067242a9cd,2026-07-16T13:14:18Z,agent,false,(direct),NL,false,tempmail.io,free,0
acc_997c21d1f65e,2026-06-25T09:38:15Z,agent,false,(direct),DE,false,mailinator.com,free,0
acc_912599acfe7b,2026-05-24T19:29:58Z,agent,false,(direct),NL,false,guerrillamail.com,free,0
acc_71b75cbd7701,2026-06-19T02:29:55Z,agent,false,(direct),DE,false,guerrillamail.com,free,0
acc_02333196c5f6,2026-06-27T15:53:45Z,agent,false,(direct),IE,false,tempmail.io,free,0
acc_f2c6a41e0ad9,2026-06-10T18:40:15Z,agent,false,(direct),NL,false,tempmail.io,free,0
acc_80d9afe53b70,2026-07-08T10:45:36Z,agent,false,(direct),IE,false,tempmail.io,free,0
acc_e12f25c17407,2026-06-08T16:35:12Z,agent,false,(direct),NL,false,guerrillamail.com,free,0
acc_c75b277808b1,2026-06-07T09:49:31Z,agent,false,(direct),US,false,mailinator.com,free,0
acc_2d866f61fba5,2026-03-28T13:03:01Z,agent,false,(direct),IE,false,tempmail.io,free,0
acc_51365ca30bec,2026-05-17T19:20:12Z,agent,false,(direct),IE,false,tempmail.io,free,0
acc_dffa7bdd37fc,2026-07-27T16:42:14Z,agent,false,(direct),US,false,guerrillamail.com,free,0
acc_8414b4f32d0a,2026-04-11T15:18:04Z,agent,false,(direct),DE,false,guerrillamail.com,free,0
acc_df6bda8d284f,2026-05-01T13:57:26Z,agent,false,(direct),SG,false,mailinator.com,free,0
acc_2470c53051ba,2026-07-12T17:27:07Z,agent,false,(direct),SG,false,guerrillamail.com,free,0
acc_c5ebfde944fe,2026-04-23T09:46:12Z,agent,false,(direct),NL,false,tempmail.io,free,0
acc_b0b524e0043e,2026-07-20T17:27:22Z,agent,false,(direct),IE,false,guerrillamail.com,free,0
acc_23f159cc7b8f,2026-07-23T08:03:28Z,agent,false,(direct),DE,false,mailinator.com,free,0
acc_8ae6a6e11e0d,2026-07-06T18:47:18Z,agent,false,(direct),IE,false,guerrillamail.com,free,0
acc_2577e9782376,2026-06-29T18:20:33Z,agent,false,(direct),DE,false,tempmail.io,free,0
acc_b035a3b7b634,2026-06-26T14:30:44Z,agent,false,(direct),DE,false,tempmail.io,free,0
acc_c36771109929,2026-05-10T13:52:39Z,agent,false,(direct),US,false,tempmail.io,free,0
acc_f1cc048a28c6,2026-02-09T06:26:00Z,agent,false,(direct),DE,false,guerrillamail.com,free,0
acc_4e11439cd842,2026-05-18T16:57:10Z,agent,false,(direct),US,false,tempmail.io,free,0
acc_2868a68168ed,2026-07-06T18:23:09Z,agent,false,(direct),SG,false,mailinator.com,free,0
acc_7be0792a2af3,2026-02-01T15:52:20Z,agent,false,(direct),DE,false,mailinator.com,free,0
acc_2c1269036dba,2026-06-18T16:54:33Z,agent,false,(direct),SG,false,guerrillamail.com,free,0
acc_7015fbd374d5,2026-03-14T14:02:22Z,agent,false,(direct),US,false,mailinator.com,free,0
acc_8b3660e34144,2026-05-04T10:14:40Z,agent,false,(direct),DE,false,tempmail.io,free,0
acc_e30f2502b7d7,2026-05-18T12:38:09Z,agent,false,(direct),SG,false,guerrillamail.com,free,0
acc_ea566a15638d,2026-05-15T03:24:44Z,agent,false,(direct),SG,false,mailinator.com,free,0
acc_be0f0b636a1e,2026-07-18T15:43:35Z,agent,false,(direct),IE,false,mailinator.com,free,0
acc_d6b0f4add488,2026-07-01T12:06:32Z,agent,false,(direct),NL,false,tempmail.io,free,0
acc_35e8cfcca82c,2026-06-12T17:41:51Z,agent,false,(direct),NL,false,guerrillamail.com,free,0
acc_083f613bb0c5,2026-04-18T07:47:30Z,agent,false,(direct),IE,false,guerrillamail.com,free,0
acc_274e6f117600,2026-07-25T08:23:48Z,agent,false,(direct),NL,false,tempmail.io,free,0
acc_fb68cb3fcd59,2026-06-06T09:10:48Z,agent,false,(direct),US,false,mailinator.com,free,0
acc_19e3bc83c7f2,2026-04-11T10:14:32Z,agent,false,(direct),SG,false,guerrillamail.com,free,0
acc_8cfc6ab15322,2026-07-09T14:02:28Z,agent,false,(direct),SG,false,guerrillamail.com,free,0
acc_d34c9f602830,2026-04-11T21:28:42Z,agent,false,(direct),US,false,mailinator.com,free,0
acc_1c7e88b117f6,2026-06-03T09:54:15Z,agent,false,(direct),NL,false,guerrillamail.com,free,0
acc_a834cc607726,2026-06-09T22:33:29Z,agent,false,(direct),DE,false,tempmail.io,free,0
acc_959ebf4126fb,2026-05-22T08:28:54Z,agent,false,(direct),IE,false,tempmail.io,free,0
acc_64f2a6bfb1f5,2026-07-16T16:59:39Z,agent,false,(direct),US,false,guerrillamail.com,free,0
acc_607bfa254b01,2026-07-09T19:00:01Z,agent,false,(direct),NL,false,guerrillamail.com,free,0
acc_4d6e6ef25828,2026-07-27T05:40:13Z,agent,false,(direct),US,false,mailinator.com,free,0
acc_f4c6674cf454,2026-07-24T08:19:49Z,agent,false,(direct),SG,false,guerrillamail.com,free,0
acc_ffe13907d1a9,2026-06-04T13:05:20Z,agent,false,(direct),US,false,guerrillamail.com,free,0
acc_8b8395a34c2a,2026-07-17T02:37:09Z,agent,false,(direct),US,false,tempmail.io,free,0
acc_5831aefe7f04,2026-06-08T17:09:11Z,agent,false,(direct),NL,false,mailinator.com,free,0
acc_997de1a4939a,2026-05-28T23:20:16Z,agent,false,(direct),SG,false,guerrillamail.com,free,0
acc_4e892334403a,2026-05-20T17:01:18Z,agent,false,(direct),NL,false,guerrillamail.com,free,0
acc_f7b17a10cf33,2026-05-20T09:05:22Z,agent,false,(direct),NL,false,tempmail.io,free,0
acc_fa7c54747bd9,2026-06-09T10:44:50Z,agent,false,(direct),US,false,tempmail.io,free,0
acc_2cd5eeac4184,2026-05-11T10:19:51Z,agent,false,(direct),IE,false,mailinator.com,free,0
acc_3e1b5316f119,2026-06-14T14:19:42Z,agent,false,(direct),SG,false,tempmail.io,free,0
acc_e4685bcbf9f0,2026-06-20T09:13:34Z,agent,false,(direct),DE,false,mailinator.com,free,0
acc_1e20aeccf9fd,2026-06-22T03:04:59Z,agent,false,(direct),DE,false,mailinator.com,free,0
acc_d62adbc6a21a,2026-04-29T10:38:51Z,agent,false,(direct),SG,false,mailinator.com,free,0
acc_7862800b8156,2026-04-27T20:07:30Z,agent,false,(direct),SG,false,guerrillamail.com,free,0
acc_610f8e80cd93,2026-04-28T14:09:58Z,agent,false,(direct),US,false,guerrillamail.com,free,0
acc_2c3c69bf5e67,2026-04-30T15:49:41Z,agent,false,(direct),NL,false,mailinator.com,free,0
acc_ea42acf6bbc5,2026-06-24T09:51:28Z,agent,false,(direct),DE,false,tempmail.io,free,0
acc_2411708bcbe0,2026-05-28T01:54:56Z,agent,false,(direct),SG,false,mailinator.com,free,0
acc_716b4a7a4f70,2026-03-24T12:51:10Z,agent,false,(direct),IE,false,guerrillamail.com,free,0
acc_f4325830d084,2026-05-20T22:27:06Z,agent,false,(direct),IE,false,mailinator.com,free,0
acc_f497c0ae31af,2026-05-14T12:20:00Z,agent,false,(direct),NL,false,guerrillamail.com,free,0
acc_90b7faaff70e,2026-04-25T10:55:14Z,agent,false,(direct),DE,false,tempmail.io,free,0
acc_52da131fb396,2026-05-11T10:32:24Z,agent,false,(direct),IE,false,mailinator.com,free,0
acc_4fdcba49f269,2026-06-16T08:57:43Z,agent,false,(direct),US,false,guerrillamail.com,free,0
acc_cdc979f880ce,2026-06-08T18:39:56Z,agent,false,(direct),NL,false,guerrillamail.com,free,0
acc_a544566f198a,2026-02-22T17:29:31Z,agent,false,(direct),DE,false,guerrillamail.com,free,0
acc_ed4b887f4142,2026-06-28T18:41:07Z,agent,false,(direct),DE,false,guerrillamail.com,free,0
acc_f87fba4b3b16,2026-03-27T12:26:08Z,agent,false,(direct),NL,false,guerrillamail.com,free,0
acc_d6bc30955f90,2026-07-29T09:22:29Z,agent,false,(direct),NL,false,tempmail.io,free,0
acc_e8c700588305,2026-07-04T10:08:18Z,agent,false,(direct),NL,false,guerrillamail.com,free,0
acc_d73b8d46938e,2026-06-01T10:39:33Z,agent,false,(direct),SG,false,guerrillamail.com,free,0
acc_d60d10dade65,2026-06-07T13:12:50Z,agent,false,(direct),US,false,guerrillamail.com,free,0
acc_a07739a55e1b,2026-07-21T14:10:22Z,agent,false,(direct),US,false,guerrillamail.com,free,0
acc_cb8647686cd8,2026-03-01T07:56:28Z,agent,false,(direct),IE,false,guerrillamail.com,free,0
acc_e488f33776d1,2026-05-27T14:29:01Z,agent,false,(direct),IE,false,mailinator.com,free,0
acc_ef86391e17ce,2026-04-12T15:00:43Z,agent,false,(direct),US,false,guerrillamail.com,free,0
acc_6aae809f96c5,2026-02-23T23:22:58Z,agent,false,(direct),DE,false,tempmail.io,free,0
acc_c0df986b9cc5,2026-05-03T19:57:22Z,agent,false,(direct),DE,false,tempmail.io,free,0
acc_812a0bf11dee,2026-07-20T02:14:41Z,agent,false,(direct),US,false,mailinator.com,free,0
acc_737d9f9155ec,2026-06-01T15:16:54Z,agent,false,(direct),IE,false,tempmail.io,free,0
acc_502bd7aa14b7,2026-06-10T15:43:15Z,agent,false,(direct),SG,false,tempmail.io,free,0
acc_e74b57b2313c,2026-05-08T17:31:37Z,agent,false,(direct),IE,false,tempmail.io,free,0
acc_6200bcc7efa8,2026-05-15T10:04:22Z,agent,false,(direct),NL,false,tempmail.io,free,0
acc_7d051dc0784a,2026-03-04T07:34:58Z,agent,false,(direct),SG,false,tempmail.io,free,0
acc_45b48742ab67,2026-06-23T00:10:15Z,agent,false,(direct),NL,false,mailinator.com,free,0
acc_59e21de93ef3,2026-07-17T09:26:43Z,agent,false,(direct),SG,false,tempmail.io,free,0
acc_1e9e647ee094,2026-05-22T16:44:49Z,agent,false,(direct),US,false,tempmail.io,free,0
acc_cda20caeb756,2026-06-06T19:25:51Z,agent,false,(direct),IE,false,guerrillamail.com,free,0
acc_1a03e352573d,2026-04-12T17:03:12Z,agent,false,(direct),DE,false,tempmail.io,free,0
acc_044c93ae6dfc,2026-05-23T13:26:26Z,agent,false,(direct),NL,false,mailinator.com,free,0
acc_ab8be45780fd,2026-07-08T13:51:36Z,agent,false,(direct),SG,false,mailinator.com,free,0
acc_9b1ed4aca0c9,2026-04-04T14:58:42Z,agent,false,(direct),US,false,tempmail.io,free,0
acc_9386265c9f6c,2026-03-31T09:31:41Z,agent,false,(direct),US,false,guerrillamail.com,free,0
acc_ca82392ffdb7,2026-06-28T10:09:19Z,agent,false,(direct),US,false,mailinator.com,free,0
acc_8da880183d7a,2026-06-29T09:23:47Z,agent,false,(direct),DE,false,mailinator.com,free,0
acc_ab39b3cfd3b6,2026-06-27T17:31:08Z,agent,false,(direct),SG,false,tempmail.io,free,0
acc_7016ee464004,2026-02-14T17:38:35Z,agent,false,(direct),NL,false,mailinator.com,free,0
acc_567ce9e73f26,2026-04-03T23:18:29Z,agent,false,(direct),DE,false,tempmail.io,free,0
acc_e5bcae7c1796,2026-07-23T09:01:32Z,agent,false,(direct),IE,false,tempmail.io,free,0
acc_91358dd6feea,2026-02-01T10:24:21Z,agent,false,(direct),DE,false,guerrillamail.com,free,0
acc_3058b5fbfee2,2026-03-15T09:05:39Z,agent,false,(direct),IE,false,guerrillamail.com,free,0
acc_dfabe5e15893,2026-05-20T15:19:26Z,agent,false,(direct),IE,false,guerrillamail.com,free,0
acc_2a85fd70b05a,2026-05-24T14:25:56Z,agent,false,(direct),NL,false,guerrillamail.com,free,0
acc_3d6057c0ef34,2026-06-09T09:04:52Z,agent,false,(direct),NL,false,guerrillamail.com,free,0
acc_c230008aeaea,2026-06-22T10:01:09Z,agent,false,(direct),DE,false,guerrillamail.com,free,0
acc_5c3e68f7ecd2,2026-07-19T17:19:39Z,agent,false,(direct),SG,false,guerrillamail.com,free,0
acc_be43c5922290,2026-02-03T20:19:28Z,agent,false,(direct),DE,false,guerrillamail.com,free,0
acc_9aad21f7df9a,2026-05-19T15:35:11Z,agent,false,(direct),US,false,guerrillamail.com,free,0
acc_e7f36e5ff4a3,2026-06-25T19:42:19Z,agent,false,(direct),IE,false,mailinator.com,free,0
acc_79d5395858b4,2026-05-10T19:04:25Z,agent,false,(direct),NL,false,guerrillamail.com,free,0
acc_b0f1119b2051,2026-06-24T18:12:31Z,agent,false,(direct),SG,false,tempmail.io,free,0
acc_117ce8a468b4,2026-05-22T23:41:11Z,agent,false,(direct),IE,false,guerrillamail.com,free,0
acc_e08ddaa601c6,2026-06-24T00:51:35Z,agent,false,(direct),IE,false,guerrillamail.com,free,0
acc_72437f81f0c7,2026-05-14T09:15:49Z,agent,false,(direct),NL,false,mailinator.com,free,0
acc_d04effddddf6,2026-07-26T20:20:01Z,agent,false,(direct),IE,false,guerrillamail.com,free,0
acc_f5e03b1037b2,2026-07-21T15:15:52Z,agent,false,(direct),DE,false,mailinator.com,free,0
acc_2f49da57c7c3,2026-04-29T18:21:29Z,agent,false,(direct),US,false,mailinator.com,free,0
acc_41f093ee6a38,2026-03-29T10:19:23Z,agent,false,(direct),SG,false,guerrillamail.com,free,0
acc_a3685d93382a,2026-05-31T09:35:32Z,agent,false,(direct),NL,false,mailinator.com,free,0
acc_f39b89579f7c,2026-06-28T17:55:43Z,agent,false,(direct),NL,false,mailinator.com,free,0
acc_adc52f349dde,2026-05-21T11:47:04Z,agent,false,(direct),US,false,mailinator.com,free,0
acc_5043b5e51b53,2026-05-29T14:58:51Z,agent,false,(direct),NL,false,guerrillamail.com,free,0
acc_e132d785dbc5,2026-04-19T09:04:56Z,agent,false,(direct),DE,false,mailinator.com,free,0
acc_a3bd1d954cd5,2026-06-14T15:34:00Z,agent,false,(direct),DE,false,mailinator.com,free,0
acc_27d43f2a5622,2026-02-07T20:49:25Z,agent,false,(direct),IE,false,mailinator.com,free,0
acc_a8ce2f6b7a82,2026-07-06T07:27:17Z,agent,false,(direct),SG,false,tempmail.io,free,0
acc_11029d79afc8,2026-06-03T11:47:46Z,agent,false,(direct),IE,false,mailinator.com,free,0
acc_412af88db788,2026-06-02T10:30:37Z,agent,false,(direct),NL,false,guerrillamail.com,free,0
acc_5c0d59f8919a,2026-03-01T10:21:03Z,agent,false,(direct),NL,false,tempmail.io,free,0
acc_d8afae135364,2026-04-05T12:55:15Z,agent,false,(direct),SG,false,tempmail.io,free,0
acc_0bb01f5afc75,2026-07-02T14:32:17Z,agent,false,(direct),SG,false,tempmail.io,free,0
acc_e35ce2c2da13,2026-06-24T20:51:40Z,agent,false,(direct),SG,false,guerrillamail.com,free,0
acc_26809ac2fde0,2026-06-08T17:53:21Z,agent,false,(direct),DE,false,mailinator.com,free,0
acc_ebd1df112191,2026-06-20T16:36:55Z,agent,false,(direct),SG,false,mailinator.com,free,0
acc_a19e3bf9ca09,2026-05-20T21:20:24Z,agent,false,(direct),SG,false,guerrillamail.com,free,0
acc_f74acdc67aec,2026-07-04T11:12:07Z,agent,false,(direct),SG,false,guerrillamail.com,free,0
acc_4cf3c63898c4,2026-05-06T01:29:21Z,agent,false,(direct),IE,false,tempmail.io,free,0
acc_4c12e63c70b9,2026-07-09T09:09:42Z,agent,false,(direct),SG,false,guerrillamail.com,free,0
acc_28182a42bbd3,2026-03-05T10:00:16Z,agent,false,(direct),US,false,mailinator.com,free,0
acc_303388b90ebd,2026-06-14T23:53:12Z,agent,false,(direct),SG,false,mailinator.com,free,0
acc_bb210bcd5733,2026-02-06T09:24:07Z,agent,false,(direct),IE,false,mailinator.com,free,0
acc_4f19837ee33b,2026-05-11T08:56:00Z,agent,false,(direct),US,false,guerrillamail.com,free,0
acc_a5a91e10d8dd,2026-05-21T09:40:01Z,agent,false,(direct),IE,false,tempmail.io,free,0
acc_c198b6d50ae1,2026-06-26T21:06:51Z,agent,false,(direct),US,false,guerrillamail.com,free,0
acc_81be5e1d1769,2026-07-31T18:41:29Z,agent,false,(direct),SG,false,guerrillamail.com,free,0
acc_a7ddb10b82ab,2026-06-22T06:50:22Z,agent,false,(direct),US,false,tempmail.io,free,0
acc_18c8e82f4da5,2026-04-19T13:35:48Z,agent,false,(direct),SG,false,tempmail.io,free,0
acc_df89fdecccd3,2026-07-20T12:27:40Z,agent,false,(direct),IE,false,tempmail.io,free,0
acc_c127c6c77be6,2026-07-17T12:36:14Z,agent,false,(direct),IE,false,mailinator.com,free,0
acc_87d3bd28ce36,2026-07-02T09:19:59Z,agent,false,(direct),SG,false,tempmail.io,free,0
acc_eab2e09b4ce8,2026-05-10T11:39:47Z,agent,false,(direct),IE,false,mailinator.com,free,0
acc_2d4f3ff2d428,2026-06-23T17:52:31Z,agent,false,(direct),IE,false,tempmail.io,free,0
acc_559014b6dc25,2026-07-12T14:55:39Z,agent,false,(direct),US,false,guerrillamail.com,free,0
acc_84679424cd15,2026-05-06T09:20:41Z,agent,false,(direct),NL,false,mailinator.com,free,0
acc_482ba06a22f7,2026-06-11T19:08:55Z,agent,false,(direct),NL,false,mailinator.com,free,0
acc_bfacf04ccc0d,2026-07-20T09:44:34Z,agent,false,(direct),NL,false,mailinator.com,free,0
acc_23b505280806,2026-07-26T23:58:38Z,agent,false,(direct),NL,false,mailinator.com,free,0
acc_7f993594ddfa,2026-02-19T18:14:53Z,agent,false,(direct),SG,false,mailinator.com,free,0
acc_7ef599be29ea,2026-06-22T15:22:44Z,agent,false,(direct),SG,false,mailinator.com,free,0
acc_276f485da3f6,2026-05-10T02:18:09Z,agent,false,(direct),IE,false,mailinator.com,free,0
acc_f6a33554541d,2026-07-28T16:07:39Z,agent,false,(direct),SG,false,tempmail.io,free,0
acc_6bc307566007,2026-07-19T13:33:54Z,agent,false,(direct),IE,false,guerrillamail.com,free,0
acc_fb194dbae77b,2026-06-16T08:54:46Z,agent,false,(direct),IE,false,tempmail.io,free,0
acc_c224fb7ce98a,2026-07-20T11:12:52Z,agent,false,(direct),SG,false,mailinator.com,free,0
acc_a059ac5cdd46,2026-05-10T15:15:59Z,agent,false,(direct),DE,false,guerrillamail.com,free,0
acc_02c2c20cc7a3,2026-04-02T13:48:53Z,agent,false,(direct),DE,false,tempmail.io,free,0
acc_726eb41bce69,2026-02-11T16:49:34Z,agent,false,(direct),US,false,guerrillamail.com,free,0
acc_fa0bdd23cf25,2026-07-28T12:18:40Z,agent,false,(direct),NL,false,guerrillamail.com,free,0
acc_ae37672bd573,2026-07-26T15:27:22Z,agent,false,(direct),DE,false,mailinator.com,free,0
acc_3475b68dcbf2,2026-02-17T20:29:59Z,agent,false,(direct),DE,false,mailinator.com,free,0
acc_a6e47a4ec961,2026-05-13T14:07:09Z,agent,false,(direct),NL,false,guerrillamail.com,free,0
acc_df86b4a11e6b,2026-05-06T10:09:57Z,agent,false,(direct),DE,false,guerrillamail.com,free,0
acc_53c01fd32807,2026-04-30T11:55:32Z,agent,false,(direct),DE,false,tempmail.io,free,0
acc_7220e7bca06a,2026-07-14T12:29:17Z,agent,false,(direct),SG,false,mailinator.com,free,0
acc_ffe8613c3b02,2026-03-12T10:54:03Z,agent,false,(direct),US,false,tempmail.io,free,0
acc_39fc01052174,2026-05-03T18:35:10Z,agent,false,(direct),NL,false,tempmail.io,free,0
acc_ea85bfc330ba,2026-07-14T03:06:37Z,agent,false,(direct),SG,false,guerrillamail.com,free,0
acc_ff81daceffe3,2026-06-03T13:03:23Z,agent,false,(direct),DE,false,guerrillamail.com,free,0
acc_d23e55d4e2be,2026-06-17T10:00:08Z,agent,false,(direct),NL,false,mailinator.com,free,0
acc_536b19b2edfa,2026-07-31T14:32:34Z,agent,false,(direct),DE,false,mailinator.com,free,0
acc_67162e6e3225,2026-06-06T09:29:59Z,agent,false,(direct),NL,false,guerrillamail.com,free,0
acc_6f346f143191,2026-06-19T14:49:26Z,agent,false,(direct),NL,false,mailinator.com,free,0
acc_23d694af2a0e,2026-07-02T10:37:58Z,agent,false,(direct),IE,false,guerrillamail.com,free,0
acc_d0915fc16765,2026-03-22T09:15:45Z,agent,false,(direct),DE,false,tempmail.io,free,0
acc_ee1b24ed9778,2026-03-02T15:01:08Z,agent,false,(direct),US,false,mailinator.com,free,0
acc_1b43da1a1294,2026-07-09T15:08:11Z,agent,false,(direct),SG,false,tempmail.io,free,0
acc_3dcbc0169b8a,2026-05-31T18:49:44Z,agent,false,(direct),NL,false,mailinator.com,free,0
acc_59d699d17804,2026-06-14T09:09:37Z,agent,false,(direct),NL,false,mailinator.com,free,0
acc_2b53285cd403,2026-05-04T14:56:26Z,agent,false,(direct),SG,false,tempmail.io,free,0
acc_1b9ea312fe29,2026-06-18T16:26:01Z,agent,false,(direct),DE,false,tempmail.io,free,0
acc_1ba0c69c25c6,2026-05-21T21:40:26Z,agent,false,(direct),DE,false,tempmail.io,free,0
acc_97397aeced10,2026-02-27T18:16:11Z,agent,false,(direct),NL,false,guerrillamail.com,free,0
acc_ee23cd516e66,2026-05-23T01:11:44Z,agent,false,(direct),NL,false,guerrillamail.com,free,0
acc_27d78a2f02a5,2026-05-09T18:25:34Z,agent,false,(direct),NL,false,mailinator.com,free,0
acc_00aea1079ee5,2026-07-17T20:06:07Z,agent,false,(direct),NL,false,mailinator.com,free,0
acc_3fc0c868b715,2026-05-09T18:47:09Z,agent,false,(direct),DE,false,mailinator.com,free,0
acc_ec10545bf88a,2026-07-03T18:41:22Z,agent,false,(direct),NL,false,guerrillamail.com,free,0
acc_75d6a5e76930,2026-05-20T10:54:49Z,agent,false,(direct),US,false,tempmail.io,free,0
acc_f13cc68dc380,2026-05-08T22:08:38Z,agent,false,(direct),NL,false,guerrillamail.com,free,0
acc_1dd5c4900640,2026-05-13T16:36:12Z,agent,false,(direct),DE,false,mailinator.com,free,0
acc_3291dadfb8dc,2026-06-12T15:49:26Z,agent,false,(direct),NL,false,mailinator.com,free,0
acc_11408c594c6e,2026-06-04T07:45:15Z,agent,false,(direct),DE,false,tempmail.io,free,0
acc_81aadc4d2670,2026-07-21T05:09:53Z,agent,false,(direct),DE,false,tempmail.io,free,0
acc_b7b4ecb367e7,2026-07-05T11:10:25Z,agent,false,(direct),DE,false,tempmail.io,free,0
acc_b23f0900de8e,2026-05-10T12:44:51Z,agent,false,(direct),IE,false,tempmail.io,free,0
acc_7369a74e6a6c,2026-03-01T08:35:15Z,agent,false,(direct),NL,false,tempmail.io,free,0
acc_938af95314e7,2026-07-03T20:37:39Z,agent,false,(direct),IE,false,mailinator.com,free,0
acc_9b335b52605a,2026-04-16T08:55:52Z,agent,false,(direct),DE,false,guerrillamail.com,free,0
acc_fe9ec78e5afd,2026-06-01T10:43:35Z,agent,false,(direct),SG,false,mailinator.com,free,0
acc_2340e8018a51,2026-06-12T11:28:50Z,agent,false,(direct),SG,false,tempmail.io,free,0
acc_8f318f6fb0d7,2026-06-03T11:56:45Z,agent,false,(direct),US,false,tempmail.io,free,0
acc_9f0d6b0d2a7e,2026-03-01T14:03:12Z,agent,false,(direct),IE,false,tempmail.io,free,0
acc_d6e64fef8e43,2026-07-19T20:58:10Z,agent,false,(direct),IE,false,mailinator.com,free,0
acc_c26de748734c,2026-07-28T15:24:58Z,agent,false,(direct),NL,false,tempmail.io,free,0
acc_b9be595302a3,2026-07-20T12:35:28Z,agent,false,(direct),IE,false,guerrillamail.com,free,0
acc_4b47d1b4527b,2026-05-19T18:47:20Z,agent,false,(direct),IE,false,mailinator.com,free,0
acc_6a3cbfe817d4,2026-04-14T19:55:16Z,agent,false,(direct),DE,false,mailinator.com,free,0
acc_baba26c3fd70,2026-03-10T00:25:33Z,agent,false,(direct),DE,false,tempmail.io,free,0
acc_82c6d04ca46a,2026-07-12T18:46:58Z,agent,false,(direct),SG,false,mailinator.com,free,0
acc_0023cadef382,2026-05-24T15:41:38Z,agent,false,(direct),SG,false,mailinator.com,free,0
acc_26a072897822,2026-07-02T15:14:22Z,agent,false,(direct),NL,false,mailinator.com,free,0
acc_5fd12491e360,2026-07-23T14:43:32Z,agent,false,(direct),NL,false,guerrillamail.com,free,0
acc_6fcd23071170,2026-04-04T07:11:03Z,agent,false,(direct),IE,false,guerrillamail.com,free,0
acc_9d09e9f6ddc3,2026-03-08T19:01:13Z,agent,false,(direct),US,false,tempmail.io,free,0
acc_79584aa1b133,2026-07-21T17:17:31Z,agent,false,(direct),US,false,mailinator.com,free,0
acc_a20309143409,2026-07-16T14:50:50Z,agent,false,(direct),DE,false,guerrillamail.com,free,0
acc_2b1a51d7e7b1,2026-07-01T10:53:37Z,agent,false,(direct),NL,false,tempmail.io,free,0
acc_5df63e799c95,2026-07-17T19:35:22Z,agent,false,(direct),NL,false,tempmail.io,free,0
acc_fc4a9ffcb395,2026-07-27T10:54:27Z,agent,false,(direct),SG,false,guerrillamail.com,free,0
acc_d66f9426a273,2026-02-14T15:48:03Z,agent,false,(direct),SG,false,mailinator.com,free,0
acc_43bddcb2c70d,2026-06-22T13:50:14Z,agent,false,(direct),US,false,guerrillamail.com,free,0
